[19:03:15] [main/INFO]: Extra: []
[19:03:15] [main/INFO]: Found and added coremod: galaxyspace.core.hooks.GSHooksLoader
[19:03:15] [main/INFO]: Found and added coremod: gregtech.asm.GT_ASM
[19:03:15] [main/INFO]: Found and added coremod: micdoodle8.mods.miccore.MicdoodlePlugin
[19:03:15] [main/INFO]: Found and added coremod: com.mod.htgt6.asm.HTGT6LoadingPlugin
[19:03:15] [main/INFO]: Running with arguments: [--userProperties, {}, --assetsDir, C:/Users/brawl/.gradle/caches/minecraft/assets, --assetIndex, 1.7.10, --accessToken, {REDACTED}, --version, 1.7.10, --tweakClass, cpw.mods.fml.common.launcher.FMLTweaker, --tweakClass, net.minecraftforge.gradle.tweakers.CoremodTweaker]
[19:03:15] [main/INFO]: Loading tweak class name cpw.mods.fml.common.launcher.FMLTweaker
[19:03:15] [main/INFO]: Using primary tweak class name cpw.mods.fml.common.launcher.FMLTweaker
[19:03:15] [main/INFO]: Loading tweak class name net.minecraftforge.gradle.tweakers.CoremodTweaker
[19:03:15] [main/INFO]: Calling tweak class cpw.mods.fml.common.launcher.FMLTweaker
[19:03:15] [main/INFO]: Forge Mod Loader version 7.99.40.1614 for Minecraft 1.7.10 loading
[19:03:15] [main/INFO]: Java is OpenJDK 64-Bit Server VM, version 1.8.0_452, running on Windows 11:amd64:10.0, installed at C:\Users\brawl\.jdks\liberica-full-1.8.0_452\jre
[19:03:15] [main/INFO]: Managed to load a deobfuscated Minecraft name- we are in a deobfuscated environment. Skipping runtime deobfuscation
[19:03:15] [main/INFO]: Found a command line coremod : galaxyspace.core.hooks.GSHooksLoader
[19:03:15] [main/INFO]: [HOOKLIB]  Obfuscated: false
[19:03:15] [main/WARN]: The coremod galaxyspace.core.hooks.GSHooksLoader does not have a MCVersion annotation, it may cause issues with this version of Minecraft
[19:03:15] [main/INFO]: Found a command line coremod : micdoodle8.mods.miccore.MicdoodlePlugin
[19:03:15] [main/WARN]: The coremod micdoodle8.mods.miccore.MicdoodlePlugin does not have a MCVersion annotation, it may cause issues with this version of Minecraft
[19:03:15] [main/INFO]: [micdoodle8.mods.miccore.DepLoader$DepLoadInst:<init>:333]: MicdoodleCore searching for dependencies in mods file: C:\Users\brawl\Desktop\mods\HTGT-6\run\.\mods
[19:03:15] [main/INFO]: Found a command line coremod : com.mod.htgt6.asm.HTGT6LoadingPlugin
[19:03:15] [main/INFO]: Found a command line coremod : gregtech.asm.GT_ASM
[19:03:15] [main/INFO]: Loading tweaker org.spongepowered.asm.launch.MixinTweaker from +unimixins-all-1.7.10-0.1.23.jar
[19:03:16] [main/WARN]: The coremod cofh.asm.LoadingPlugin does not have a MCVersion annotation, it may cause issues with this version of Minecraft
[19:03:16] [main/INFO]: Calling tweak class net.minecraftforge.gradle.tweakers.CoremodTweaker
[19:03:16] [main/INFO]: Injecting location in coremod cpw.mods.fml.relauncher.FMLCorePlugin
[19:03:16] [main/INFO]: Injecting location in coremod net.minecraftforge.classloading.FMLForgePlugin
[19:03:16] [main/INFO]: Injecting location in coremod codechicken.core.asm.MCPDeobfuscationTransformer.LoadPlugin
[19:03:16] [main/INFO]: Injecting location in coremod galaxyspace.core.hooks.GSHooksLoader
[19:03:16] [main/INFO]: Injecting location in coremod micdoodle8.mods.miccore.MicdoodlePlugin
[19:03:16] [main/INFO]: Injecting location in coremod com.mod.htgt6.asm.HTGT6LoadingPlugin
[19:03:16] [main/INFO]: Injecting location in coremod gregtech.asm.GT_ASM
[19:03:16] [main/INFO]: Injecting location in coremod codechicken.core.launch.CodeChickenCorePlugin
[19:03:16] [main/INFO]: Injecting location in coremod cofh.asm.LoadingPlugin
[19:03:16] [main/INFO]: Injecting location in coremod com.enderio.core.common.transform.EnderCorePlugin
[19:03:16] [main/INFO]: Injecting location in coremod codechicken.nei.asm.NEICorePlugin
[19:03:16] [main/INFO]: Loading tweak class name cpw.mods.fml.common.launcher.FMLInjectionAndSortingTweaker
[19:03:16] [main/INFO]: Loading tweak class name org.spongepowered.asm.launch.MixinTweaker
[19:03:16] [main/INFO]: SpongePowered MIXIN Subsystem Version=0.8.7 Source=file:/C:/Users/brawl/Desktop/mods/HTGT-6/run/mods/+unimixins-all-1.7.10-0.1.23.jar Service=LaunchWrapper Env=CLIENT
[19:03:16] [main/DEBUG]: Instantiating coremod class AllCore
[19:03:16] [main/INFO]: MixinBootstrap Initializing...
[19:03:17] [main/INFO]: Compatibility level set to JAVA_8
[19:03:17] [main/INFO]: Initializing GasStationCore
[19:03:17] [main/DEBUG]: The coremod io.github.legacymoddingmc.unimixins.all.AllCore requested minecraft version 1.7.10 and minecraft is 1.7.10. It will be loaded.
[19:03:17] [main/INFO]: Instantiating AllCore
[19:03:17] [main/INFO]: Instantiating CompatCore
[19:03:17] [main/INFO]: Instantiating MixinExtrasCore
[19:03:17] [main/DEBUG]: Added access transformer class io.github.legacymoddingmc.unimixins.all.AllCore$CombinedAccessTransformer to enqueued access transformers
[19:03:17] [main/DEBUG]: Enqueued coremod AllCore
[19:03:17] [main/INFO]: Loading tweak class name cpw.mods.fml.common.launcher.FMLDeobfTweaker
[19:03:17] [main/INFO]: Loading tweak class name net.minecraftforge.gradle.tweakers.AccessTransformerTweaker
[19:03:17] [main/INFO]: Calling tweak class cpw.mods.fml.common.launcher.FMLInjectionAndSortingTweaker
[19:03:17] [main/INFO]: Calling tweak class cpw.mods.fml.common.launcher.FMLInjectionAndSortingTweaker
[19:03:17] [main/INFO]: Calling tweak class cpw.mods.fml.relauncher.CoreModManager$FMLPluginWrapper
[19:03:17] [main/DEBUG]: Injecting coremod FMLCorePlugin {cpw.mods.fml.relauncher.FMLCorePlugin} class transformers
[19:03:17] [main/TRACE]: Registering transformer cpw.mods.fml.common.asm.transformers.MarkerTransformer
[19:03:17] [main/TRACE]: Registering transformer cpw.mods.fml.common.asm.transformers.SideTransformer
[19:03:17] [main/TRACE]: Registering transformer cpw.mods.fml.common.asm.transformers.EventSubscriptionTransformer
[19:03:17] [main/DEBUG]: Injection complete
[19:03:17] [main/DEBUG]: Running coremod plugin for FMLCorePlugin {cpw.mods.fml.relauncher.FMLCorePlugin}
[19:03:17] [main/DEBUG]: Running coremod plugin FMLCorePlugin
[19:03:17] [main/ERROR]: The binary patch set is missing. Either you are in a development environment, or things are not going to work!
[19:03:17] [main/ERROR]: FML appears to be missing any signature data. This is not a good thing
[19:03:17] [main/DEBUG]: Coremod plugin class FMLCorePlugin run successfully
[19:03:17] [main/INFO]: Calling tweak class cpw.mods.fml.relauncher.CoreModManager$FMLPluginWrapper
[19:03:17] [main/DEBUG]: Injecting coremod FMLForgePlugin {net.minecraftforge.classloading.FMLForgePlugin} class transformers
[19:03:17] [main/TRACE]: Registering transformer net.minecraftforge.classloading.FluidIdTransformer
[19:03:17] [main/DEBUG]: Injection complete
[19:03:17] [main/DEBUG]: Running coremod plugin for FMLForgePlugin {net.minecraftforge.classloading.FMLForgePlugin}
[19:03:17] [main/DEBUG]: Running coremod plugin FMLForgePlugin
[19:03:17] [main/DEBUG]: Coremod plugin class FMLForgePlugin run successfully
[19:03:17] [main/INFO]: Calling tweak class cpw.mods.fml.relauncher.CoreModManager$FMLPluginWrapper
[19:03:17] [main/DEBUG]: Injecting coremod CCCDeobfPlugin {codechicken.core.asm.MCPDeobfuscationTransformer$LoadPlugin} class transformers
[19:03:17] [main/DEBUG]: Injection complete
[19:03:17] [main/DEBUG]: Running coremod plugin for CCCDeobfPlugin {codechicken.core.asm.MCPDeobfuscationTransformer$LoadPlugin}
[19:03:17] [main/DEBUG]: Running coremod plugin CCCDeobfPlugin
[19:03:17] [main/DEBUG]: Coremod plugin class LoadPlugin run successfully
[19:03:17] [main/INFO]: Calling tweak class cpw.mods.fml.relauncher.CoreModManager$FMLPluginWrapper
[19:03:17] [main/DEBUG]: Injecting coremod GSHooksLoader {galaxyspace.core.hooks.GSHooksLoader} class transformers
[19:03:17] [main/TRACE]: Registering transformer galaxyspace.core.hooklib.minecraft.PrimaryClassTransformer
[19:03:17] [main/INFO]: [galaxyspace.core.hooklib.asm.HookLogger$SystemOutLogger:debug:20]: [DEBUG] Parsing hooks container galaxyspace.core.hooklib.minecraft.SecondaryTransformerHook
[19:03:17] [main/DEBUG]: Injection complete
[19:03:17] [main/DEBUG]: Running coremod plugin for GSHooksLoader {galaxyspace.core.hooks.GSHooksLoader}
[19:03:17] [main/DEBUG]: Running coremod plugin GSHooksLoader
[19:03:17] [main/INFO]: [galaxyspace.core.hooklib.asm.HookLogger$SystemOutLogger:debug:20]: [DEBUG] Parsing hooks container galaxyspace.core.hooks.GSHooksManager
[19:03:17] [main/DEBUG]: Coremod plugin class GSHooksLoader run successfully
[19:03:17] [main/INFO]: Calling tweak class cpw.mods.fml.relauncher.CoreModManager$FMLPluginWrapper
[19:03:17] [main/DEBUG]: Injecting coremod MicdoodlePlugin {micdoodle8.mods.miccore.MicdoodlePlugin} class transformers
[19:03:17] [main/INFO]: [micdoodle8.mods.miccore.MicdoodlePlugin:getASMTransformerClass:102]: Successfully Registered Transformer
[19:03:17] [main/TRACE]: Registering transformer micdoodle8.mods.miccore.MicdoodleTransformer
[19:03:17] [main/DEBUG]: Injection complete
[19:03:17] [main/DEBUG]: Running coremod plugin for MicdoodlePlugin {micdoodle8.mods.miccore.MicdoodlePlugin}
[19:03:17] [main/DEBUG]: Running coremod plugin MicdoodlePlugin
[19:03:17] [main/INFO]: [micdoodle8.mods.miccore.MicdoodlePlugin:injectData:295]: [Micdoodle8Core]: Patching game...
[19:03:17] [main/INFO]: [micdoodle8.mods.miccore.MicdoodlePlugin:injectData:295]: [Micdoodle8Core]: Patching game...
[19:03:17] [main/DEBUG]: Coremod plugin class MicdoodlePlugin run successfully
[19:03:17] [main/INFO]: Calling tweak class cpw.mods.fml.relauncher.CoreModManager$FMLPluginWrapper
[19:03:17] [main/DEBUG]: Injecting coremod HTGT6BiomeASM {com.mod.htgt6.asm.HTGT6LoadingPlugin} class transformers
[19:03:17] [main/TRACE]: Registering transformer com.mod.htgt6.asm.HTGT6Transformer
[19:03:17] [main/DEBUG]: Injection complete
[19:03:17] [main/DEBUG]: Running coremod plugin for HTGT6BiomeASM {com.mod.htgt6.asm.HTGT6LoadingPlugin}
[19:03:17] [main/DEBUG]: Running coremod plugin HTGT6BiomeASM
[19:03:17] [main/INFO]: [com.mod.htgt6.asm.HTGT6Config:load:33]: [HTGT6 ASM] enableBiomePatches=false
[19:03:17] [main/DEBUG]: Coremod plugin class HTGT6LoadingPlugin run successfully
[19:03:17] [main/INFO]: Calling tweak class cpw.mods.fml.relauncher.CoreModManager$FMLPluginWrapper
[19:03:17] [main/DEBUG]: Injecting coremod CodeChickenCorePlugin {codechicken.core.launch.CodeChickenCorePlugin} class transformers
[19:03:17] [main/TRACE]: Registering transformer codechicken.lib.asm.ClassHeirachyManager
[19:03:17] [main/TRACE]: Registering transformer codechicken.core.asm.TweakTransformer
[19:03:17] [main/TRACE]: Registering transformer codechicken.core.asm.DelegatedTransformer
[19:03:17] [main/TRACE]: Registering transformer codechicken.core.asm.DefaultImplementationTransformer
[19:03:17] [main/TRACE]: Registering transformer codechicken.lib.asm.RedirectorTransformer
[19:03:17] [main/DEBUG]: Injection complete
[19:03:17] [main/DEBUG]: Running coremod plugin for CodeChickenCorePlugin {codechicken.core.launch.CodeChickenCorePlugin}
[19:03:17] [main/DEBUG]: Running coremod plugin CodeChickenCorePlugin
[19:03:17] [main/DEBUG]: Coremod plugin class CodeChickenCorePlugin run successfully
[19:03:17] [main/INFO]: Calling tweak class cpw.mods.fml.relauncher.CoreModManager$FMLPluginWrapper
[19:03:17] [main/DEBUG]: Injecting coremod NEICorePlugin {codechicken.nei.asm.NEICorePlugin} class transformers
[19:03:17] [main/TRACE]: Registering transformer codechicken.nei.asm.NEITransformer
[19:03:17] [main/DEBUG]: Injection complete
[19:03:17] [main/DEBUG]: Running coremod plugin for NEICorePlugin {codechicken.nei.asm.NEICorePlugin}
[19:03:17] [main/DEBUG]: Running coremod plugin NEICorePlugin
[19:03:17] [main/DEBUG]: Coremod plugin class NEICorePlugin run successfully
[19:03:17] [main/INFO]: Calling tweak class org.spongepowered.asm.launch.MixinTweaker
[19:03:17] [main/INFO]: Initialised Mixin FML Remapper Adapter with cpw.mods.fml.common.asm.transformers.deobf.FMLDeobfuscatingRemapper@5ec46cdd
[19:03:18] [main/INFO]: Initialised Legacy FML Dev Remapper
[19:03:18] [main/DEBUG]: Injecting coremod AllCore {io.github.legacymoddingmc.unimixins.all.AllCore} class transformers
[19:03:18] [main/TRACE]: Registering transformer io.github.legacymoddingmc.unimixins.compat.asm.EnhanceCrashReportsTransformer
[19:03:18] [main/DEBUG]: Injection complete
[19:03:18] [main/DEBUG]: Running coremod plugin for AllCore {io.github.legacymoddingmc.unimixins.all.AllCore}
[19:03:18] [main/DEBUG]: Running coremod plugin AllCore
[19:03:18] [main/INFO]: Searching coremodList for IEarlyMixinLoaders
[19:03:18] [main/INFO]: LoadedCoreMods [codechicken.core.asm.MCPDeobfuscationTransformer$LoadPlugin, com.enderio.core.common.transform.EnderCorePlugin, codechicken.nei.asm.NEICorePlugin, cpw.mods.fml.relauncher.FMLCorePlugin, org.spongepowered.asm.launch.MixinTweaker, micdoodle8.mods.miccore.MicdoodlePlugin, codechicken.core.launch.CodeChickenCorePlugin, com.mod.htgt6.asm.HTGT6LoadingPlugin, net.minecraftforge.classloading.FMLForgePlugin, codechicken.lib, io.github.legacymoddingmc.unimixins.all.AllCore, galaxyspace.core.hooks.GSHooksLoader, net.minecraftforge.gradle.tweakers.AccessTransformerTweaker, cpw.mods.fml.common.launcher.FMLDeobfTweaker, gregtech.asm.GT_ASM, cofh.asm.LoadingPlugin]
[19:03:18] [main/DEBUG]: Coremod plugin class AllCore run successfully
[19:03:18] [main/INFO]: Calling tweak class cpw.mods.fml.relauncher.CoreModManager$FMLPluginWrapper
[19:03:18] [main/DEBUG]: Injecting coremod Greg-ASM® {gregtech.asm.GT_ASM} class transformers
[19:03:18] [main/DEBUG]: Injection complete
[19:03:18] [main/DEBUG]: Running coremod plugin for Greg-ASM® {gregtech.asm.GT_ASM}
[19:03:18] [main/DEBUG]: Running coremod plugin Greg-ASM®
[19:03:18] [main/TRACE]: Registering transformer gregtech.asm.transformers.CoFHLib_HashFix
[19:03:18] [main/TRACE]: Registering transformer gregtech.asm.transformers.CoFHCore_CrashFix
[19:03:18] [main/TRACE]: Registering transformer gregtech.asm.transformers.Minecraft_LavaFlammableFix
[19:03:18] [main/TRACE]: Registering transformer gregtech.asm.transformers.Technomancy_ExtremelySlowLoadFix
[19:03:18] [main/TRACE]: Registering transformer gregtech.asm.transformers.Thaumcraft_AspectLagFix
[19:03:18] [main/DEBUG]: Coremod plugin class GT_ASM run successfully
[19:03:18] [main/INFO]: Calling tweak class cpw.mods.fml.common.launcher.FMLDeobfTweaker
[19:03:18] [main/DEBUG]: Loaded 57 rules from AccessTransformer config file fml_at.cfg
[19:03:18] [main/DEBUG]: Loaded 89 rules from AccessTransformer config file forge_at.cfg
[19:03:18] [main/DEBUG]: Loaded 30 rules from AccessTransformer config file micdoodlecore_at.deobf
[19:03:18] [main/DEBUG]: Loaded 57 rules from AccessTransformer config file fml_at.cfg
[19:03:18] [main/DEBUG]: Loaded 2 rules from AccessTransformer mod jar file C:\Users\brawl\Desktop\mods\HTGT-6\libs\gregtech_1.7.10-6.15.07-unofficial.jar!META-INF/gregtech_at.cfg

[19:03:18] [main/DEBUG]: Loaded 4 rules from AccessTransformer mod jar file C:\Users\brawl\Desktop\mods\HTGT-6\run\mods\NEIIntegration-1.5.0.jar!META-INF/neiintegration_at.cfg

[19:03:18] [main/DEBUG]: Loaded 4 rules from AccessTransformer mod jar file C:\Users\brawl\Desktop\mods\HTGT-6\run\mods\NEIAddons-1.17.0.jar!META-INF/neiaddons_at.cfg

[19:03:18] [main/DEBUG]: Loaded 13 rules from AccessTransformer mod jar file C:\Users\brawl\Desktop\mods\HTGT-6\run\mods\NotEnoughItems-2.8.19-GTNH.jar!META-INF/nei_at.cfg

[19:03:18] [main/DEBUG]: Validating minecraft
[19:03:18] [main/INFO]: [galaxyspace.core.hooklib.asm.HookLogger$SystemOutLogger:debug:20]: [DEBUG] Injecting hooks into class cpw.mods.fml.common.Loader
[19:03:18] [main/INFO]: [galaxyspace.core.hooklib.asm.HookLogger$SystemOutLogger:debug:20]: [DEBUG] Patching method cpw.mods.fml.common.Loader#injectData([Ljava/lang/Object;)
[19:03:18] [main/INFO]: Calling tweak class cpw.mods.fml.relauncher.CoreModManager$FMLPluginWrapper
[19:03:18] [main/INFO]: Calling tweak class net.minecraftforge.gradle.tweakers.AccessTransformerTweaker
[19:03:18] [main/INFO]: Remapping AccessTransformer rules...
[19:03:18] [main/INFO]: Calling tweak class cpw.mods.fml.relauncher.CoreModManager$FMLPluginWrapper
[19:03:18] [main/INFO]: Loading tweak class name cpw.mods.fml.common.launcher.TerminalTweaker
[19:03:18] [main/INFO]: Loading tweak class name org.spongepowered.asm.mixin.EnvironmentStateTweaker
[19:03:18] [main/INFO]: Calling tweak class cpw.mods.fml.common.launcher.TerminalTweaker
[19:03:18] [main/INFO]: Calling tweak class org.spongepowered.asm.mixin.EnvironmentStateTweaker
[19:03:18] [main/INFO]: Launching wrapped minecraft {net.minecraft.client.main.Main}
[19:03:18] [main/INFO]: [micdoodle8.mods.miccore.MicdoodleTransformer:printLog:1992]: Galacticraft successfully injected bytecode into: net/minecraft/world/World (1 / 1)
[19:03:18] [main/INFO]: [galaxyspace.core.hooklib.asm.HookLogger$SystemOutLogger:debug:20]: [DEBUG] Injecting hooks into class net.minecraft.world.World
[19:03:18] [main/INFO]: [galaxyspace.core.hooklib.asm.HookLogger$SystemOutLogger:debug:20]: [DEBUG] Patching method net.minecraft.world.World#setBlock(IIILnet/minecraft/block/Block;II)
[19:03:18] [main/INFO]: [micdoodle8.mods.miccore.MicdoodleTransformer:printLog:1992]: Galacticraft successfully injected bytecode into: net/minecraft/entity/EntityLivingBase (1 / 1)
[19:03:18] [main/INFO]: [micdoodle8.mods.miccore.MicdoodleTransformer:printLog:1992]: Galacticraft successfully injected bytecode into: net/minecraft/entity/Entity (1 / 1)
[19:03:19] [main/INFO]: [micdoodle8.mods.miccore.MicdoodleTransformer:printLog:1992]: Galacticraft successfully injected bytecode into: net/minecraft/client/gui/GuiSleepMP (1 / 1)
[19:03:19] [main/INFO]: Setting user: Player375
[19:03:19] [main/INFO]: [micdoodle8.mods.miccore.MicdoodleTransformer:printLog:1992]: Galacticraft successfully injected bytecode into: net/minecraft/entity/item/EntityItem (1 / 1)
[19:03:19] [main/INFO]: [micdoodle8.mods.miccore.MicdoodleTransformer:printLog:1992]: Galacticraft successfully injected bytecode into: net/minecraft/entity/projectile/EntityArrow (1 / 1)
[19:03:19] [main/INFO]: Transforming Class [net.minecraft.entity.projectile.EntityArrow], Method [onUpdate]
[19:03:19] [main/INFO]: Transforming net.minecraft.entity.projectile.EntityArrow Finished.
[19:03:19] [main/INFO]: Transforming Class [net.minecraft.item.ItemStack], Method [getRarity]
[19:03:19] [main/INFO]: Transforming net.minecraft.item.ItemStack Finished.
[19:03:20] [main/INFO]: Transforming Class [net.minecraft.inventory.ContainerFurnace], Method [transferStackInSlot]
[19:03:20] [main/INFO]: Transforming net.minecraft.inventory.ContainerFurnace Finished.
[19:03:20] [Client thread/INFO]: LWJGL Version: 2.9.1
[19:03:20] [Client thread/INFO]: [micdoodle8.mods.miccore.MicdoodleTransformer:printLog:1992]: Galacticraft successfully injected bytecode into: net/minecraftforge/client/ForgeHooksClient (1 / 1)
[19:03:21] [Client thread/INFO]: Transforming FMLCommonHandler to add hook for enhancing crash reports
[19:03:21] [Client thread/INFO]: [cpw.mods.fml.client.SplashProgress:start:188]: ---- Minecraft Crash Report ----
// I let you down. Sorry :(

Time: 14.06.26 19:03
Description: Loading screen debug info

This is just a prompt for computer specs to be printed. THIS IS NOT A ERROR


A detailed walkthrough of the error, its code path and all known details is as follows:
---------------------------------------------------------------------------------------

-- System Details --
Details:
	Minecraft Version: 1.7.10
	Operating System: Windows 11 (amd64) version 10.0
	Java Version: 1.8.0_452, BellSoft
	Java VM Version: OpenJDK 64-Bit Server VM (mixed mode), BellSoft
	Memory: 282013552 bytes (268 MB) / 590348288 bytes (563 MB) up to 3750756352 bytes (3577 MB)
	JVM Flags: 0 total; 
	AABB Pool Size: 0 (0 bytes; 0 MB) allocated, 0 (0 bytes; 0 MB) used
	IntCache: cache: 0, tcache: 0, allocated: 0, tallocated: 0
	FML: 
	GL info: ' Vendor: 'NVIDIA Corporation' Version: '4.6.0 NVIDIA 566.14' Renderer: 'NVIDIA GeForce RTX 4060 Laptop GPU/PCIe/SSE2'
[19:03:21] [Client thread/INFO]: Attempting early MinecraftForge initialization
[19:03:21] [Client thread/INFO]: MinecraftForge v10.13.4.1614 Initialized
[19:03:21] [Client thread/INFO]: Replaced 183 ore recipies
[19:03:21] [Client thread/INFO]: Completed early MinecraftForge initialization
[19:03:21] [Client thread/INFO]: Initializing MixinExtras via com.llamalad7.mixinextras.service.MixinExtrasServiceImpl(version=0.5.0).
[19:03:22] [Client thread/INFO]: Found 0 mods from the command line. Injecting into mod discoverer
[19:03:22] [Client thread/INFO]: Searching C:\Users\brawl\Desktop\mods\HTGT-6\run\mods for mods
[19:03:22] [Client thread/INFO]: Also searching C:\Users\brawl\Desktop\mods\HTGT-6\run\mods\1.7.10 for mods
[19:03:30] [Client thread/INFO]: Forge Mod Loader has identified 39 mods to load
[19:03:30] [Client thread/INFO]: Found mod(s) [HTGT6] containing declared API package cofh.api.energy (owned by CoFHAPI) without associated API reference
[19:03:31] [Client thread/INFO]: Instantiating all ILateMixinLoader implemented classes...
[19:03:31] [Client thread/INFO]: Searching ASMData for ILateMixinLoaders
[19:03:31] [Client thread/INFO]: LiteLoader not present
[19:03:31] [Client thread/INFO]: LoadedMods [HTGT6, CoFHCore, NotEnoughItems, gregapi, neiintegration, unimixins-compat, NEIAddons, Forge, gregapi_post, NEIAddons|Botany, CodeChickenCore, NEIAddons|Developer, MineTweaker3, endercore, IC2, mixinbooterlegacy, mcp, unimixins-mixin, IC2-Classic-Spmod, mixingasm, gtnhmixins, mixinextras, MultiWorld, FML, spongemixins, NEIAddons|Forestry, GalaxySpace, <CoFH ASM>, NEIAddons|ExNihilo, NEIAddons|CraftingTables, Micdoodlecore, NEIAddons|AppEng, unimixins, gasstation, gregtech, GT_ASM, GalacticraftCore, GalacticraftMars, EnderIO]
[19:03:31] [Client thread/INFO]: Attempting connection with missing mods [mcp, FML, Forge, Micdoodlecore, CodeChickenCore, NotEnoughItems, GT_ASM, <CoFH ASM>, MineTweaker3, GalacticraftMars, GalacticraftCore, GalaxySpace, gregapi, gregapi_post, gregtech, HTGT6, unimixins, unimixins-mixin, unimixins-compat, mixingasm, spongemixins, mixinbooterlegacy, gasstation, gtnhmixins, mixinextras, CoFHCore, endercore, EnderIO, IC2, IC2-Classic-Spmod, MultiWorld, NEIAddons|Botany, NEIAddons|Developer, NEIAddons|ExNihilo, NEIAddons|CraftingTables, NEIAddons, NEIAddons|Forestry, NEIAddons|AppEng, neiintegration] at CLIENT
[19:03:31] [Client thread/INFO]: Attempting connection with missing mods [mcp, FML, Forge, Micdoodlecore, CodeChickenCore, NotEnoughItems, GT_ASM, <CoFH ASM>, MineTweaker3, GalacticraftMars, GalacticraftCore, GalaxySpace, gregapi, gregapi_post, gregtech, HTGT6, unimixins, unimixins-mixin, unimixins-compat, mixingasm, spongemixins, mixinbooterlegacy, gasstation, gtnhmixins, mixinextras, CoFHCore, endercore, EnderIO, IC2, IC2-Classic-Spmod, MultiWorld, NEIAddons|Botany, NEIAddons|Developer, NEIAddons|ExNihilo, NEIAddons|CraftingTables, NEIAddons, NEIAddons|Forestry, NEIAddons|AppEng, neiintegration] at SERVER
[19:03:31] [Client thread/INFO]: [micdoodle8.mods.miccore.MicdoodleTransformer:printLog:1992]: Galacticraft successfully injected bytecode into: net/minecraft/server/management/ServerConfigurationManager (4 / 4)
[19:03:32] [Client thread/INFO]: Transforming Class [net.minecraft.world.WorldType], Method [hasVoidParticles]
[19:03:32] [Client thread/INFO]: Transforming net.minecraft.world.WorldType Finished.
[19:03:33] [Client thread/ERROR]: The mod IC2 is expecting signature de041f9f6187debbc77034a344134053277aa3b0 for source IC2Classic-1.7.10-1.2.5 (1).jar, however there is no signature matching that description
[19:03:33] [Client thread/INFO]: [micdoodle8.mods.miccore.MicdoodleTransformer:printLog:1992]: Galacticraft successfully injected bytecode into: net/minecraft/client/renderer/entity/RendererLivingEntity (1 / 1)
[19:03:33] [Client thread/INFO]: [micdoodle8.mods.miccore.MicdoodleTransformer:printLog:1992]: Galacticraft successfully injected bytecode into: net/minecraft/client/particle/EffectRenderer (1 / 1)
[19:03:34] [Client thread/INFO]: Reloading ResourceManager: Default, FMLFileResourcePack:Forge Mod Loader, FMLFileResourcePack:Minecraft Forge, FMLFileResourcePack:NotEnoughItems, FMLFileResourcePack:MineTweaker 3, FMLFileResourcePack:Galacticraft Planets, FMLFileResourcePack:Galacticraft Core, FMLFileResourcePack:GalaxySpace, FMLFileResourcePack:Greg-API, FMLFileResourcePack:Greg-API-Post, FMLFileResourcePack:GregTech 6 Unofficial, FMLFileResourcePack:HTGT6, FMLFileResourcePack:UniMixins, FMLFileResourcePack:UniMixins: Mixin (UniMix), FMLFileResourcePack:UniMixins: Compatibility, FMLFileResourcePack:UniMixins: Mixingasm, FMLFileResourcePack:UniMixins: SpongeMixins, FMLFileResourcePack:UniMixins: MixinBooterLegacy, FMLFileResourcePack:UniMixins: GasStation, FMLFileResourcePack:UniMixins: GTNHMixins, FMLFileResourcePack:UniMixins: MixinExtras, FMLFileResourcePack:CoFH Core, FMLFileResourcePack:EnderCore, FMLFileResourcePack:Ender IO, FMLFileResourcePack:IndustrialCraft 2 Classic, FMLFileResourcePack:IC2 Classic Detection Helper, FMLFileResourcePack:Multi World, FMLFileResourcePack:NEI Addons: Botany, FMLFileResourcePack:NEI Addons: Developer Tools, FMLFileResourcePack:NEI Addons: Ex Nihilo, FMLFileResourcePack:NEI Addons: Crafting Tables, FMLFileResourcePack:NEI Addons, FMLFileResourcePack:NEI Addons: Forestry, FMLFileResourcePack:NEI Addons: Applied Energistics 2, FMLFileResourcePack:NEIIntegration
[19:03:34] [Client thread/INFO]: Processing ObjectHolder annotations
[19:03:34] [Client thread/INFO]: Found 337 ObjectHolder annotations
[19:03:34] [Client thread/INFO]: Identifying ItemStackHolder annotations
[19:03:34] [Client thread/INFO]: Found 0 ItemStackHolder annotations
[19:03:34] [Client thread/INFO]: Configured a dormant chunk cache size of 0
[19:03:34] [Client thread/INFO]: Loading 'serialhandlers.cfg' file .\config\NEI\serialhandlers.cfg
[19:03:34] [Client thread/INFO]: Loading 'hiddenitems.cfg' file .\config\NEI\hiddenitems.cfg
[19:03:34] [Forge Version Check/INFO]: [java.lang.Throwable$WrappedPrintStream:println:749]: com.google.gson.JsonSyntaxException: java.lang.IllegalStateException: Expected BEGIN_OBJECT but was STRING at line 1 column 1
[19:03:34] [Forge Version Check/INFO]: [java.lang.Throwable$WrappedPrintStream:println:749]: 	at com.google.gson.Gson.fromJson(Gson.java:815)
[19:03:34] [Forge Version Check/INFO]: [java.lang.Throwable$WrappedPrintStream:println:749]: 	at com.google.gson.Gson.fromJson(Gson.java:768)
[19:03:34] [Forge Version Check/INFO]: [java.lang.Throwable$WrappedPrintStream:println:749]: 	at com.google.gson.Gson.fromJson(Gson.java:717)
[19:03:34] [Forge Version Check/INFO]: [java.lang.Throwable$WrappedPrintStream:println:749]: 	at com.google.gson.Gson.fromJson(Gson.java:689)
[19:03:34] [Forge Version Check/INFO]: [java.lang.Throwable$WrappedPrintStream:println:749]: 	at net.minecraftforge.common.ForgeVersion$1.run(ForgeVersion.java:94)
[19:03:34] [Forge Version Check/INFO]: [java.lang.Throwable$WrappedPrintStream:println:749]: Caused by: java.lang.IllegalStateException: Expected BEGIN_OBJECT but was STRING at line 1 column 1
[19:03:34] [Forge Version Check/INFO]: [java.lang.Throwable$WrappedPrintStream:println:749]: 	at com.google.gson.stream.JsonReader.beginObject(JsonReader.java:374)
[19:03:34] [Forge Version Check/INFO]: [java.lang.Throwable$WrappedPrintStream:println:749]: 	at com.google.gson.internal.bind.MapTypeAdapterFactory$Adapter.read(MapTypeAdapterFactory.java:183)
[19:03:34] [Forge Version Check/INFO]: [java.lang.Throwable$WrappedPrintStream:println:749]: 	at com.google.gson.internal.bind.MapTypeAdapterFactory$Adapter.read(MapTypeAdapterFactory.java:145)
[19:03:34] [Forge Version Check/INFO]: [java.lang.Throwable$WrappedPrintStream:println:749]: 	at com.google.gson.Gson.fromJson(Gson.java:803)
[19:03:34] [Forge Version Check/INFO]: [java.lang.Throwable$WrappedPrintStream:println:749]: 	... 4 more
[19:03:34] [Client thread/INFO]: Loading 'heighthackhandlers.cfg' file .\config\NEI\heighthackhandlers.cfg
[19:03:34] [Client thread/INFO]: Loading 'hiddenhandlers.cfg' file .\config\NEI\hiddenhandlers.cfg
[19:03:34] [Client thread/INFO]: Loading 'enableautofocus.cfg' file .\config\NEI\enableautofocus.cfg
[19:03:34] [Client thread/INFO]: Loading 'guicraftablesblacklist.cfg' file .\config\NEI\guicraftablesblacklist.cfg
[19:03:34] [Client thread/INFO]: Loading 'guidfilters.cfg' file .\config\NEI\guidfilters.cfg
[19:03:37] [Client thread/INFO]: Config loaded from C:\Users\brawl\Desktop\mods\HTGT-6\run\.\config\IC2.cfg
[19:03:37] [Client thread/INFO]: Using 32 audio sources.
[19:03:37] [Client thread/INFO]: Try Loading SubModul: Nei SubModul
[19:03:37] [Client thread/INFO]: Loaded SubModul: Nei SubModul
[19:03:37] [Client thread/INFO]: Try Loading SubModul: Crafting Guide Submodul
[19:03:37] [Client thread/INFO]: Could not Load SubModul: Crafting Guide Submodul
[19:03:37] [Client thread/INFO]: Try Loading SubModul: Baubles Modul
[19:03:37] [Client thread/INFO]: Could not Load SubModul: Baubles Modul
[19:03:37] [Client thread/INFO]: Try Loading SubModul: Tinkers Construct
[19:03:37] [Client thread/INFO]: Could not Load SubModul: Tinkers Construct
[19:03:37] [Client thread/INFO]: Try Loading SubModul: Applied Energistics 2
[19:03:37] [Client thread/INFO]: Could not Load SubModul: Applied Energistics 2
[19:03:37] [Client thread/INFO]: Try Loading SubModul: Not Enough Resources
[19:03:37] [Client thread/INFO]: Could not Load SubModul: Not Enough Resources
[19:03:37] [Client thread/INFO]: Try Loading SubModul: Thaumcraft
[19:03:37] [Client thread/INFO]: Could not Load SubModul: Thaumcraft
[19:03:37] [Client thread/INFO]: Try Loading SubModul: BuildCraft
[19:03:37] [Client thread/INFO]: Could not Load SubModul: BuildCraft
[19:03:37] [Client thread/INFO]: Try Loading SubModul: Wrench
[19:03:37] [Client thread/INFO]: Loaded SubModul: Wrench
[19:03:37] [Client thread/INFO]: Try Loading SubModul: RF Plugin
[19:03:37] [Client thread/INFO]: Loaded SubModul: RF Plugin
[19:03:37] [Client thread/INFO]: Try Loading SubModul: Project E
[19:03:37] [Client thread/INFO]: Could not Load SubModul: Project E
[19:03:37] [Client thread/INFO]: Try Loading SubModul: Waila Modul
[19:03:37] [Client thread/INFO]: Could not Load SubModul: Waila Modul
[19:03:37] [Client thread/INFO]: [micdoodle8.mods.miccore.MicdoodleTransformer:printLog:1992]: Galacticraft successfully injected bytecode into: net/minecraft/client/renderer/EntityRenderer (5 / 5)
[19:03:39] [Client thread/INFO]: [java.lang.Throwable$WrappedPrintStream:println:749]: java.io.FileNotFoundException: https://raw.githubusercontent.com/BlesseNtumble/GalaxySpace/master/capes/capes.txt
[19:03:39] [Client thread/INFO]: [java.lang.Throwable$WrappedPrintStream:println:749]: 	at sun.net.www.protocol.http.HttpURLConnection.getInputStream0(HttpURLConnection.java:1913)
[19:03:39] [Client thread/INFO]: [java.lang.Throwable$WrappedPrintStream:println:749]: 	at sun.net.www.protocol.http.HttpURLConnection.access$200(HttpURLConnection.java:92)
[19:03:39] [Client thread/INFO]: [java.lang.Throwable$WrappedPrintStream:println:749]: 	at sun.net.www.protocol.http.HttpURLConnection$9.run(HttpURLConnection.java:1507)
[19:03:39] [Client thread/INFO]: [java.lang.Throwable$WrappedPrintStream:println:749]: 	at sun.net.www.protocol.http.HttpURLConnection$9.run(HttpURLConnection.java:1505)
[19:03:39] [Client thread/INFO]: [java.lang.Throwable$WrappedPrintStream:println:749]: 	at java.security.AccessController.doPrivileged(Native Method)
[19:03:39] [Client thread/INFO]: [java.lang.Throwable$WrappedPrintStream:println:749]: 	at java.security.AccessController.doPrivilegedWithCombiner(AccessController.java:784)
[19:03:39] [Client thread/INFO]: [java.lang.Throwable$WrappedPrintStream:println:749]: 	at sun.net.www.protocol.http.HttpURLConnection.getInputStream(HttpURLConnection.java:1504)
[19:03:39] [Client thread/INFO]: [java.lang.Throwable$WrappedPrintStream:println:749]: 	at sun.net.www.protocol.https.HttpsURLConnectionImpl.getInputStream(HttpsURLConnectionImpl.java:268)
[19:03:39] [Client thread/INFO]: [java.lang.Throwable$WrappedPrintStream:println:749]: 	at galaxyspace.core.proxy.ClientProxy.updateCapeList(ClientProxy.java:509)
[19:03:39] [Client thread/INFO]: [java.lang.Throwable$WrappedPrintStream:println:749]: 	at galaxyspace.core.proxy.ClientProxy.setupCapes(ClientProxy.java:465)
[19:03:39] [Client thread/INFO]: [java.lang.Throwable$WrappedPrintStream:println:749]: 	at galaxyspace.core.proxy.ClientProxy.preload(ClientProxy.java:175)
[19:03:39] [Client thread/INFO]: [java.lang.Throwable$WrappedPrintStream:println:749]: 	at galaxyspace.GalaxySpace.preInit(GalaxySpace.java:173)
[19:03:39] [Client thread/INFO]: [java.lang.Throwable$WrappedPrintStream:println:749]: 	at sun.reflect.NativeMethodAccessorImpl.invoke0(Native Method)
[19:03:39] [Client thread/INFO]: [java.lang.Throwable$WrappedPrintStream:println:749]: 	at sun.reflect.NativeMethodAccessorImpl.invoke(NativeMethodAccessorImpl.java:62)
[19:03:39] [Client thread/INFO]: [java.lang.Throwable$WrappedPrintStream:println:749]: 	at sun.reflect.DelegatingMethodAccessorImpl.invoke(DelegatingMethodAccessorImpl.java:43)
[19:03:39] [Client thread/INFO]: [java.lang.Throwable$WrappedPrintStream:println:749]: 	at java.lang.reflect.Method.invoke(Method.java:498)
[19:03:39] [Client thread/INFO]: [java.lang.Throwable$WrappedPrintStream:println:749]: 	at cpw.mods.fml.common.FMLModContainer.handleModStateEvent(FMLModContainer.java:532)
[19:03:39] [Client thread/INFO]: [java.lang.Throwable$WrappedPrintStream:println:749]: 	at sun.reflect.GeneratedMethodAccessor3.invoke(Unknown Source)
[19:03:39] [Client thread/INFO]: [java.lang.Throwable$WrappedPrintStream:println:749]: 	at sun.reflect.DelegatingMethodAccessorImpl.invoke(DelegatingMethodAccessorImpl.java:43)
[19:03:39] [Client thread/INFO]: [java.lang.Throwable$WrappedPrintStream:println:749]: 	at java.lang.reflect.Method.invoke(Method.java:498)
[19:03:39] [Client thread/INFO]: [java.lang.Throwable$WrappedPrintStream:println:749]: 	at com.google.common.eventbus.EventSubscriber.handleEvent(EventSubscriber.java:74)
[19:03:39] [Client thread/INFO]: [java.lang.Throwable$WrappedPrintStream:println:749]: 	at com.google.common.eventbus.SynchronizedEventSubscriber.handleEvent(SynchronizedEventSubscriber.java:47)
[19:03:39] [Client thread/INFO]: [java.lang.Throwable$WrappedPrintStream:println:749]: 	at com.google.common.eventbus.EventBus.dispatch(EventBus.java:322)
[19:03:39] [Client thread/INFO]: [java.lang.Throwable$WrappedPrintStream:println:749]: 	at com.google.common.eventbus.EventBus.dispatchQueuedEvents(EventBus.java:304)
[19:03:39] [Client thread/INFO]: [java.lang.Throwable$WrappedPrintStream:println:749]: 	at com.google.common.eventbus.EventBus.post(EventBus.java:275)
[19:03:39] [Client thread/INFO]: [java.lang.Throwable$WrappedPrintStream:println:749]: 	at cpw.mods.fml.common.LoadController.sendEventToModContainer(LoadController.java:212)
[19:03:39] [Client thread/INFO]: [java.lang.Throwable$WrappedPrintStream:println:749]: 	at cpw.mods.fml.common.LoadController.propogateStateMessage(LoadController.java:190)
[19:03:39] [Client thread/INFO]: [java.lang.Throwable$WrappedPrintStream:println:749]: 	at sun.reflect.NativeMethodAccessorImpl.invoke0(Native Method)
[19:03:39] [Client thread/INFO]: [java.lang.Throwable$WrappedPrintStream:println:749]: 	at sun.reflect.NativeMethodAccessorImpl.invoke(NativeMethodAccessorImpl.java:62)
[19:03:39] [Client thread/INFO]: [java.lang.Throwable$WrappedPrintStream:println:749]: 	at sun.reflect.DelegatingMethodAccessorImpl.invoke(DelegatingMethodAccessorImpl.java:43)
[19:03:39] [Client thread/INFO]: [java.lang.Throwable$WrappedPrintStream:println:749]: 	at java.lang.reflect.Method.invoke(Method.java:498)
[19:03:39] [Client thread/INFO]: [java.lang.Throwable$WrappedPrintStream:println:749]: 	at com.google.common.eventbus.EventSubscriber.handleEvent(EventSubscriber.java:74)
[19:03:39] [Client thread/INFO]: [java.lang.Throwable$WrappedPrintStream:println:749]: 	at com.google.common.eventbus.SynchronizedEventSubscriber.handleEvent(SynchronizedEventSubscriber.java:47)
[19:03:39] [Client thread/INFO]: [java.lang.Throwable$WrappedPrintStream:println:749]: 	at com.google.common.eventbus.EventBus.dispatch(EventBus.java:322)
[19:03:39] [Client thread/INFO]: [java.lang.Throwable$WrappedPrintStream:println:749]: 	at com.google.common.eventbus.EventBus.dispatchQueuedEvents(EventBus.java:304)
[19:03:39] [Client thread/INFO]: [java.lang.Throwable$WrappedPrintStream:println:749]: 	at com.google.common.eventbus.EventBus.post(EventBus.java:275)
[19:03:39] [Client thread/INFO]: [java.lang.Throwable$WrappedPrintStream:println:749]: 	at cpw.mods.fml.common.LoadController.distributeStateMessage(LoadController.java:119)
[19:03:39] [Client thread/INFO]: [java.lang.Throwable$WrappedPrintStream:println:749]: 	at cpw.mods.fml.common.Loader.preinitializeMods(Loader.java:556)
[19:03:39] [Client thread/INFO]: [java.lang.Throwable$WrappedPrintStream:println:749]: 	at cpw.mods.fml.client.FMLClientHandler.beginMinecraftLoading(FMLClientHandler.java:243)
[19:03:39] [Client thread/INFO]: [java.lang.Throwable$WrappedPrintStream:println:749]: 	at net.minecraft.client.Minecraft.startGame(Minecraft.java:522)
[19:03:39] [Client thread/INFO]: [java.lang.Throwable$WrappedPrintStream:println:749]: 	at net.minecraft.client.Minecraft.run(Minecraft.java:942)
[19:03:39] [Client thread/INFO]: [java.lang.Throwable$WrappedPrintStream:println:749]: 	at net.minecraft.client.main.Main.main(Main.java:164)
[19:03:39] [Client thread/INFO]: [java.lang.Throwable$WrappedPrintStream:println:749]: 	at sun.reflect.NativeMethodAccessorImpl.invoke0(Native Method)
[19:03:39] [Client thread/INFO]: [java.lang.Throwable$WrappedPrintStream:println:749]: 	at sun.reflect.NativeMethodAccessorImpl.invoke(NativeMethodAccessorImpl.java:62)
[19:03:39] [Client thread/INFO]: [java.lang.Throwable$WrappedPrintStream:println:749]: 	at sun.reflect.DelegatingMethodAccessorImpl.invoke(DelegatingMethodAccessorImpl.java:43)
[19:03:39] [Client thread/INFO]: [java.lang.Throwable$WrappedPrintStream:println:749]: 	at java.lang.reflect.Method.invoke(Method.java:498)
[19:03:39] [Client thread/INFO]: [java.lang.Throwable$WrappedPrintStream:println:749]: 	at net.minecraft.launchwrapper.Launch.launch(Launch.java:135)
[19:03:39] [Client thread/INFO]: [java.lang.Throwable$WrappedPrintStream:println:749]: 	at net.minecraft.launchwrapper.Launch.main(Launch.java:28)
[19:03:39] [Client thread/INFO]: [java.lang.Throwable$WrappedPrintStream:println:749]: 	at net.minecraftforge.gradle.GradleStartCommon.launch(Unknown Source)
[19:03:39] [Client thread/INFO]: [java.lang.Throwable$WrappedPrintStream:println:749]: 	at GradleStart.main(Unknown Source)
[19:03:39] [Client thread/INFO]: Registering Default Templates.
[19:03:39] [Client thread/INFO]: Registering default generators
[19:03:39] [Client thread/INFO]: Complete
[19:03:39] [Client thread/INFO]: Attempting to initialize texture error message interceptor.
[19:03:39] [Client thread/INFO]: XP Juice registered by Ender IO.
[19:03:39] [Client thread/WARN]: Could not find Build Craft Wrench definition. Wrench integration with other mods may fail
[19:03:40] [Client thread/INFO]: Required mod Botany is not installed, dependent features will be unavailable
[19:03:40] [Client thread/ERROR]: Requirements unmet, Botany Addon not loading
[19:03:40] [Client thread/INFO]: Required mod exnihilo is not installed, dependent features will be unavailable
[19:03:40] [Client thread/ERROR]: Requirements unmet, Ex Nihilo Addon not loading
[19:03:40] [Client thread/INFO]: Required mod Forestry is not installed, dependent features will be unavailable
[19:03:40] [Client thread/ERROR]: Requirements unmet, Forestry Addon not loading
[19:03:40] [Client thread/INFO]: Required mod appliedenergistics2 is not installed, dependent features will be unavailable
[19:03:40] [Client thread/ERROR]: Requirements unmet, Applied Energistics 2 Addon not loading
[19:03:40] [Client thread/INFO]: Starting NEI Integration
[19:03:40] [Client thread/INFO]: Loading configuration files
[19:03:41] [Client thread/WARN]: A mod has attempted to assign Block com.mod.htgt6.common.GalaxyServer.Glise792.planets.Gliese792c.blocks.blockFluidflowGliese792c@22b968c6 to the Fluid 'gliesecwater' but this Fluid has already been linked to the Block com.mod.htgt6.common.GalaxyServer.Glise792.planets.Gliese792c.blocks.blockFluidStillGliese792c@f2c3fa4. You may have duplicate Fluid Blocks as a result. It *may* be possible to configure your mods to avoid this.
[19:03:41] [Client thread/INFO]: Applying holder lookups
[19:03:41] [Client thread/INFO]: Holder lookups applied
[19:03:41] [Client thread/INFO]: Injecting itemstacks
[19:03:41] [Client thread/INFO]: Itemstack injection complete
[19:03:41] [Sound Library Loader/INFO]: [paulscode.sound.SoundSystemLogger:message:69]: 
[19:03:41] [Sound Library Loader/INFO]: [paulscode.sound.SoundSystemLogger:message:69]: Starting up SoundSystem...
[19:03:41] [Thread-9/INFO]: [paulscode.sound.SoundSystemLogger:message:69]: Initializing LWJGL OpenAL
[19:03:41] [Thread-9/INFO]: [paulscode.sound.SoundSystemLogger:message:69]:     (The LWJGL binding of OpenAL.  For more information, see http://www.lwjgl.org)
[19:03:41] [Client thread/INFO]: [micdoodle8.mods.miccore.MicdoodleTransformer:printLog:1992]: Galacticraft successfully injected bytecode into: net/minecraft/client/renderer/ItemRenderer (1 / 1)
[19:03:41] [Thread-9/INFO]: [paulscode.sound.SoundSystemLogger:message:69]: OpenAL initialized.
[19:03:41] [Client thread/INFO]: Created: 16x16 textures/blocks-atlas
[19:03:41] [Client thread/INFO]: Removed 0 missing texture stacktraces. Tada!
[19:03:41] [Client thread/INFO]: Created: 16x16 textures/items-atlas
[19:03:41] [Client thread/INFO]: Removed 0 missing texture stacktraces. Tada!
[19:03:42] [Sound Library Loader/INFO]: [paulscode.sound.SoundSystemLogger:message:69]: 
[19:03:42] [Sound Library Loader/INFO]: Sound engine started
[19:03:45] [Client thread/INFO]: [Handlers] Registering handler SpecialTooltipHandler to busses: [FORGE, FML]
[19:03:45] [Client thread/INFO]: [Handlers] Registering handler ClientHandler to busses: [FORGE, FML]
[19:03:46] [Client thread/INFO]: [Handlers] Registering handler XPBoostHandler to busses: [FORGE, FML]
[19:03:46] [Client thread/INFO]: [Handlers] Registering handler EnchantTooltipHandler to busses: [FORGE, FML]
[19:03:46] [Client thread/INFO]: [Handlers] Registering handler RightClickCropHandler to busses: [FORGE, FML]
[19:03:46] [Client thread/INFO]: [Handlers] Registering handler FireworkHandler to busses: [FORGE, FML]
[19:03:46] [Client thread/INFO]: [Handlers] Registering handler AutoSmeltHandler to busses: [FORGE, FML]
[19:03:46] [Client thread/INFO]: [Handlers] Registering handler Scheduler to busses: [FORGE, FML]
[19:03:46] [Client thread/INFO]: [Handlers] Registering handler OreDictTooltipHandler to busses: [FORGE, FML]
[19:03:46] [Client thread/INFO]: [Handlers] Registering handler EnderIOController to busses: [FORGE, FML]
[19:03:46] [Client thread/INFO]: Transforming Class [cpw.mods.fml.client.GuiScrollingList], Method [func_73863_a]
[19:03:46] [Client thread/INFO]: Transforming cpw.mods.fml.client.GuiScrollingList Finished.
[19:03:46] [Client thread/INFO]: Transforming Class [cpw.mods.fml.client.GuiSlotModList], Method [drawBackground]
[19:03:46] [Client thread/INFO]: Transforming cpw.mods.fml.client.GuiSlotModList Finished.
[19:03:46] [Client thread/INFO]: [Handlers] Registering handler EventHandlerGui to busses: [FORGE, FML]
[19:03:46] [Client thread/INFO]: Sending dummy event to all mods
[19:03:46] [Client thread/INFO]: Reloading ingame configs for modid: endercore
[19:03:46] [Client thread/INFO]: Updating config...
[19:03:46] [Client thread/INFO]: [micdoodle8.mods.miccore.MicdoodleTransformer:printLog:1992]: Galacticraft successfully injected bytecode into: net/minecraft/client/multiplayer/PlayerControllerMP (2 / 2)
[19:03:46] [Client thread/INFO]: Loading NEI Addons
[19:03:46] [Client thread/INFO]: Developer Tools Addon disabled - skipping
[19:03:46] [Client thread/INFO]: Loading Crafting Tables Addon...
[19:03:46] [Client thread/INFO]: Required mod EE3 is not installed, dependent features will be unavailable
[19:03:46] [Client thread/INFO]: Not registering EE3 Minium Stone
[19:03:46] [Client thread/INFO]: Required mod BuildCraft|Factory is not installed, dependent features will be unavailable
[19:03:46] [Client thread/INFO]: Not registering BC Autorcrafting Table
[19:03:46] [Client thread/INFO]: Required mod powersuitaddons is not installed, dependent features will be unavailable
[19:03:46] [Client thread/INFO]: Not registering MPSA In-Place Assembler
[19:03:46] [Client thread/INFO]: Required mod ProjectE is not installed, dependent features will be unavailable
[19:03:46] [Client thread/INFO]: Not registering ProjectE Philosopher Stone
[19:03:46] [Client thread/INFO]: Required mod BiblioCraft is not installed, dependent features will be unavailable
[19:03:46] [Client thread/INFO]: Not registering BiblioCraft Fancy Workbench
[19:03:46] [Client thread/INFO]: Required mod RIO is not installed, dependent features will be unavailable
[19:03:46] [Client thread/INFO]: Not registering RemoteIO Intelligent Workbench
[19:03:46] [Client thread/INFO]: Required mod Railcraft is not installed, dependent features will be unavailable
[19:03:46] [Client thread/INFO]: Not registering Railcraft Work Cart
[19:03:46] [Client thread/INFO]: Required mod GalacticraftAmunRa is not installed, dependent features will be unavailable
[19:03:46] [Client thread/INFO]: Not registering Amun-Ra Crafting Table
[19:03:46] [Client thread/INFO]: [com.mod.htgt6.common.GalaxyServer.Sirius.GC:registerSolarSystem:30]: [HTGT6] Sirius System and Star registered via SolarSystem registry.
[19:03:46] [Client thread/INFO]: [com.mod.htgt6.common.GalaxyServer.Glise792.sysGliese792:registerSolarSystem:60]: [HTGT6] Gliese 792 System and Planet 'b' registered.
[19:03:46] [Client thread/INFO]: [com.mod.htgt6.common.achievements.HiTecch6AchivementsNEW:initialization:46]: HiTech6Achivements Loaded.
[19:03:46] [Client thread/INFO]: Transforming Class [net.minecraft.enchantment.EnchantmentHelper], Method [buildEnchantmentList]
[19:03:46] [Client thread/INFO]: Transforming net.minecraft.enchantment.EnchantmentHelper Finished.
[19:03:46] [Client thread/INFO]: [com.mod.htgt6.client.ClientProxy:init:41]: [ClientProxy] Registered Cyan Fog Handler
[19:03:48] [Client thread/INFO]: Message Failed
[19:03:48] [Client thread/INFO]: Injecting itemstacks
[19:03:48] [Client thread/INFO]: Itemstack injection complete
[19:03:50] [Client thread/ERROR]: Failed to load 'untranslator.cfg' file nei:untranslator.cfg
[19:03:50] [Client thread/INFO]: Loaded minor compatibility modules: none
[19:03:50] [Client thread/INFO]: [java.lang.Throwable$WrappedPrintStream:println:749]: java.lang.ClassNotFoundException: gregtech.common.blocks.GT_Block_Ores
[19:03:50] [Client thread/INFO]: [java.lang.Throwable$WrappedPrintStream:println:749]: 	at net.minecraft.launchwrapper.LaunchClassLoader.findClass(LaunchClassLoader.java:191)
[19:03:50] [Client thread/INFO]: [java.lang.Throwable$WrappedPrintStream:println:749]: 	at java.lang.ClassLoader.loadClass(ClassLoader.java:418)
[19:03:50] [Client thread/INFO]: [java.lang.Throwable$WrappedPrintStream:println:749]: 	at java.lang.ClassLoader.loadClass(ClassLoader.java:351)
[19:03:50] [Client thread/INFO]: [java.lang.Throwable$WrappedPrintStream:println:749]: 	at java.lang.Class.forName0(Native Method)
[19:03:50] [Client thread/INFO]: [java.lang.Throwable$WrappedPrintStream:println:749]: 	at java.lang.Class.forName(Class.java:264)
[19:03:50] [Client thread/INFO]: [java.lang.Throwable$WrappedPrintStream:println:749]: 	at micdoodle8.mods.galacticraft.core.util.CompatibilityManager.checkForCompatibleMods(CompatibilityManager.java:37)
[19:03:50] [Client thread/INFO]: [java.lang.Throwable$WrappedPrintStream:println:749]: 	at micdoodle8.mods.galacticraft.core.GalacticraftCore.postInit(GalacticraftCore.java:518)
[19:03:50] [Client thread/INFO]: [java.lang.Throwable$WrappedPrintStream:println:749]: 	at sun.reflect.NativeMethodAccessorImpl.invoke0(Native Method)
[19:03:50] [Client thread/INFO]: [java.lang.Throwable$WrappedPrintStream:println:749]: 	at sun.reflect.NativeMethodAccessorImpl.invoke(NativeMethodAccessorImpl.java:62)
[19:03:50] [Client thread/INFO]: [java.lang.Throwable$WrappedPrintStream:println:749]: 	at sun.reflect.DelegatingMethodAccessorImpl.invoke(DelegatingMethodAccessorImpl.java:43)
[19:03:50] [Client thread/INFO]: [java.lang.Throwable$WrappedPrintStream:println:749]: 	at java.lang.reflect.Method.invoke(Method.java:498)
[19:03:50] [Client thread/INFO]: [java.lang.Throwable$WrappedPrintStream:println:749]: 	at cpw.mods.fml.common.FMLModContainer.handleModStateEvent(FMLModContainer.java:532)
[19:03:50] [Client thread/INFO]: [java.lang.Throwable$WrappedPrintStream:println:749]: 	at sun.reflect.GeneratedMethodAccessor3.invoke(Unknown Source)
[19:03:50] [Client thread/INFO]: [java.lang.Throwable$WrappedPrintStream:println:749]: 	at sun.reflect.DelegatingMethodAccessorImpl.invoke(DelegatingMethodAccessorImpl.java:43)
[19:03:50] [Client thread/INFO]: [java.lang.Throwable$WrappedPrintStream:println:749]: 	at java.lang.reflect.Method.invoke(Method.java:498)
[19:03:50] [Client thread/INFO]: [java.lang.Throwable$WrappedPrintStream:println:749]: 	at com.google.common.eventbus.EventSubscriber.handleEvent(EventSubscriber.java:74)
[19:03:50] [Client thread/INFO]: [java.lang.Throwable$WrappedPrintStream:println:749]: 	at com.google.common.eventbus.SynchronizedEventSubscriber.handleEvent(SynchronizedEventSubscriber.java:47)
[19:03:50] [Client thread/INFO]: [java.lang.Throwable$WrappedPrintStream:println:749]: 	at com.google.common.eventbus.EventBus.dispatch(EventBus.java:322)
[19:03:50] [Client thread/INFO]: [java.lang.Throwable$WrappedPrintStream:println:749]: 	at com.google.common.eventbus.EventBus.dispatchQueuedEvents(EventBus.java:304)
[19:03:50] [Client thread/INFO]: [java.lang.Throwable$WrappedPrintStream:println:749]: 	at com.google.common.eventbus.EventBus.post(EventBus.java:275)
[19:03:50] [Client thread/INFO]: [java.lang.Throwable$WrappedPrintStream:println:749]: 	at cpw.mods.fml.common.LoadController.sendEventToModContainer(LoadController.java:212)
[19:03:50] [Client thread/INFO]: [java.lang.Throwable$WrappedPrintStream:println:749]: 	at cpw.mods.fml.common.LoadController.propogateStateMessage(LoadController.java:190)
[19:03:50] [Client thread/INFO]: [java.lang.Throwable$WrappedPrintStream:println:749]: 	at sun.reflect.NativeMethodAccessorImpl.invoke0(Native Method)
[19:03:50] [Client thread/INFO]: [java.lang.Throwable$WrappedPrintStream:println:749]: 	at sun.reflect.NativeMethodAccessorImpl.invoke(NativeMethodAccessorImpl.java:62)
[19:03:50] [Client thread/INFO]: [java.lang.Throwable$WrappedPrintStream:println:749]: 	at sun.reflect.DelegatingMethodAccessorImpl.invoke(DelegatingMethodAccessorImpl.java:43)
[19:03:50] [Client thread/INFO]: [java.lang.Throwable$WrappedPrintStream:println:749]: 	at java.lang.reflect.Method.invoke(Method.java:498)
[19:03:50] [Client thread/INFO]: [java.lang.Throwable$WrappedPrintStream:println:749]: 	at com.google.common.eventbus.EventSubscriber.handleEvent(EventSubscriber.java:74)
[19:03:50] [Client thread/INFO]: [java.lang.Throwable$WrappedPrintStream:println:749]: 	at com.google.common.eventbus.SynchronizedEventSubscriber.handleEvent(SynchronizedEventSubscriber.java:47)
[19:03:50] [Client thread/INFO]: [java.lang.Throwable$WrappedPrintStream:println:749]: 	at com.google.common.eventbus.EventBus.dispatch(EventBus.java:322)
[19:03:50] [Client thread/INFO]: [java.lang.Throwable$WrappedPrintStream:println:749]: 	at com.google.common.eventbus.EventBus.dispatchQueuedEvents(EventBus.java:304)
[19:03:50] [Client thread/INFO]: [java.lang.Throwable$WrappedPrintStream:println:749]: 	at com.google.common.eventbus.EventBus.post(EventBus.java:275)
[19:03:50] [Client thread/INFO]: [java.lang.Throwable$WrappedPrintStream:println:749]: 	at cpw.mods.fml.common.LoadController.distributeStateMessage(LoadController.java:119)
[19:03:50] [Client thread/INFO]: [java.lang.Throwable$WrappedPrintStream:println:749]: 	at cpw.mods.fml.common.Loader.initializeMods(Loader.java:742)
[19:03:50] [Client thread/INFO]: [java.lang.Throwable$WrappedPrintStream:println:749]: 	at cpw.mods.fml.client.FMLClientHandler.finishMinecraftLoading(FMLClientHandler.java:311)
[19:03:50] [Client thread/INFO]: [java.lang.Throwable$WrappedPrintStream:println:749]: 	at net.minecraft.client.Minecraft.startGame(Minecraft.java:597)
[19:03:50] [Client thread/INFO]: [java.lang.Throwable$WrappedPrintStream:println:749]: 	at net.minecraft.client.Minecraft.run(Minecraft.java:942)
[19:03:50] [Client thread/INFO]: [java.lang.Throwable$WrappedPrintStream:println:749]: 	at net.minecraft.client.main.Main.main(Main.java:164)
[19:03:50] [Client thread/INFO]: [java.lang.Throwable$WrappedPrintStream:println:749]: 	at sun.reflect.NativeMethodAccessorImpl.invoke0(Native Method)
[19:03:50] [Client thread/INFO]: [java.lang.Throwable$WrappedPrintStream:println:749]: 	at sun.reflect.NativeMethodAccessorImpl.invoke(NativeMethodAccessorImpl.java:62)
[19:03:50] [Client thread/INFO]: [java.lang.Throwable$WrappedPrintStream:println:749]: 	at sun.reflect.DelegatingMethodAccessorImpl.invoke(DelegatingMethodAccessorImpl.java:43)
[19:03:50] [Client thread/INFO]: [java.lang.Throwable$WrappedPrintStream:println:749]: 	at java.lang.reflect.Method.invoke(Method.java:498)
[19:03:50] [Client thread/INFO]: [java.lang.Throwable$WrappedPrintStream:println:749]: 	at net.minecraft.launchwrapper.Launch.launch(Launch.java:135)
[19:03:50] [Client thread/INFO]: [java.lang.Throwable$WrappedPrintStream:println:749]: 	at net.minecraft.launchwrapper.Launch.main(Launch.java:28)
[19:03:50] [Client thread/INFO]: [java.lang.Throwable$WrappedPrintStream:println:749]: 	at net.minecraftforge.gradle.GradleStartCommon.launch(Unknown Source)
[19:03:50] [Client thread/INFO]: [java.lang.Throwable$WrappedPrintStream:println:749]: 	at GradleStart.main(Unknown Source)
[19:03:50] [Client thread/INFO]: [java.lang.Throwable$WrappedPrintStream:println:749]: Caused by: java.lang.NullPointerException
[19:03:50] [Client thread/INFO]: [java.lang.Throwable$WrappedPrintStream:println:749]: java.lang.NoSuchMethodException: ic2.core.block.wiring.TileEntityCable.onNeighborBlockChange()
[19:03:50] [Client thread/INFO]: [java.lang.Throwable$WrappedPrintStream:println:749]: 	at java.lang.Class.getMethod(Class.java:1786)
[19:03:50] [Client thread/INFO]: [java.lang.Throwable$WrappedPrintStream:println:749]: 	at micdoodle8.mods.galacticraft.core.util.CompatibilityManager.checkForCompatibleMods(CompatibilityManager.java:59)
[19:03:50] [Client thread/INFO]: [java.lang.Throwable$WrappedPrintStream:println:749]: 	at micdoodle8.mods.galacticraft.core.GalacticraftCore.postInit(GalacticraftCore.java:518)
[19:03:50] [Client thread/INFO]: [java.lang.Throwable$WrappedPrintStream:println:749]: 	at sun.reflect.NativeMethodAccessorImpl.invoke0(Native Method)
[19:03:50] [Client thread/INFO]: [java.lang.Throwable$WrappedPrintStream:println:749]: 	at sun.reflect.NativeMethodAccessorImpl.invoke(NativeMethodAccessorImpl.java:62)
[19:03:50] [Client thread/INFO]: [java.lang.Throwable$WrappedPrintStream:println:749]: 	at sun.reflect.DelegatingMethodAccessorImpl.invoke(DelegatingMethodAccessorImpl.java:43)
[19:03:50] [Client thread/INFO]: [java.lang.Throwable$WrappedPrintStream:println:749]: 	at java.lang.reflect.Method.invoke(Method.java:498)
[19:03:50] [Client thread/INFO]: [java.lang.Throwable$WrappedPrintStream:println:749]: 	at cpw.mods.fml.common.FMLModContainer.handleModStateEvent(FMLModContainer.java:532)
[19:03:50] [Client thread/INFO]: [java.lang.Throwable$WrappedPrintStream:println:749]: 	at sun.reflect.GeneratedMethodAccessor3.invoke(Unknown Source)
[19:03:50] [Client thread/INFO]: [java.lang.Throwable$WrappedPrintStream:println:749]: 	at sun.reflect.DelegatingMethodAccessorImpl.invoke(DelegatingMethodAccessorImpl.java:43)
[19:03:50] [Client thread/INFO]: [java.lang.Throwable$WrappedPrintStream:println:749]: 	at java.lang.reflect.Method.invoke(Method.java:498)
[19:03:50] [Client thread/INFO]: [java.lang.Throwable$WrappedPrintStream:println:749]: 	at com.google.common.eventbus.EventSubscriber.handleEvent(EventSubscriber.java:74)
[19:03:50] [Client thread/INFO]: [java.lang.Throwable$WrappedPrintStream:println:749]: 	at com.google.common.eventbus.SynchronizedEventSubscriber.handleEvent(SynchronizedEventSubscriber.java:47)
[19:03:50] [Client thread/INFO]: [java.lang.Throwable$WrappedPrintStream:println:749]: 	at com.google.common.eventbus.EventBus.dispatch(EventBus.java:322)
[19:03:50] [Client thread/INFO]: [java.lang.Throwable$WrappedPrintStream:println:749]: 	at com.google.common.eventbus.EventBus.dispatchQueuedEvents(EventBus.java:304)
[19:03:50] [Client thread/INFO]: [java.lang.Throwable$WrappedPrintStream:println:749]: 	at com.google.common.eventbus.EventBus.post(EventBus.java:275)
[19:03:50] [Client thread/INFO]: [java.lang.Throwable$WrappedPrintStream:println:749]: 	at cpw.mods.fml.common.LoadController.sendEventToModContainer(LoadController.java:212)
[19:03:50] [Client thread/INFO]: [java.lang.Throwable$WrappedPrintStream:println:749]: 	at cpw.mods.fml.common.LoadController.propogateStateMessage(LoadController.java:190)
[19:03:50] [Client thread/INFO]: [java.lang.Throwable$WrappedPrintStream:println:749]: 	at sun.reflect.NativeMethodAccessorImpl.invoke0(Native Method)
[19:03:50] [Client thread/INFO]: [java.lang.Throwable$WrappedPrintStream:println:749]: 	at sun.reflect.NativeMethodAccessorImpl.invoke(NativeMethodAccessorImpl.java:62)
[19:03:50] [Client thread/INFO]: [java.lang.Throwable$WrappedPrintStream:println:749]: 	at sun.reflect.DelegatingMethodAccessorImpl.invoke(DelegatingMethodAccessorImpl.java:43)
[19:03:50] [Client thread/INFO]: [java.lang.Throwable$WrappedPrintStream:println:749]: 	at java.lang.reflect.Method.invoke(Method.java:498)
[19:03:50] [Client thread/INFO]: [java.lang.Throwable$WrappedPrintStream:println:749]: 	at com.google.common.eventbus.EventSubscriber.handleEvent(EventSubscriber.java:74)
[19:03:50] [Client thread/INFO]: [java.lang.Throwable$WrappedPrintStream:println:749]: 	at com.google.common.eventbus.SynchronizedEventSubscriber.handleEvent(SynchronizedEventSubscriber.java:47)
[19:03:50] [Client thread/INFO]: [java.lang.Throwable$WrappedPrintStream:println:749]: 	at com.google.common.eventbus.EventBus.dispatch(EventBus.java:322)
[19:03:50] [Client thread/INFO]: [java.lang.Throwable$WrappedPrintStream:println:749]: 	at com.google.common.eventbus.EventBus.dispatchQueuedEvents(EventBus.java:304)
[19:03:50] [Client thread/INFO]: [java.lang.Throwable$WrappedPrintStream:println:749]: 	at com.google.common.eventbus.EventBus.post(EventBus.java:275)
[19:03:50] [Client thread/INFO]: [java.lang.Throwable$WrappedPrintStream:println:749]: 	at cpw.mods.fml.common.LoadController.distributeStateMessage(LoadController.java:119)
[19:03:50] [Client thread/INFO]: [java.lang.Throwable$WrappedPrintStream:println:749]: 	at cpw.mods.fml.common.Loader.initializeMods(Loader.java:742)
[19:03:50] [Client thread/INFO]: [java.lang.Throwable$WrappedPrintStream:println:749]: 	at cpw.mods.fml.client.FMLClientHandler.finishMinecraftLoading(FMLClientHandler.java:311)
[19:03:50] [Client thread/INFO]: [java.lang.Throwable$WrappedPrintStream:println:749]: 	at net.minecraft.client.Minecraft.startGame(Minecraft.java:597)
[19:03:50] [Client thread/INFO]: [java.lang.Throwable$WrappedPrintStream:println:749]: 	at net.minecraft.client.Minecraft.run(Minecraft.java:942)
[19:03:50] [Client thread/INFO]: [java.lang.Throwable$WrappedPrintStream:println:749]: 	at net.minecraft.client.main.Main.main(Main.java:164)
[19:03:50] [Client thread/INFO]: [java.lang.Throwable$WrappedPrintStream:println:749]: 	at sun.reflect.NativeMethodAccessorImpl.invoke0(Native Method)
[19:03:50] [Client thread/INFO]: [java.lang.Throwable$WrappedPrintStream:println:749]: 	at sun.reflect.NativeMethodAccessorImpl.invoke(NativeMethodAccessorImpl.java:62)
[19:03:50] [Client thread/INFO]: [java.lang.Throwable$WrappedPrintStream:println:749]: 	at sun.reflect.DelegatingMethodAccessorImpl.invoke(DelegatingMethodAccessorImpl.java:43)
[19:03:50] [Client thread/INFO]: [java.lang.Throwable$WrappedPrintStream:println:749]: 	at java.lang.reflect.Method.invoke(Method.java:498)
[19:03:50] [Client thread/INFO]: [java.lang.Throwable$WrappedPrintStream:println:749]: 	at net.minecraft.launchwrapper.Launch.launch(Launch.java:135)
[19:03:50] [Client thread/INFO]: [java.lang.Throwable$WrappedPrintStream:println:749]: 	at net.minecraft.launchwrapper.Launch.main(Launch.java:28)
[19:03:50] [Client thread/INFO]: [java.lang.Throwable$WrappedPrintStream:println:749]: 	at net.minecraftforge.gradle.GradleStartCommon.launch(Unknown Source)
[19:03:50] [Client thread/INFO]: [java.lang.Throwable$WrappedPrintStream:println:749]: 	at GradleStart.main(Unknown Source)
[19:03:50] [Client thread/INFO]: While registering space station recipe, found 1 type(s) of waferAdvanced
[19:03:50] [Client thread/INFO]: While registering space station recipe, found 3 type(s) of ingotTin
[19:03:50] [Client thread/INFO]: While registering space station recipe, found 2 type(s) of ingotTitanium
[19:03:50] [Client thread/INFO]: While registering space station recipe, found 1 type(s) of waferModern
[19:03:50] [Client thread/INFO]: While registering space station recipe, found 2 type(s) of ingotDesh
[19:03:50] [Client thread/INFO]: While registering space station recipe, found 3 type(s) of ingotCopper
[19:03:50] [Client thread/INFO]: Initialized MineTweaker Integration
[19:03:50] [Client thread/INFO]: Loaded 18 grinding balls from SAG Mill config.
[19:03:50] [Client thread/INFO]: Excluding 9 recipes from grinding balls bonus.
[19:03:50] [Client thread/INFO]: Found 184 valid SAG Mill recipes in config.
[19:03:50] [Client thread/WARN]: Not adding supplied recipe as a recipe already exists for the input: 1xtile.gcBlockCore.0@7
[19:03:50] [Client thread/WARN]: Not adding supplied recipe as a recipe already exists for the input: 1xitem.basicItem@5
[19:03:50] [Client thread/WARN]: Not adding supplied recipe as a recipe already exists for the input: 1xtile.gcBlockCore.0@11
[19:03:50] [Client thread/WARN]: Not adding supplied recipe as a recipe already exists for the input: 1xtile.gcBlockCore.0@7
[19:03:50] [Client thread/WARN]: Not adding supplied recipe as a recipe already exists for the input: 1xitem.basicItem@5
[19:03:50] [Client thread/WARN]: Not adding supplied recipe as a recipe already exists for the input: 1xgt.meta.ore.broken.gc.asteroids.light@470
[19:03:50] [Client thread/WARN]: Not adding supplied recipe as a recipe already exists for the input: 1xitem.itemIngotSilver@0
[19:03:50] [Client thread/WARN]: Not adding supplied recipe as a recipe already exists for the input: 1xitem.itemIngotBronze@0
[19:03:50] [Client thread/WARN]: Not adding supplied recipe as a recipe already exists for the input: 1xgt.meta.storage.ingot@470
[19:03:50] [Client thread/WARN]: Not adding supplied recipe as a recipe already exists for the input: 1xtile.null@2
[19:03:50] [Client thread/WARN]: Not adding supplied recipe as a recipe already exists for the input: 1xtile.sand@0
[19:03:50] [Client thread/INFO]: Finished processing SAG Mill recipes. 173 recipes avaliable.
[19:03:50] [Client thread/INFO]: Found 38 valid Alloy Smelter recipes in config.
[19:03:50] [Client thread/INFO]: Created 6 synthetic recipes for 4xitem.netherquartz@0 => 1xtile.blockFusedQuartz@0
[19:03:50] [Client thread/INFO]: Created 6 synthetic recipes for 1xtile.sand@0 => 1xtile.blockFusedQuartz@1
[19:03:50] [Client thread/INFO]: Created 6 synthetic recipes for 1xtile.quartzBlock@0 => 1xtile.blockFusedQuartz@0
[19:03:50] [Client thread/INFO]: Finished processing Alloy Smelter recipes. 56 recipes avaliable.
[19:03:50] [Client thread/INFO]: AlloyRecipeManager: Vannila smelting in AlloySmelting enabled=true
[19:03:50] [Client thread/INFO]: Found 7 valid Slice'N'Splice recipes in config.
[19:03:50] [Client thread/INFO]: Finished processing Slice'N'Splice recipes. 7 recipes avaliable.
[19:03:50] [Client thread/INFO]: Found 9 valid Vat recipes in config.
[19:03:50] [Client thread/INFO]: Finished processing Vat recipes. 9 recipes avaliable.
[19:03:50] [Client thread/WARN]: Could not find enchantment with name enchantment.enderzoo.witherArrow when parsing enchanter recipes.
[19:03:50] [Client thread/WARN]: Could not find enchantment with name enchantment.enderzoo.witherWeapon when parsing enchanter recipes.
[19:03:50] [Client thread/WARN]: Could not find enchantment with name enchantment.enderzoo.witherWeapon when parsing enchanter recipes.
[19:03:50] [Client thread/WARN]: Could not find enchantment with name enchantment.repair when parsing enchanter recipes.
[19:03:50] [Client thread/WARN]: Could not find enchantment with name enchantment.soul_stealer when parsing enchanter recipes.
[19:03:50] [Client thread/ERROR]: Valid input found for enchantment enchant.cofh.holding not found.
[19:03:50] [Client thread/INFO]: Loaded 28 recipes for Enchanter
[19:03:50] [Client thread/INFO]: [com.mod.htgt6.common.handler.recipe.RecipeConfigLoader:parseRecipe:247]: [HTGT6] Loaded recipe for: Факел
[19:03:50] [Client thread/INFO]: [com.mod.htgt6.common.handler.recipe.RecipeConfigLoader:loadAssemblerRecipes:95]: [HTGT6] Assembler recipes loaded.
[19:03:50] [Client thread/INFO]: [com.mod.htgt6.common.handler.recipe.RecipeConfigLoader:loadCompressorRecipes:44]: [HTGT6] Compressor recipes loaded.
[19:03:54] [Client thread/INFO]: Loading handler info from JAR
[19:03:54] [Client thread/INFO]: Loaded codechicken.nei.recipe.BrewingRecipeHandler
[19:03:54] [Client thread/INFO]: Loaded codechicken.nei.recipe.FireworkRecipeHandler
[19:03:54] [Client thread/INFO]: Loaded codechicken.nei.recipe.FurnaceRecipeHandler
[19:03:54] [Client thread/INFO]: Loaded codechicken.nei.recipe.ShapedRecipeHandler
[19:03:54] [Client thread/INFO]: Loaded codechicken.nei.recipe.ShapelessRecipeHandler
[19:03:54] [Client thread/INFO]: Loaded codechicken.nei.recipe.FuelRecipeHandler
[19:03:54] [Client thread/INFO]: Loaded codechicken.nei.recipe.InformationHandler
[19:03:54] [Client thread/INFO]: Loaded crazypants.enderio.nei.AlloySmelterRecipeHandler
[19:03:54] [Client thread/INFO]: Loaded crazypants.enderio.nei.EnchanterRecipeHandler
[19:03:54] [Client thread/INFO]: Loaded crazypants.enderio.nei.SagMillRecipeHandler
[19:03:54] [Client thread/INFO]: Loaded crazypants.enderio.nei.SliceAndSpliceRecipeHandler
[19:03:54] [Client thread/INFO]: Loaded crazypants.enderio.nei.SoulBinderRecipeHandler
[19:03:54] [Client thread/INFO]: Loaded crazypants.enderio.nei.VatRecipeHandler
[19:03:54] [Client thread/INFO]: Loaded galaxyspace.core.nei.rocket.RocketT1RecipeHandler
[19:03:54] [Client thread/INFO]: Loaded micdoodle8.mods.galacticraft.core.nei.BuggyRecipeHandler
[19:03:54] [Client thread/INFO]: Loaded micdoodle8.mods.galacticraft.core.nei.CircuitFabricatorRecipeHandler
[19:03:54] [Client thread/INFO]: Loaded micdoodle8.mods.galacticraft.core.nei.ElectricIngotCompressorRecipeHandler
[19:03:54] [Client thread/INFO]: Loaded micdoodle8.mods.galacticraft.core.nei.IngotCompressorRecipeHandler
[19:03:54] [Client thread/INFO]: Loaded micdoodle8.mods.galacticraft.core.nei.RefineryRecipeHandler
[19:03:54] [Client thread/INFO]: Loaded micdoodle8.mods.galacticraft.planets.asteroids.nei.AstroMinerRecipeHandler
[19:03:54] [Client thread/INFO]: Loaded micdoodle8.mods.galacticraft.planets.mars.nei.CargoRocketRecipeHandler
[19:03:54] [Client thread/INFO]: Loaded micdoodle8.mods.galacticraft.planets.mars.nei.GasLiquefierRecipeHandler
[19:03:54] [Client thread/INFO]: Loaded micdoodle8.mods.galacticraft.planets.mars.nei.MethaneSynthesizerRecipeHandler
[19:03:54] [Client thread/INFO]: Loaded galaxyspace.core.nei.rocket.RocketT2RecipeHandler
[19:03:54] [Client thread/INFO]: Loaded galaxyspace.core.nei.rocket.RocketT3RecipeHandler
[19:03:54] [Client thread/INFO]: Loaded galaxyspace.core.nei.AssemblyMachineRecipeHandler
[19:03:54] [Client thread/INFO]: Loaded galaxyspace.core.nei.rocket.RocketT4RecipeHandler
[19:03:54] [Client thread/INFO]: Loaded galaxyspace.core.nei.rocket.RocketT5RecipeHandler
[19:03:54] [Client thread/INFO]: Loaded galaxyspace.core.nei.rocket.RocketT6RecipeHandler
[19:03:54] [Client thread/INFO]: Couldn't find GalaxySpace - GalaxySpace:item.Tier7Rocket
[19:03:54] [Client thread/INFO]: Loaded galaxyspace.core.nei.rocket.RocketT7RecipeHandler
[19:03:54] [Client thread/INFO]: Couldn't find GalaxySpace - GalaxySpace:item.Tier8Rocket
[19:03:54] [Client thread/INFO]: Loaded galaxyspace.core.nei.rocket.RocketT8RecipeHandler
[19:03:54] [Client thread/INFO]: Couldn't find GregTech - gregtech:gt.blockores:85
[19:03:54] [Client thread/INFO]: Loaded pers.gwyog.gtneioreplugin.plugin.gregtech5.PluginGT5SmallOreStat
[19:03:54] [Client thread/INFO]: Couldn't find GregTech - gregtech:gt.blockores:386
[19:03:54] [Client thread/INFO]: Loaded pers.gwyog.gtneioreplugin.plugin.gregtech5.PluginGT5VeinStat
[19:03:54] [Client thread/INFO]: Couldn't find IndustrialCraft 2 - IC2:blockreactorvessel
[19:03:54] [Client thread/INFO]: Loaded ic2.neiIntegration.core.recipehandler.AdvRecipeHandler
[19:03:54] [Client thread/INFO]: Couldn't find IndustrialCraft 2 - IC2:blockreactorvessel
[19:03:54] [Client thread/INFO]: Loaded ic2.neiIntegration.core.recipehandler.AdvShapelessRecipeHandler
[19:03:54] [Client thread/INFO]: Couldn't find IndustrialCraft 2 - IC2:blockMachine3:1
[19:03:54] [Client thread/INFO]: Loaded ic2.neiIntegration.core.recipehandler.BlastFurnaceRecipeHandler
[19:03:54] [Client thread/INFO]: Couldn't find IndustrialCraft 2 - IC2:blockMachine3:2
[19:03:54] [Client thread/INFO]: Loaded ic2.neiIntegration.core.recipehandler.BlockCutterRecipeHandler
[19:03:54] [Client thread/INFO]: Loaded ic2.neiIntegration.core.recipehandler.CentrifugeRecipeHandler
[19:03:54] [Client thread/INFO]: Loaded ic2.neiIntegration.core.recipehandler.CompressorRecipeHandler
[19:03:54] [Client thread/INFO]: Loaded ic2.neiIntegration.core.recipehandler.ExtractorRecipeHandler
[19:03:54] [Client thread/INFO]: Loaded ic2.neiIntegration.core.recipehandler.FluidCannerRecipeHandler
[19:03:54] [Client thread/INFO]: Couldn't find IndustrialCraft 2 - IC2:blockMachine3:8
[19:03:54] [Client thread/INFO]: Loaded ic2.neiIntegration.core.recipehandler.LatheRecipeHandler
[19:03:54] [Client thread/INFO]: Loaded ic2.neiIntegration.core.recipehandler.MaceratorRecipeHandler
[19:03:54] [Client thread/INFO]: Loaded ic2.neiIntegration.core.recipehandler.MetalFormerRecipeHandlerCutting
[19:03:54] [Client thread/INFO]: Loaded ic2.neiIntegration.core.recipehandler.MetalFormerRecipeHandlerExtruding
[19:03:54] [Client thread/INFO]: Loaded ic2.neiIntegration.core.recipehandler.MetalFormerRecipeHandlerRolling
[19:03:54] [Client thread/INFO]: Loaded ic2.neiIntegration.core.recipehandler.OreWashingRecipeHandler
[19:03:54] [Client thread/INFO]: Couldn't find IndustrialCraft 2 - IC2:itemScrapbox
[19:03:54] [Client thread/INFO]: Loaded ic2.neiIntegration.core.recipehandler.ScrapboxRecipeHandler
[19:03:54] [Client thread/INFO]: Loaded ic2.neiIntegration.core.recipehandler.SolidCannerRecipeHandler
[19:03:54] [Client thread/INFO]: Loaded tonius.neiintegration.mods.mcforge.RecipeHandlerFluidRegistry
[19:03:54] [Client thread/INFO]: Loaded tonius.neiintegration.mods.mcforge.RecipeHandlerOreDictionary
[19:03:54] [Client thread/INFO]: Loaded gt.recipe.anvil
[19:03:54] [Client thread/INFO]: Loaded gt.recipe.anvil.bend.big
[19:03:54] [Client thread/INFO]: Loaded gt.recipe.anvil.bend.small
[19:03:54] [Client thread/INFO]: Loaded gt.recipe.aquaticfarm
[19:03:54] [Client thread/INFO]: Loaded gt.recipe.assembler
[19:03:54] [Client thread/INFO]: Loaded gt.recipe.autoclave
[19:03:54] [Client thread/INFO]: Loaded gt.recipe.bath
[19:03:54] [Client thread/INFO]: Loaded gt.recipe.bedrockorelist
[19:03:54] [Client thread/INFO]: Loaded gt.recipe.biolab
[19:03:54] [Client thread/INFO]: Loaded gt.recipe.boxinator
[19:03:54] [Client thread/INFO]: Loaded gt.recipe.bumblelyzer
[19:03:54] [Client thread/INFO]: Loaded gt.recipe.bumblequeen
[19:03:54] [Client thread/INFO]: Loaded gt.recipe.burnmixer
[19:03:54] [Client thread/INFO]: Loaded gt.recipe.byproductlist
[19:03:54] [Client thread/INFO]: Loaded gt.recipe.canner
[19:03:54] [Client thread/INFO]: Loaded gt.recipe.catalyticcracking
[19:03:54] [Client thread/INFO]: Loaded gt.recipe.centrifuge
[19:03:54] [Client thread/INFO]: Loaded gt.recipe.clustermill
[19:03:54] [Client thread/INFO]: Loaded gt.recipe.coagulator
[19:03:54] [Client thread/INFO]: Loaded gt.recipe.cokeoven
[19:03:54] [Client thread/INFO]: Loaded gt.recipe.compressor
[19:03:54] [Client thread/INFO]: Loaded gt.recipe.crackingtower
[19:03:54] [Client thread/INFO]: Loaded gt.recipe.cruciblealloying
[19:03:54] [Client thread/INFO]: Loaded gt.recipe.cruciblesmelting
[19:03:54] [Client thread/INFO]: Loaded gt.recipe.crusher
[19:03:54] [Client thread/INFO]: Loaded gt.recipe.cryodistillationtower
[19:03:54] [Client thread/INFO]: Loaded gt.recipe.cryomixer
[19:03:54] [Client thread/INFO]: Loaded gt.recipe.crystallisationcrucible
[19:03:54] [Client thread/INFO]: Loaded gt.recipe.cutter
[19:03:54] [Client thread/INFO]: Loaded gt.recipe.debarker
[19:03:54] [Client thread/INFO]: Loaded gt.recipe.distillationtower
[19:03:54] [Client thread/INFO]: Loaded gt.recipe.distillery
[19:03:54] [Client thread/INFO]: Loaded gt.recipe.drying
[19:03:54] [Client thread/INFO]: Loaded gt.recipe.electrolyzer
[19:03:54] [Client thread/INFO]: Loaded gt.recipe.extruder
[19:03:54] [Client thread/INFO]: Loaded gt.recipe.fermenter
[19:03:54] [Client thread/INFO]: Loaded gt.recipe.fluidsolidifier
[19:03:54] [Client thread/INFO]: Loaded gt.recipe.freezer
[19:03:54] [Client thread/INFO]: Loaded gt.recipe.fuels.burn
[19:03:54] [Client thread/INFO]: Loaded gt.recipe.fuels.engine
[19:03:54] [Client thread/INFO]: Loaded gt.recipe.fuels.fluidbed
[19:03:54] [Client thread/INFO]: Loaded gt.recipe.fuels.gas
[19:03:54] [Client thread/INFO]: Loaded gt.recipe.fuels.plasma
[19:03:54] [Client thread/INFO]: Loaded gt.recipe.fuels.turbine
[19:03:54] [Client thread/INFO]: Loaded gt.recipe.fusionreactor
[19:03:54] [Client thread/INFO]: Loaded gt.recipe.generifier
[19:03:54] [Client thread/INFO]: Loaded gt.recipe.heatmixer
[19:03:54] [Client thread/INFO]: Loaded gt.recipe.implosioncompressor
[19:03:54] [Client thread/INFO]: Loaded gt.recipe.incubator
[19:03:54] [Client thread/INFO]: Loaded gt.recipe.injector
[19:03:54] [Client thread/INFO]: Loaded gt.recipe.ionizer
[19:03:54] [Client thread/INFO]: Loaded gt.recipe.juicer
[19:03:54] [Client thread/INFO]: Loaded gt.recipe.laminator
[19:03:54] [Client thread/INFO]: Loaded gt.recipe.lasercutter
[19:03:54] [Client thread/INFO]: Loaded gt.recipe.laserengraver
[19:03:54] [Client thread/INFO]: Loaded gt.recipe.lathe
[19:03:54] [Client thread/INFO]: Loaded gt.recipe.lightning
[19:03:54] [Client thread/INFO]: Loaded gt.recipe.loom
[19:03:54] [Client thread/INFO]: Loaded gt.recipe.magneticseparator
[19:03:54] [Client thread/INFO]: Loaded gt.recipe.maskaligner
[19:03:54] [Client thread/INFO]: Loaded gt.recipe.massfab
[19:03:54] [Client thread/INFO]: Loaded gt.recipe.mixer
[19:03:54] [Client thread/INFO]: Loaded gt.recipe.mortar
[19:03:54] [Client thread/INFO]: Loaded gt.recipe.nanofab
[19:03:54] [Client thread/INFO]: Loaded gt.recipe.oilcleaner
[19:03:54] [Client thread/INFO]: Loaded gt.recipe.particlecollider
[19:03:54] [Client thread/INFO]: Loaded gt.recipe.plantalyzer
[19:03:54] [Client thread/INFO]: Loaded gt.recipe.polarizer
[19:03:54] [Client thread/INFO]: Loaded gt.recipe.press
[19:03:54] [Client thread/INFO]: Loaded gt.recipe.printer
[19:03:54] [Client thread/INFO]: Loaded gt.recipe.replicator
[19:03:54] [Client thread/INFO]: Loaded gt.recipe.roaster
[19:03:54] [Client thread/INFO]: Loaded gt.recipe.rollbender
[19:03:54] [Client thread/INFO]: Loaded gt.recipe.rollformer
[19:03:54] [Client thread/INFO]: Loaded gt.recipe.rollingmill
[19:03:54] [Client thread/INFO]: Loaded gt.recipe.scannermolecular
[19:03:54] [Client thread/INFO]: Loaded gt.recipe.scannervisuals
[19:03:54] [Client thread/INFO]: Loaded gt.recipe.sharpener
[19:03:54] [Client thread/INFO]: Loaded gt.recipe.shredder
[19:03:54] [Client thread/INFO]: Loaded gt.recipe.sifter
[19:03:54] [Client thread/INFO]: Loaded gt.recipe.slicer
[19:03:54] [Client thread/INFO]: Loaded gt.recipe.sluice
[19:03:54] [Client thread/INFO]: Loaded gt.recipe.smelter
[19:03:54] [Client thread/INFO]: Loaded gt.recipe.squeezer
[19:03:54] [Client thread/INFO]: Loaded gt.recipe.steamcracking
[19:03:54] [Client thread/INFO]: Loaded gt.recipe.toolhead
[19:03:54] [Client thread/INFO]: Loaded gt.recipe.unboxinator
[19:03:54] [Client thread/INFO]: Loaded gt.recipe.welder
[19:03:54] [Client thread/INFO]: Loaded gt.recipe.well
[19:03:54] [Client thread/INFO]: Loaded gt.recipe.wiremill
[19:03:54] [Client thread/INFO]: Loaded smelting
[19:03:54] [Client thread/INFO]: Loaded gt.recipe.trees
[19:03:54] [Client thread/INFO]: Sending NEIRegisterHandlerInfosEvent
[19:03:54] [Client thread/INFO]: Loading NEI Plugins via ClassDiscoverer: 9
[19:03:54] [Client thread/INFO]: Loading 'handlerordering.csv' file .\config\NEI\handlerordering.csv
[19:03:54] [Client thread/INFO]: Item: Исчерпанный ТВЭЛ Has not stacksize 0
[19:03:54] [Client thread/INFO]: Item: Исчерпанный ТВЭЛ Has not stacksize 0
[19:03:54] [Client thread/INFO]: Item: Слиток очищенного железа Has not stacksize 0
[19:03:54] [Client thread/INFO]: CoFH Core found 1 World Generation files present in C:\Users\brawl\Desktop\mods\HTGT-6\run\config\cofh\world/.
[19:03:54] [Client thread/INFO]: Forge Mod Loader has successfully loaded 39 mods
[19:03:54] [Client thread/INFO]: Reloading ResourceManager: Default, FMLFileResourcePack:Forge Mod Loader, FMLFileResourcePack:Minecraft Forge, FMLFileResourcePack:NotEnoughItems, FMLFileResourcePack:MineTweaker 3, FMLFileResourcePack:Galacticraft Planets, FMLFileResourcePack:Galacticraft Core, FMLFileResourcePack:GalaxySpace, FMLFileResourcePack:Greg-API, FMLFileResourcePack:Greg-API-Post, FMLFileResourcePack:GregTech 6 Unofficial, FMLFileResourcePack:HTGT6, FMLFileResourcePack:UniMixins, FMLFileResourcePack:UniMixins: Mixin (UniMix), FMLFileResourcePack:UniMixins: Compatibility, FMLFileResourcePack:UniMixins: Mixingasm, FMLFileResourcePack:UniMixins: SpongeMixins, FMLFileResourcePack:UniMixins: MixinBooterLegacy, FMLFileResourcePack:UniMixins: GasStation, FMLFileResourcePack:UniMixins: GTNHMixins, FMLFileResourcePack:UniMixins: MixinExtras, FMLFileResourcePack:CoFH Core, FMLFileResourcePack:EnderCore, FMLFileResourcePack:Ender IO, FMLFileResourcePack:Industrial Craft Classic, FMLFileResourcePack:IC2 Classic Detection Helper, FMLFileResourcePack:Multi World, FMLFileResourcePack:NEI Addons: Botany, FMLFileResourcePack:NEI Addons: Developer Tools, FMLFileResourcePack:NEI Addons: Ex Nihilo, FMLFileResourcePack:NEI Addons: Crafting Tables, FMLFileResourcePack:NEI Addons, FMLFileResourcePack:NEI Addons: Forestry, FMLFileResourcePack:NEI Addons: Applied Energistics 2, FMLFileResourcePack:NEIIntegration
[19:04:09] [Client thread/INFO]: Created: 8192x4096 textures/blocks-atlas
[19:04:09] [Client thread/INFO]: Removed 0 missing texture stacktraces. Tada!
[19:04:14] [Client thread/INFO]: Created: 8192x4096 textures/items-atlas
[19:04:14] [Client thread/INFO]: Removed 0 missing texture stacktraces. Tada!
[19:04:14] [Client thread/INFO]: [paulscode.sound.SoundSystemLogger:message:69]: 
[19:04:14] [Client thread/INFO]: [paulscode.sound.SoundSystemLogger:message:69]: SoundSystem shutting down...
[19:04:14] [Client thread/INFO]: [paulscode.sound.SoundSystemLogger:importantMessage:90]:     Author: Paul Lamb, www.paulscode.com
[19:04:14] [Client thread/INFO]: [paulscode.sound.SoundSystemLogger:message:69]: 
[19:04:14] [Sound Library Loader/INFO]: [paulscode.sound.SoundSystemLogger:message:69]: 
[19:04:14] [Sound Library Loader/INFO]: [paulscode.sound.SoundSystemLogger:message:69]: Starting up SoundSystem...
[19:04:14] [Thread-12/INFO]: [paulscode.sound.SoundSystemLogger:message:69]: Initializing LWJGL OpenAL
[19:04:14] [Thread-12/INFO]: [paulscode.sound.SoundSystemLogger:message:69]:     (The LWJGL binding of OpenAL.  For more information, see http://www.lwjgl.org)
[19:04:14] [Thread-12/INFO]: [paulscode.sound.SoundSystemLogger:message:69]: OpenAL initialized.
[19:04:14] [Client thread/ERROR]: Failed to load 'untranslator.cfg' file nei:untranslator.cfg
[19:04:14] [Client thread/ERROR]: +=+=+=+=+=+=+=+=+=+=+=+=+=+=+=+=+=+=+=+=+=+=+=+=+=
[19:04:14] [Client thread/ERROR]: The following texture errors were found.
[19:04:14] [Client thread/ERROR]: ==================================================
[19:04:14] [Client thread/ERROR]:   DOMAIN minecraft
[19:04:14] [Client thread/ERROR]: --------------------------------------------------
[19:04:14] [Client thread/ERROR]:   domain minecraft is missing 1 texture
[19:04:14] [Client thread/ERROR]:     domain minecraft has 3 locations:
[19:04:14] [Client thread/ERROR]:       unknown resourcepack type net.minecraft.client.resources.DefaultResourcePack : Default
[19:04:14] [Client thread/ERROR]:       mod FML resources at C:\Users\brawl\.gradle\caches\minecraft\net\minecraftforge\forge\1.7.10-10.13.4.1614-1.7.10\forgeSrc-1.7.10-10.13.4.1614-1.7.10.jar
[19:04:14] [Client thread/ERROR]:       mod Forge resources at C:\Users\brawl\.gradle\caches\minecraft\net\minecraftforge\forge\1.7.10-10.13.4.1614-1.7.10\forgeSrc-1.7.10-10.13.4.1614-1.7.10.jar
[19:04:14] [Client thread/ERROR]: -------------------------
[19:04:14] [Client thread/ERROR]:     The missing resources for domain minecraft are:
[19:04:14] [Client thread/ERROR]:       textures/items/MISSING_ICON_ITEM_4753_WoodPlate.png
[19:04:14] [Client thread/ERROR]: -------------------------
[19:04:14] [Client thread/ERROR]:     No other errors exist for domain minecraft
[19:04:14] [Client thread/ERROR]: ==================================================
[19:04:14] [Client thread/ERROR]: ==================================================
[19:04:14] [Client thread/ERROR]:   DOMAIN galaxyspace
[19:04:14] [Client thread/ERROR]: --------------------------------------------------
[19:04:14] [Client thread/ERROR]:   domain galaxyspace is missing 1 texture
[19:04:14] [Client thread/ERROR]:     domain galaxyspace has 1 location:
[19:04:14] [Client thread/ERROR]:       mod GalaxySpace resources at C:\Users\brawl\Desktop\mods\HTGT-6\libs\GalaxySpace-1.7.10-1.2.15.jar
[19:04:14] [Client thread/ERROR]: -------------------------
[19:04:14] [Client thread/ERROR]:     The missing resources for domain galaxyspace are:
[19:04:14] [Client thread/ERROR]:       textures/blocks/proximasystem/proxima_b/proxima_b_ice_surface.png
[19:04:14] [Client thread/ERROR]: -------------------------
[19:04:14] [Client thread/ERROR]:     No other errors exist for domain galaxyspace
[19:04:14] [Client thread/ERROR]: ==================================================
[19:04:14] [Client thread/ERROR]: ==================================================
[19:04:14] [Client thread/ERROR]:   DOMAIN htgt6
[19:04:14] [Client thread/ERROR]: --------------------------------------------------
[19:04:14] [Client thread/ERROR]:   domain htgt6 is missing 16 textures
[19:04:14] [Client thread/ERROR]:     domain htgt6 has 1 location:
[19:04:14] [Client thread/ERROR]:       mod HTGT6 resources at C:\Users\brawl\Desktop\mods\HTGT-6\build\libs\HiTech6_V_1.0.4_Build_.jar
[19:04:14] [Client thread/ERROR]: -------------------------
[19:04:14] [Client thread/ERROR]:     The missing resources for domain htgt6 are:
[19:04:14] [Client thread/ERROR]:       textures/items/itemQuantumPartLeggins.png
[19:04:14] [Client thread/ERROR]:       textures/items/itemChipEnergycrystall.png
[19:04:14] [Client thread/ERROR]:       textures/blocks/gas_turbine_top.png
[19:04:14] [Client thread/ERROR]:       textures/items/itemQuantumPartHelmet.png
[19:04:14] [Client thread/ERROR]:       textures/items/itemChipDiamond.png
[19:04:14] [Client thread/ERROR]:       textures/blocks/GlieseC_water_flow.png
[19:04:14] [Client thread/ERROR]:       textures/items/itemChipLapatron.png
[19:04:14] [Client thread/ERROR]:       textures/items/NovaCrystalDust.png
[19:04:14] [Client thread/ERROR]:       textures/blocks/gas_turbine_front.png
[19:04:14] [Client thread/ERROR]:       textures/items/itemQuantumPartChestplate.png
[19:04:14] [Client thread/ERROR]:       textures/items/itemChipGold.png
[19:04:14] [Client thread/ERROR]:       textures/items/itemQuantumPartBoots.png
[19:04:14] [Client thread/ERROR]:       textures/blocks/gas_turbine_side.png
[19:04:14] [Client thread/ERROR]:       textures/items/itemChipEmerald.png
[19:04:14] [Client thread/ERROR]:       textures/items/RocketSchema1.png
[19:04:14] [Client thread/ERROR]:       textures/items/NovaCrystalAlloyIngot.png
[19:04:14] [Client thread/ERROR]: -------------------------
[19:04:14] [Client thread/ERROR]:     No other errors exist for domain htgt6
[19:04:14] [Client thread/ERROR]: ==================================================
[19:04:14] [Client thread/ERROR]: ==================================================
[19:04:14] [Client thread/ERROR]:   DOMAIN gregapi
[19:04:14] [Client thread/ERROR]: --------------------------------------------------
[19:04:14] [Client thread/ERROR]:   domain gregapi is missing 1 texture
[19:04:14] [Client thread/ERROR]:     domain gregapi has 3 locations:
[19:04:14] [Client thread/ERROR]:       mod gregapi resources at C:\Users\brawl\Desktop\mods\HTGT-6\libs\gregtech_1.7.10-6.15.07-unofficial.jar
[19:04:14] [Client thread/ERROR]:       mod gregapi_post resources at C:\Users\brawl\Desktop\mods\HTGT-6\libs\gregtech_1.7.10-6.15.07-unofficial.jar
[19:04:14] [Client thread/ERROR]:       mod gregtech resources at C:\Users\brawl\Desktop\mods\HTGT-6\libs\gregtech_1.7.10-6.15.07-unofficial.jar
[19:04:14] [Client thread/ERROR]: -------------------------
[19:04:14] [Client thread/ERROR]:     The missing resources for domain gregapi are:
[19:04:14] [Client thread/ERROR]:       textures/blocks/overlays/characters/lp.png
[19:04:14] [Client thread/ERROR]: -------------------------
[19:04:14] [Client thread/ERROR]:     No other errors exist for domain gregapi
[19:04:14] [Client thread/ERROR]: ==================================================
[19:04:14] [Client thread/ERROR]: +=+=+=+=+=+=+=+=+=+=+=+=+=+=+=+=+=+=+=+=+=+=+=+=+=
[19:04:14] [Sound Library Loader/INFO]: [paulscode.sound.SoundSystemLogger:message:69]: 
[19:04:14] [Sound Library Loader/INFO]: Sound engine started
[19:04:15] [Client thread/INFO]: [com.mod.htgt6.client.vanillatweaks.VanillaTweaksHandler:onGuiOpen:32]: Replacing world selection GUI
[19:04:17] [Server thread/INFO]: Starting integrated minecraft server version 1.7.10
[19:04:17] [Server thread/INFO]: Generating keypair
[19:04:17] [Server thread/INFO]: [minetweaker.mc1710.recipes.MCRecipeManager:applyAdditionsAndRemovals:716]: MineTweaker: Applying additions and removals
[19:04:17] [Server thread/INFO]: [minetweaker.mc1710.recipes.MCRecipeManager$ActionBatchRemoveRecipe:apply:685]: Removing 0 recipes
[19:04:18] [Server thread/INFO]: [minetweaker.runtime.MTTweaker:load:114]: Loading scripts
[19:04:18] [Server thread/INFO]: [minetweaker.runtime.MTTweaker:load:162]: MineTweaker: Loading test.zs
[19:04:18] [Server thread/INFO]: [com.mod.htgt6.common.MT.CTAssembler:<clinit>:19]: [HTGT6] CTAssembler loaded
[19:04:18] [Server thread/INFO]: [com.mod.htgt6.common.MT.CTSMCompressor:<clinit>:17]: [HTGT6] CTSMC loaded
[19:04:18] [Server thread/INFO]: [minetweaker.runtime.MTTweaker:load:162]: MineTweaker: Loading intermod
[19:04:18] [Server thread/INFO]: [minetweaker.mc1710.recipes.MCRecipeManager:applyAdditionsAndRemovals:716]: MineTweaker: Applying additions and removals
[19:04:18] [Server thread/INFO]: [minetweaker.mc1710.recipes.MCRecipeManager$ActionBatchRemoveRecipe:apply:685]: Removing 0 recipes
[19:04:18] [Server thread/INFO]: Injecting existing block and item data into this server instance
[19:04:18] [Server thread/INFO]: Applying holder lookups
[19:04:18] [Server thread/INFO]: Holder lookups applied
[19:04:18] [Server thread/INFO]: [micdoodle8.mods.miccore.MicdoodleTransformer:printResultsAndReset:1908]: Potential problem: Galacticraft did not complete injection of bytecode into: net/minecraft/world/gen/ChunkProviderServer (0 / 1)
[19:04:18] [Server thread/INFO]: Loading dimension 0 (Новый мир) (net.minecraft.server.integrated.IntegratedServer@4cf7de1b)
[19:04:18] [Server thread/INFO]: Loading dimension 1 (Новый мир) (net.minecraft.server.integrated.IntegratedServer@4cf7de1b)
[19:04:18] [Server thread/INFO]: Loading dimension -1 (Новый мир) (net.minecraft.server.integrated.IntegratedServer@4cf7de1b)
[19:04:18] [Server thread/INFO]: Preparing start region for level 0
[19:04:19] [Server thread/INFO]: Registered Dimension: -30
[19:04:19] [Server thread/INFO]: Loading dimension -30 (Новый мир) (net.minecraft.server.integrated.IntegratedServer@4cf7de1b)
[19:04:19] [Server thread/INFO]: Registered Dimension: -1050
[19:04:19] [Server thread/INFO]: [galaxyspace.core.world.worldengine.WE_WorldProvider:registerWorldChunkManager:19]: ////////////////////////////////////-
[19:04:19] [Server thread/INFO]: [galaxyspace.core.world.worldengine.WE_WorldProvider:registerWorldChunkManager:20]: //#===============================//=* Version: 1.2.15 Pre-Final.
[19:04:19] [Server thread/INFO]: [galaxyspace.core.world.worldengine.WE_WorldProvider:registerWorldChunkManager:21]: //#=-------| WorldEngine |-------=//=* By Vamig Aliev (vk.com/win_vista).
[19:04:19] [Server thread/INFO]: [galaxyspace.core.world.worldengine.WE_WorldProvider:registerWorldChunkManager:22]: //#===============================//=* Part of VamigA_core (vk.com/vamiga).
[19:04:19] [Server thread/INFO]: [galaxyspace.core.world.worldengine.WE_WorldProvider:registerWorldChunkManager:23]: ////////////////////////////////////-
[19:04:19] [Server thread/INFO]: [galaxyspace.core.world.worldengine.WE_WorldProvider:registerWorldChunkManager:25]: WorldEngine: -Registering WorldEngine...
[19:04:19] [Server thread/INFO]: [galaxyspace.core.world.worldengine.WE_WorldProvider:registerWorldChunkManager:27]: WorldEngine: -Registration completed successfully!
[19:04:19] [Server thread/INFO]: [galaxyspace.core.world.worldengine.WE_WorldProvider:createChunkGenerator:32]: WorldEngine: -Starting WorldEngine...
[19:04:19] [Server thread/INFO]: [galaxyspace.core.world.worldengine.WE_ChunkProvider:<init>:94]: WorldEngine: -Applying your WorldEngine settings...
[19:04:19] [Server thread/INFO]: [galaxyspace.core.world.worldengine.WE_ChunkProvider:<init>:98]: WorldEngine: -WorldEngine is configured successfully!
[19:04:19] [Server thread/INFO]: [galaxyspace.core.world.worldengine.WE_WorldProvider:createChunkGenerator:34]: WorldEngine: -WorldEngine started successfully!
[19:04:19] [Server thread/INFO]: Loading dimension -1050 (Новый мир) (net.minecraft.server.integrated.IntegratedServer@4cf7de1b)
[19:04:19] [Server thread/INFO]: Registered Dimension: -1051
[19:04:19] [Server thread/INFO]: [galaxyspace.core.world.worldengine.WE_WorldProvider:registerWorldChunkManager:19]: ////////////////////////////////////-
[19:04:19] [Server thread/INFO]: [galaxyspace.core.world.worldengine.WE_WorldProvider:registerWorldChunkManager:20]: //#===============================//=* Version: 1.2.15 Pre-Final.
[19:04:19] [Server thread/INFO]: [galaxyspace.core.world.worldengine.WE_WorldProvider:registerWorldChunkManager:21]: //#=-------| WorldEngine |-------=//=* By Vamig Aliev (vk.com/win_vista).
[19:04:19] [Server thread/INFO]: [galaxyspace.core.world.worldengine.WE_WorldProvider:registerWorldChunkManager:22]: //#===============================//=* Part of VamigA_core (vk.com/vamiga).
[19:04:19] [Server thread/INFO]: [galaxyspace.core.world.worldengine.WE_WorldProvider:registerWorldChunkManager:23]: ////////////////////////////////////-
[19:04:19] [Server thread/INFO]: [galaxyspace.core.world.worldengine.WE_WorldProvider:registerWorldChunkManager:25]: WorldEngine: -Registering WorldEngine...
[19:04:19] [Server thread/INFO]: [galaxyspace.core.world.worldengine.WE_WorldProvider:registerWorldChunkManager:27]: WorldEngine: -Registration completed successfully!
[19:04:19] [Server thread/INFO]: [galaxyspace.core.world.worldengine.WE_WorldProvider:createChunkGenerator:32]: WorldEngine: -Starting WorldEngine...
[19:04:19] [Server thread/INFO]: [galaxyspace.core.world.worldengine.WE_ChunkProvider:<init>:94]: WorldEngine: -Applying your WorldEngine settings...
[19:04:19] [Server thread/INFO]: [galaxyspace.core.world.worldengine.WE_ChunkProvider:<init>:98]: WorldEngine: -WorldEngine is configured successfully!
[19:04:19] [Server thread/INFO]: [galaxyspace.core.world.worldengine.WE_WorldProvider:createChunkGenerator:34]: WorldEngine: -WorldEngine started successfully!
[19:04:19] [Server thread/INFO]: Loading dimension -1051 (Новый мир) (net.minecraft.server.integrated.IntegratedServer@4cf7de1b)
[19:04:19] [Server thread/INFO]: Registered Dimension: -1007
[19:04:19] [Server thread/INFO]: Loading dimension -1007 (Новый мир) (net.minecraft.server.integrated.IntegratedServer@4cf7de1b)
[19:04:19] [Server thread/INFO]: Registered Dimension: -81
[19:04:19] [Server thread/INFO]: Loading dimension -81 (Новый мир) (net.minecraft.server.integrated.IntegratedServer@4cf7de1b)
[19:04:19] [Server thread/INFO]: Registered Dimension: -888
[19:04:19] [Server thread/INFO]: Loading dimension -888 (Новый мир) (net.minecraft.server.integrated.IntegratedServer@4cf7de1b)
[19:04:19] [Server thread/INFO]: Registered Dimension: -1009
[19:04:19] [Server thread/INFO]: Loading dimension -1009 (Новый мир) (net.minecraft.server.integrated.IntegratedServer@4cf7de1b)
[19:04:19] [Server thread/INFO]: Registered Dimension: -29
[19:04:19] [Server thread/INFO]: Loading dimension -29 (Новый мир) (net.minecraft.server.integrated.IntegratedServer@4cf7de1b)
[19:04:19] [Server thread/INFO]: Registered Dimension: -1005
[19:04:19] [Server thread/INFO]: Loading dimension -1005 (Новый мир) (net.minecraft.server.integrated.IntegratedServer@4cf7de1b)
[19:04:19] [Server thread/INFO]: Registered Dimension: -1008
[19:04:19] [Server thread/INFO]: Loading dimension -1008 (Новый мир) (net.minecraft.server.integrated.IntegratedServer@4cf7de1b)
[19:04:19] [Server thread/INFO]: Registered Dimension: -1025
[19:04:19] [Server thread/INFO]: [galaxyspace.core.world.worldengine.WE_WorldProvider:registerWorldChunkManager:19]: ////////////////////////////////////-
[19:04:19] [Server thread/INFO]: [galaxyspace.core.world.worldengine.WE_WorldProvider:registerWorldChunkManager:20]: //#===============================//=* Version: 1.2.15 Pre-Final.
[19:04:19] [Server thread/INFO]: [galaxyspace.core.world.worldengine.WE_WorldProvider:registerWorldChunkManager:21]: //#=-------| WorldEngine |-------=//=* By Vamig Aliev (vk.com/win_vista).
[19:04:19] [Server thread/INFO]: [galaxyspace.core.world.worldengine.WE_WorldProvider:registerWorldChunkManager:22]: //#===============================//=* Part of VamigA_core (vk.com/vamiga).
[19:04:19] [Server thread/INFO]: [galaxyspace.core.world.worldengine.WE_WorldProvider:registerWorldChunkManager:23]: ////////////////////////////////////-
[19:04:19] [Server thread/INFO]: [galaxyspace.core.world.worldengine.WE_WorldProvider:registerWorldChunkManager:25]: WorldEngine: -Registering WorldEngine...
[19:04:19] [Server thread/INFO]: [galaxyspace.core.world.worldengine.WE_WorldProvider:registerWorldChunkManager:27]: WorldEngine: -Registration completed successfully!
[19:04:19] [Server thread/INFO]: [galaxyspace.core.world.worldengine.WE_WorldProvider:createChunkGenerator:32]: WorldEngine: -Starting WorldEngine...
[19:04:19] [Server thread/INFO]: [galaxyspace.core.world.worldengine.WE_ChunkProvider:<init>:94]: WorldEngine: -Applying your WorldEngine settings...
[19:04:19] [Server thread/INFO]: [galaxyspace.core.world.worldengine.WE_ChunkProvider:<init>:98]: WorldEngine: -WorldEngine is configured successfully!
[19:04:19] [Server thread/INFO]: [galaxyspace.core.world.worldengine.WE_WorldProvider:createChunkGenerator:34]: WorldEngine: -WorldEngine started successfully!
[19:04:19] [Server thread/INFO]: Loading dimension -1025 (Новый мир) (net.minecraft.server.integrated.IntegratedServer@4cf7de1b)
[19:04:19] [Server thread/INFO]: Registered Dimension: -1006
[19:04:19] [Server thread/INFO]: Loading dimension -1006 (Новый мир) (net.minecraft.server.integrated.IntegratedServer@4cf7de1b)
[19:04:19] [Server thread/INFO]: Registered Dimension: -1022
[19:04:19] [Server thread/INFO]: Loading dimension -1022 (Новый мир) (net.minecraft.server.integrated.IntegratedServer@4cf7de1b)
[19:04:19] [Server thread/INFO]: Registered Dimension: -1017
[19:04:19] [Server thread/INFO]: Loading dimension -1017 (Новый мир) (net.minecraft.server.integrated.IntegratedServer@4cf7de1b)
[19:04:19] [Server thread/INFO]: Registered Dimension: -1015
[19:04:19] [Server thread/INFO]: Loading dimension -1015 (Новый мир) (net.minecraft.server.integrated.IntegratedServer@4cf7de1b)
[19:04:19] [Server thread/INFO]: Registered Dimension: -1016
[19:04:19] [Server thread/INFO]: Loading dimension -1016 (Новый мир) (net.minecraft.server.integrated.IntegratedServer@4cf7de1b)
[19:04:19] [Server thread/INFO]: Registered Dimension: -1014
[19:04:19] [Server thread/INFO]: Loading dimension -1014 (Новый мир) (net.minecraft.server.integrated.IntegratedServer@4cf7de1b)
[19:04:19] [Server thread/INFO]: Registered Dimension: -1024
[19:04:19] [Server thread/INFO]: Loading dimension -1024 (Новый мир) (net.minecraft.server.integrated.IntegratedServer@4cf7de1b)
[19:04:19] [Server thread/INFO]: Registered Dimension: -28
[19:04:19] [Server thread/INFO]: Loading dimension -28 (Новый мир) (net.minecraft.server.integrated.IntegratedServer@4cf7de1b)
[19:04:19] [Server thread/INFO]: Registered Dimension: -1018
[19:04:19] [Server thread/INFO]: [galaxyspace.core.world.worldengine.WE_WorldProvider:registerWorldChunkManager:19]: ////////////////////////////////////-
[19:04:19] [Server thread/INFO]: [galaxyspace.core.world.worldengine.WE_WorldProvider:registerWorldChunkManager:20]: //#===============================//=* Version: 1.2.15 Pre-Final.
[19:04:19] [Server thread/INFO]: [galaxyspace.core.world.worldengine.WE_WorldProvider:registerWorldChunkManager:21]: //#=-------| WorldEngine |-------=//=* By Vamig Aliev (vk.com/win_vista).
[19:04:19] [Server thread/INFO]: [galaxyspace.core.world.worldengine.WE_WorldProvider:registerWorldChunkManager:22]: //#===============================//=* Part of VamigA_core (vk.com/vamiga).
[19:04:19] [Server thread/INFO]: [galaxyspace.core.world.worldengine.WE_WorldProvider:registerWorldChunkManager:23]: ////////////////////////////////////-
[19:04:19] [Server thread/INFO]: [galaxyspace.core.world.worldengine.WE_WorldProvider:registerWorldChunkManager:25]: WorldEngine: -Registering WorldEngine...
[19:04:19] [Server thread/INFO]: [galaxyspace.core.world.worldengine.WE_WorldProvider:registerWorldChunkManager:27]: WorldEngine: -Registration completed successfully!
[19:04:19] [Server thread/INFO]: [galaxyspace.core.world.worldengine.WE_WorldProvider:createChunkGenerator:32]: WorldEngine: -Starting WorldEngine...
[19:04:19] [Server thread/INFO]: [galaxyspace.core.world.worldengine.WE_ChunkProvider:<init>:94]: WorldEngine: -Applying your WorldEngine settings...
[19:04:19] [Server thread/INFO]: [galaxyspace.core.world.worldengine.WE_ChunkProvider:<init>:98]: WorldEngine: -WorldEngine is configured successfully!
[19:04:19] [Server thread/INFO]: [galaxyspace.core.world.worldengine.WE_WorldProvider:createChunkGenerator:34]: WorldEngine: -WorldEngine started successfully!
[19:04:19] [Server thread/INFO]: Loading dimension -1018 (Новый мир) (net.minecraft.server.integrated.IntegratedServer@4cf7de1b)
[19:04:19] [Server thread/INFO]: Registered Dimension: -1021
[19:04:19] [Server thread/INFO]: Loading dimension -1021 (Новый мир) (net.minecraft.server.integrated.IntegratedServer@4cf7de1b)
[19:04:19] [Thread-15/ERROR]: Проверка обновлений для Galacticraft провалилась! Следующая попытка произойдёт через 15 секунд.
[19:04:19] [Server thread/INFO]: Transforming Class [net.minecraft.inventory.ContainerRepair], Method [updateRepairOutput]
[19:04:19] [Server thread/INFO]: Transforming net.minecraft.inventory.ContainerRepair Finished.
[19:04:19] [Server thread/INFO]: Changing view distance to 12, from 10
[19:04:19] [Client thread/INFO]: [micdoodle8.mods.miccore.MicdoodleTransformer:printLog:1992]: Galacticraft successfully injected bytecode into: net/minecraft/client/network/NetHandlerPlayClient (2 / 2)
[19:04:19] [Netty Client IO #0/INFO]: Server protocol version 2
[19:04:19] [Netty IO #1/INFO]: Client protocol version 2
[19:04:19] [Netty IO #1/INFO]: Client attempting to join with 39 mods : HTGT6@1.0.4,CoFHCore@1.7.10R3.1.4,NotEnoughItems@2.8.19-GTNH,gregapi@GT6-MC1710,neiintegration@1.5.0,unimixins-compat@0.1.23,NEIAddons@1.17.0,Forge@10.13.4.1614,gregapi_post@GT6-MC1710,NEIAddons|Botany@1.17.0,CodeChickenCore@1.4.7,NEIAddons|Developer@1.17.0,MineTweaker3@3.2.13,IC2@2.2.999,endercore@0.2.11,mixinbooterlegacy@1.2.1,mcp@9.05,IC2-Classic-Spmod@0.0.0.0,unimixins-mixin@0.1.23,mixingasm@0.3,gtnhmixins@2.2.0,mixinextras@0.1.23,MultiWorld@1.2.7,FML@7.10.99.99,NEIAddons|Forestry@1.17.0,spongemixins@2.0.1,GalaxySpace@1.2.15 Pre-Final,<CoFH ASM>@000,NEIAddons|ExNihilo@1.17.0,NEIAddons|CraftingTables@1.17.0,Micdoodlecore@,NEIAddons|AppEng@1.17.0,unimixins@0.1.23,gasstation@0.5.1,gregtech@GT6-MC1710,GT_ASM@6.14.01,GalacticraftCore@3.0.12,GalacticraftMars@3.0.12,EnderIO@2.3.1.47
[19:04:19] [Netty IO #1/INFO]: Attempting connection with missing mods [] at CLIENT
[19:04:19] [Netty Client IO #0/INFO]: Attempting connection with missing mods [] at SERVER
[19:04:20] [Client thread/INFO]: [Client thread] Client side modded connection established
[19:04:20] [Client thread/INFO]: Connected to new server, resetting commands
[19:04:20] [Server thread/INFO]: [Server thread] Server side modded connection established
[19:04:20] [Server thread/INFO]: Player375[local:E:9c17fa6d] logged in with entity id 367 at (-124.37687737013933, 78.77989672721357, 290.49303725711576)
[19:04:20] [Server thread/INFO]: Player375 присоединился к игре
[19:04:20] [Server thread/INFO]: Sending server configs to client for com.enderio.core.common.config.ConfigHandler
[19:04:20] [Client thread/INFO]: Transforming Class [net.minecraft.inventory.ContainerRepair], Method [updateRepairOutput]
[19:04:20] [Client thread/INFO]: Transforming net.minecraft.inventory.ContainerRepair Finished.
[19:04:21] [Client thread/ERROR]: Failed to load 'untranslator.cfg' file nei:untranslator.cfg
[19:04:21] [Client thread/INFO]: Loading 'informationpages.cfg' file .\config\NEI\informationpages.cfg
[19:04:21] [Client thread/INFO]: Received handshake from server
[19:04:21] [Client thread/INFO]: Available server commands: 
[19:04:21] [ForkJoinPool.commonPool-worker-6/INFO]: Loading integration: Minecraft / Forge
[19:04:21] [NEI Plugin Loader/INFO]: Loading catalyst info from JAR
[19:04:21] [NEI Plugin Loader/INFO]: Loading 'collapsibleitems.cfg' file .\config\NEI\collapsibleitems.cfg
[19:04:21] [NEI Plugin Loader/INFO]: Loading favorites from file .\saves\NEI\global\favorites.ini
[19:04:21] [NEI Plugin Loader/INFO]: Loading 'handlers.patch' file .\config\NEI\handlers.patch
[19:04:22] [Thread-16/ERROR]: Проверка обновлений для Galacticraft провалилась! Следующая попытка произойдёт через 15 секунд.
[19:04:22] [NEI Item Loading/WARN]: NEI: Forced tag update with reason (isDamaged) for 1xitem.reactorCondensatorLap@0
[19:04:22] [NEI Item Loading/WARN]: NEI: Forced tag update with reason (isDamaged) for 1xitem.reactorCondensator@0
[19:04:22] [NEI Item Loading/WARN]: NEI: Forced tag update with reason (isDamaged) for 1xitem.reactorReflectorThick@0
[19:04:22] [NEI Item Loading/WARN]: NEI: Forced tag update with reason (isDamaged) for 1xitem.reactorReflector@0
[19:04:22] [NEI Item Loading/WARN]: NEI: Forced tag update with reason (isDamaged) for 1xitem.reactorVentDiamond@0
[19:04:22] [NEI Item Loading/WARN]: NEI: Forced tag update with reason (isDamaged) for 1xitem.reactorVentGold@0
[19:04:22] [NEI Item Loading/WARN]: NEI: Forced tag update with reason (isDamaged) for 1xitem.reactorVentCore@0
[19:04:22] [NEI Item Loading/WARN]: NEI: Forced tag update with reason (isDamaged) for 1xitem.reactorVent@0
[19:04:22] [NEI Item Loading/WARN]: NEI: Forced tag update with reason (isDamaged) for 1xitem.reactorHeatSwitchDiamond@0
[19:04:22] [NEI Item Loading/WARN]: NEI: Forced tag update with reason (isDamaged) for 1xitem.reactorHeatSwitchSpread@0
[19:04:22] [NEI Item Loading/WARN]: NEI: Forced tag update with reason (isDamaged) for 1xitem.reactorHeatSwitchCore@0
[19:04:22] [NEI Item Loading/WARN]: NEI: Forced tag update with reason (isDamaged) for 1xitem.reactorCoolantSix@0
[19:04:22] [NEI Item Loading/WARN]: NEI: Forced tag update with reason (isDamaged) for 1xitem.reactorCoolantTriple@0
[19:04:22] [NEI Item Loading/WARN]: NEI: Forced tag update with reason (isDamaged) for 1xitem.reactorHeatSwitch@0
[19:04:22] [NEI Item Loading/WARN]: NEI: Forced tag update with reason (isDamaged) for 1xitem.reactorCoolantSimple@0
[19:04:22] [NEI Item Loading/WARN]: NEI: Forced tag update with reason (isDamaged) for 1xitem.itemFuelCan@0
[19:04:22] [NEI Item Loading/WARN]: NEI: Forced tag update with reason (isDamaged) for 1xitem.reactorSteamVent@0
[19:04:22] [NEI Item Loading/WARN]: NEI: Forced tag update with reason (isDamaged) for 1xitem.reactorSteamVentCore@0
[19:04:22] [NEI Item Loading/WARN]: NEI: Forced tag update with reason (isDamaged) for 1xitem.reactorSteamVentGold@0
[19:04:22] [NEI Item Loading/WARN]: NEI: Forced tag update with reason (isDamaged) for 1xitem.reactorSteamVentDiamond@0
[19:04:22] [NEI Item Loading/WARN]: NEI: Forced tag update with reason (getDurabilityForDisplay) for 1xitem.itemMetaScanners@0
[19:04:22] [NEI Item Loading/WARN]: NEI: Forced tag update with reason (getDurabilityForDisplay) for 1xitem.itemMetaScanners@1
[19:04:22] [NEI Item Loading/WARN]: NEI: Forced tag update with reason (getDurabilityForDisplay) for 1xitem.itemMetaScanners@2
[19:04:22] [NEI Item Loading/WARN]: NEI: Forced tag update with reason (getDurabilityForDisplay) for 1xitem.itemMetaScanners@3
[19:04:22] [NEI Item Loading/WARN]: NEI: Forced tag update with reason (getDurabilityForDisplay) for 1xitem.itemMetaScanners@4
[19:04:22] [NEI Item Loading/WARN]: NEI: Forced tag update with reason (getDurabilityForDisplay) for 1xitem.itemMetaScanners@5
[19:04:22] [NEI Item Loading/WARN]: NEI: Forced tag update with reason (getDurabilityForDisplay) for 1xitem.itemMetaScanners@6
[19:04:22] [NEI Item Loading/WARN]: NEI: Forced tag update with reason (getDurabilityForDisplay) for 1xitem.itemMetaScanners@7
[19:04:22] [NEI Item Loading/WARN]: NEI: Forced tag update with reason (isDamaged) for 1xitem.itemEnrichedUraniumCells@0
[19:04:22] [NEI Item Loading/WARN]: NEI: Forced tag update with reason (isDamaged) for 1xitem.itemEnrichedUraniumCells@1
[19:04:22] [NEI Item Loading/WARN]: NEI: Forced tag update with reason (isDamaged) for 1xitem.itemEnrichedUraniumCells@2
[19:04:22] [NEI Item Loading/WARN]: NEI: Forced tag update with reason (isDamaged) for 1xitem.itemEnrichedUraniumCells@3
[19:04:22] [NEI Item Loading/WARN]: NEI: Forced tag update with reason (isDamaged) for 1xitem.itemEnrichedUraniumCells@4
[19:04:22] [NEI Item Loading/WARN]: NEI: Forced tag update with reason (isDamaged) for 1xitem.itemEnrichedUraniumCells@5
[19:04:22] [NEI Item Loading/WARN]: NEI: Forced tag update with reason (isDamaged) for 1xitem.itemEnrichedUraniumCells@6
[19:04:22] [NEI Item Loading/WARN]: NEI: Forced tag update with reason (isDamaged) for 1xitem.itemEnrichedUraniumCells@7
[19:04:22] [NEI Item Loading/WARN]: NEI: Forced tag update with reason (isDamaged) for 1xitem.itemEnrichedUraniumCells@8
[19:04:22] [NEI Item Loading/WARN]: NEI: Forced tag update with reason (isDamaged) for 1xitem.itemEnrichedUraniumCells@9
[19:04:22] [NEI Item Loading/WARN]: NEI: Forced tag update with reason (isDamaged) for 1xitem.itemEnrichedUraniumCells@10
[19:04:22] [NEI Item Loading/WARN]: NEI: Forced tag update with reason (isDamaged) for 1xitem.itemEnrichedUraniumCells@11
[19:04:22] [NEI Item Loading/WARN]: NEI: Forced tag update with reason (isDamaged) for 1xitem.itemEnrichedUraniumCells@12
[19:04:22] [NEI Item Loading/WARN]: NEI: Forced tag update with reason (isDamaged) for 1xitem.itemEnrichedUraniumCells@13
[19:04:22] [NEI Item Loading/WARN]: NEI: Forced tag update with reason (isDamaged) for 1xitem.itemEnrichedUraniumCells@14
[19:04:22] [NEI Item Loading/WARN]: NEI: Forced tag update with reason (isDamaged) for 1xitem.itemDepletedEnrichedUraniumCells@0
[19:04:22] [NEI Item Loading/WARN]: NEI: Forced tag update with reason (isDamaged) for 1xitem.itemDepletedEnrichedUraniumCells@1
[19:04:22] [NEI Item Loading/WARN]: NEI: Forced tag update with reason (isDamaged) for 1xitem.itemDepletedEnrichedUraniumCells@2
[19:04:22] [NEI Item Loading/WARN]: NEI: Forced tag update with reason (isDamaged) for 1xitem.itemDepletedEnrichedUraniumCells@3
[19:04:22] [NEI Item Loading/WARN]: NEI: Forced tag update with reason (isDamaged) for 1xitem.itemDepletedEnrichedUraniumCells@4
[19:04:22] [NEI Item Loading/WARN]: NEI: Forced tag update with reason (isDamaged) for 1xitem.itemElectricVent@0
[19:04:22] [NEI Item Loading/WARN]: NEI: Forced tag update with reason (isDamaged) for 1xitem.itemElectricVent@1
[19:04:22] [NEI Item Loading/WARN]: NEI: Forced tag update with reason (isDamaged) for 1xitem.itemElectricVent@2
[19:04:22] [NEI Item Loading/WARN]: NEI: Forced tag update with reason (isDamaged) for 1xitem.itemElectricVent@3
[19:04:22] [Client thread/INFO]: [micdoodle8.mods.galacticraft.core.network.PacketSimple:handleClientSide:815]: Cannot create directory %minecraftDir%/assets/temp!
[19:04:22] [NEI Item Loading/WARN]: NEI: Forced tag update with reason (getDurabilityForDisplay) for 1xitem.prospectorScanner@0
[19:04:22] [NEI Item Loading/WARN]: NEI: Forced tag update with reason (getDurabilityForDisplay) for 1xitem.bulkProspectorScanner@0
[19:04:22] [NEI Item Loading/INFO]: Loading bookmarks from file .\saves\NEI\global\bookmarks.ini
[19:04:34] [Thread-15/ERROR]: Проверка обновлений для Galacticraft провалилась! Следующая попытка произойдёт через 15 секунд.
[19:04:37] [Thread-16/ERROR]: Проверка обновлений для Galacticraft провалилась! Следующая попытка произойдёт через 15 секунд.
[19:04:42] [Server thread/INFO]: [Player375: Дано [Модификатор тира машины  EV] * 1 игроку Player375]
[19:04:42] [Client thread/INFO]: [CHAT] Дано [Модификатор тира машины  EV] * 1 игроку Player375
