[16:24:35] [main/DEBUG] [FML/]: Injecting tracing printstreams for STDOUT/STDERR.
[16:24:35] [main/INFO] [FML/]: Forge Mod Loader version 7.99.40.1614 for Minecraft 1.7.10 loading
[16:24:35] [main/INFO] [FML/]: Java is OpenJDK 64-Bit Server VM, version 1.8.0_452, running on Windows 11:amd64:10.0, installed at C:\Users\brawl\.jdks\liberica-full-1.8.0_452\jre
[16:24:35] [main/DEBUG] [FML/]: Java classpath at launch is C:\Users\brawl\.gradle\caches\minecraft\net\minecraftforge\forge\1.7.10-10.13.4.1614-1.7.10\start;C:\Users\brawl\Desktop\mods\HTGT-6\libs\GregTech6-Unofficial-dev.jar;C:\Users\brawl\.gradle\caches\minecraft\net\minecraftforge\forge\1.7.10-10.13.4.1614-1.7.10\forgeSrc-1.7.10-10.13.4.1614-1.7.10.jar;C:\Users\brawl\.gradle\caches\modules-2\files-2.1\net.minecraft\launchwrapper\1.12\111e7bea9c968cdb3d06ef4632bf7ff0824d0f36\launchwrapper-1.12.jar;C:\Users\brawl\.gradle\caches\modules-2\files-2.1\com.google.code.findbugs\jsr305\1.3.9\40719ea6961c0cb6afaeb6a921eaa1f6afd4cfdf\jsr305-1.3.9.jar;C:\Users\brawl\.gradle\caches\modules-2\files-2.1\org.ow2.asm\asm-debug-all\5.0.3\f9e364ae2a66ce2a543012a4668856e84e5dab74\asm-debug-all-5.0.3.jar;C:\Users\brawl\.gradle\caches\modules-2\files-2.1\com.typesafe.akka\akka-actor_2.11\2.3.3\ed62e9fc709ca0f2ff1a3220daa8b70a2870078e\akka-actor_2.11-2.3.3.jar;C:\Users\brawl\.gradle\caches\modules-2\files-2.1\com.typesafe\config\1.2.1\f771f71fdae3df231bcd54d5ca2d57f0bf93f467\config-1.2.1.jar;C:\Users\brawl\.gradle\caches\modules-2\files-2.1\org.scala-lang\scala-actors-migration_2.11\1.1.0\dfa8bc42b181d5b9f1a5dd147f8ae308b893eb6f\scala-actors-migration_2.11-1.1.0.jar;C:\Users\brawl\.gradle\caches\modules-2\files-2.1\org.scala-lang.plugins\scala-continuations-plugin_2.11.1\1.0.2\f361a3283452c57fa30c1ee69448995de23c60f7\scala-continuations-plugin_2.11.1-1.0.2.jar;C:\Users\brawl\.gradle\caches\modules-2\files-2.1\org.scala-lang\scala-compiler\2.11.1\56ea2e6c025e0821f28d73ca271218b8dd04926a\scala-compiler-2.11.1.jar;C:\Users\brawl\.gradle\caches\modules-2\files-2.1\org.scala-lang.plugins\scala-continuations-library_2.11\1.0.2\e517c53a7e9acd6b1668c5a35eccbaa3bab9aac\scala-continuations-library_2.11-1.0.2.jar;C:\Users\brawl\.gradle\caches\modules-2\files-2.1\org.scala-lang\scala-reflect\2.11.1\6580347e61cc7f8e802941e7fde40fa83b8badeb\scala-reflect-2.11.1.jar;C:\Users\brawl\.gradle\caches\modules-2\files-2.1\org.scala-lang\scala-actors\2.11.0\8ccfb6541de179bb1c4d45cf414acee069b7f78b\scala-actors-2.11.0.jar;C:\Users\brawl\.gradle\caches\modules-2\files-2.1\org.scala-lang.modules\scala-xml_2.11\1.0.2\820fbca7e524b530fdadc594c39d49a21ea0337e\scala-xml_2.11-1.0.2.jar;C:\Users\brawl\.gradle\caches\modules-2\files-2.1\org.scala-lang.modules\scala-parser-combinators_2.11\1.0.1\f05d7345bf5a58924f2837c6c1f4d73a938e1ff0\scala-parser-combinators_2.11-1.0.1.jar;C:\Users\brawl\.gradle\caches\modules-2\files-2.1\org.scala-lang\scala-library\2.11.1\e11da23da3eabab9f4777b9220e60d44c1aab6a\scala-library-2.11.1.jar;C:\Users\brawl\.gradle\caches\modules-2\files-2.1\org.scala-lang\scala-parser-combinators_2.11\1.0.1\f05d7345bf5a58924f2837c6c1f4d73a938e1ff0\scala-parser-combinators_2.11-1.0.1.jar;C:\Users\brawl\.gradle\caches\modules-2\files-2.1\org.scala-lang\scala-swing_2.11\1.0.1\b1cdd92bd47b1e1837139c1c53020e86bb9112ae\scala-swing_2.11-1.0.1.jar;C:\Users\brawl\.gradle\caches\modules-2\files-2.1\org.scala-lang\scala-xml_2.11\1.0.2\7a80ec00aec122fba7cd4e0d4cdd87ff7e4cb6d0\scala-xml_2.11-1.0.2.jar;C:\Users\brawl\.gradle\caches\modules-2\files-2.1\net.sf.jopt-simple\jopt-simple\4.5\6065cc95c661255349c1d0756657be17c29a4fd3\jopt-simple-4.5.jar;C:\Users\brawl\.gradle\caches\modules-2\files-2.1\lzma\lzma\0.0.1\521616dc7487b42bef0e803bd2fa3faf668101d7\lzma-0.0.1.jar;C:\Users\brawl\.gradle\caches\modules-2\files-2.1\com.mojang\realms\1.3.5\807ae355ee63583becd7ea60e76aab1532bb42e\realms-1.3.5.jar;C:\Users\brawl\.gradle\caches\modules-2\files-2.1\org.apache.commons\commons-compress\1.8.1\a698750c16740fd5b3871425f4cb3bbaa87f529d\commons-compress-1.8.1.jar;C:\Users\brawl\.gradle\caches\modules-2\files-2.1\org.apache.httpcomponents\httpclient\4.3.3\18f4247ff4572a074444572cee34647c43e7c9c7\httpclient-4.3.3.jar;C:\Users\brawl\.gradle\caches\modules-2\files-2.1\commons-logging\commons-logging\1.1.3\f6f66e966c70a83ffbdb6f17a0919eaf7c8aca7f\commons-logging-1.1.3.jar;C:\Users\brawl\.gradle\caches\modules-2\files-2.1\org.apache.httpcomponents\httpcore\4.3.2\31fbbff1ddbf98f3aa7377c94d33b0447c646b6e\httpcore-4.3.2.jar;C:\Users\brawl\.gradle\caches\modules-2\files-2.1\java3d\vecmath\1.3.1\a0ae4f51da409fa0c20fa0ca59e6bbc9413ae71d\vecmath-1.3.1.jar;C:\Users\brawl\.gradle\caches\modules-2\files-2.1\net.sf.trove4j\trove4j\3.0.3\42ccaf4761f0dfdfa805c9e340d99a755907e2dd\trove4j-3.0.3.jar;C:\Users\brawl\.gradle\caches\modules-2\files-2.1\com.ibm.icu\icu4j-core-mojang\51.2\63d216a9311cca6be337c1e458e587f99d382b84\icu4j-core-mojang-51.2.jar;C:\Users\brawl\.gradle\caches\modules-2\files-2.1\com.paulscode\codecjorbis\20101023\c73b5636faf089d9f00e8732a829577de25237ee\codecjorbis-20101023.jar;C:\Users\brawl\.gradle\caches\modules-2\files-2.1\com.paulscode\codecwav\20101023\12f031cfe88fef5c1dd36c563c0a3a69bd7261da\codecwav-20101023.jar;C:\Users\brawl\.gradle\caches\modules-2\files-2.1\com.paulscode\libraryjavasound\20101123\5c5e304366f75f9eaa2e8cca546a1fb6109348b3\libraryjavasound-20101123.jar;C:\Users\brawl\.gradle\caches\modules-2\files-2.1\com.paulscode\librarylwjglopenal\20100824\73e80d0794c39665aec3f62eee88ca91676674ef\librarylwjglopenal-20100824.jar;C:\Users\brawl\.gradle\caches\modules-2\files-2.1\com.paulscode\soundsystem\20120107\419c05fe9be71f792b2d76cfc9b67f1ed0fec7f6\soundsystem-20120107.jar;C:\Users\brawl\.gradle\caches\modules-2\files-2.1\io.netty\netty-all\4.0.10.Final\9e50bd52ffe257a0e2cd8d971688d6ce7d174325\netty-all-4.0.10.Final.jar;C:\Users\brawl\.gradle\caches\modules-2\files-2.1\com.mojang\authlib\1.5.16\ef1582b11fd0943d069cdcb72e99008ac209a283\authlib-1.5.16.jar;C:\Users\brawl\.gradle\caches\modules-2\files-2.1\com.google.guava\guava\17.0\9c6ef172e8de35fd8d4d8783e4821e57cdef7445\guava-17.0.jar;C:\Users\brawl\.gradle\caches\modules-2\files-2.1\org.apache.commons\commons-lang3\3.3.2\90a3822c38ec8c996e84c16a3477ef632cbc87a3\commons-lang3-3.3.2.jar;C:\Users\brawl\.gradle\caches\modules-2\files-2.1\commons-io\commons-io\2.4\b1b6ea3b7e4aa4f492509a4952029cd8e48019ad\commons-io-2.4.jar;C:\Users\brawl\.gradle\caches\modules-2\files-2.1\commons-codec\commons-codec\1.9\9ce04e34240f674bc72680f8b843b1457383161a\commons-codec-1.9.jar;C:\Users\brawl\.gradle\caches\modules-2\files-2.1\org.lwjgl.lwjgl\lwjgl_util\2.9.1\290d7ba8a1bd9566f5ddf16ad06f09af5ec9b20e\lwjgl_util-2.9.1.jar;C:\Users\brawl\.gradle\caches\modules-2\files-2.1\org.lwjgl.lwjgl\lwjgl\2.9.1\f58c5aabcef0e41718a564be9f8e412fff8db847\lwjgl-2.9.1.jar;C:\Users\brawl\.gradle\caches\modules-2\files-2.1\net.java.jinput\jinput\2.0.5\39c7796b469a600f72380316f6b1f11db6c2c7c4\jinput-2.0.5.jar;C:\Users\brawl\.gradle\caches\modules-2\files-2.1\net.java.jutils\jutils\1.0.0\e12fe1fda814bd348c1579329c86943d2cd3c6a6\jutils-1.0.0.jar;C:\Users\brawl\.gradle\caches\modules-2\files-2.1\com.google.code.gson\gson\2.2.4\a60a5e993c98c864010053cb901b7eab25306568\gson-2.2.4.jar;C:\Users\brawl\.gradle\caches\modules-2\files-2.1\org.apache.logging.log4j\log4j-core\2.0-beta9\678861ba1b2e1fccb594bb0ca03114bb05da9695\log4j-core-2.0-beta9.jar;C:\Users\brawl\.gradle\caches\modules-2\files-2.1\org.apache.logging.log4j\log4j-api\2.0-beta9\1dd66e68cccd907880229f9e2de1314bd13ff785\log4j-api-2.0-beta9.jar;C:\Users\brawl\.gradle\caches\modules-2\files-2.1\tv.twitch\twitch\5.16\1f55f009c61637c10c0acfb8b5ffc600f30044b4\twitch-5.16.jar;C:\Users\brawl\.gradle\caches\modules-2\files-2.1\net.java.jinput\jinput-platform\2.0.5\7ff832a6eb9ab6a767f1ade2b548092d0fa64795\jinput-platform-2.0.5-natives-linux.jar;C:\Users\brawl\.gradle\caches\modules-2\files-2.1\net.java.jinput\jinput-platform\2.0.5\385ee093e01f587f30ee1c8a2ee7d408fd732e16\jinput-platform-2.0.5-natives-windows.jar;C:\Users\brawl\.gradle\caches\modules-2\files-2.1\net.java.jinput\jinput-platform\2.0.5\53f9c919f34d2ca9de8c51fc4e1e8282029a9232\jinput-platform-2.0.5-natives-osx.jar;C:\Users\brawl\.gradle\caches\modules-2\files-2.1\tv.twitch\twitch-platform\5.16\7c6affe439099806a4f552da14c42f9d643d8b23\twitch-platform-5.16-natives-windows-32.jar;C:\Users\brawl\.gradle\caches\modules-2\files-2.1\tv.twitch\twitch-platform\5.16\39d0c3d363735b4785598e0e7fbf8297c706a9f9\twitch-platform-5.16-natives-windows-64.jar;C:\Users\brawl\.gradle\caches\modules-2\files-2.1\tv.twitch\twitch-platform\5.16\62503ee712766cf77f97252e5902786fd834b8c5\twitch-platform-5.16-natives-osx.jar;C:\Users\brawl\.gradle\caches\modules-2\files-2.1\tv.twitch\twitch-external-platform\4.5\18215140f010c05b9f86ef6f0f8871954d2ccebf\twitch-external-platform-4.5-natives-windows-32.jar;C:\Users\brawl\.gradle\caches\modules-2\files-2.1\tv.twitch\twitch-external-platform\4.5\c3cde57891b935d41b6680a9c5e1502eeab76d86\twitch-external-platform-4.5-natives-windows-64.jar;C:\Users\brawl\.gradle\caches\modules-2\files-2.1\org.lwjgl.lwjgl\lwjgl-platform\2.9.1\4c517eca808522457dd95ee8fc1fbcdbb602efbe\lwjgl-platform-2.9.1-natives-windows.jar;C:\Users\brawl\.gradle\caches\modules-2\files-2.1\org.lwjgl.lwjgl\lwjgl-platform\2.9.1\aa9aae879af8eb378e22cfc64db56ec2ca9a44d1\lwjgl-platform-2.9.1-natives-linux.jar;C:\Users\brawl\.gradle\caches\modules-2\files-2.1\org.lwjgl.lwjgl\lwjgl-platform\2.9.1\2d12c83fdfbc04ecabf02c7bc8cc54d034f0daac\lwjgl-platform-2.9.1-natives-osx.jar;C:\Users\brawl\Desktop\mods\HTGT-6\build\libs\HiTech6_V_1.0.4_Build_.jar
[16:24:35] [main/DEBUG] [FML/]: Java library path at launch is C:\Users\brawl\.jdks\liberica-full-1.8.0_452\bin;C:\Windows\Sun\Java\bin;C:\Windows\system32;C:\Windows;C:\Program Files\BellSoft\LibericaJDK-8\bin\;C:\Program Files (x86)\Common Files\Oracle\Java\java8path;C:\Program Files (x86)\Common Files\Oracle\Java\javapath;C:\Windows\system32;C:\Windows;C:\Windows\System32\Wbem;C:\Windows\System32\WindowsPowerShell\v1.0\;C:\Windows\System32\OpenSSH\;C:\Program Files (x86)\NVIDIA Corporation\PhysX\Common;C:\Program Files\NVIDIA Corporation\NVIDIA NvDLISR;C:\Program Files (x86)\IDEMIA\AWP\Dlls;C:\Program Files\IDEMIA\AWP\Dlls;C:\Program Files\Git\cmd;C:\Users\brawl\AppData\Local\Microsoft\WindowsApps;C:\Users\brawl\AppData\Local\GitHubDesktop\bin;.;C:/Users/brawl/.gradle/caches/minecraft/net/minecraft/minecraft_natives/1.7.10
[16:24:35] [main/INFO] [FML/]: Managed to load a deobfuscated Minecraft name- we are in a deobfuscated environment. Skipping runtime deobfuscation
[16:24:35] [main/DEBUG] [FML/]: Instantiating coremod class FMLCorePlugin
[16:24:35] [main/DEBUG] [FML/]: Added access transformer class cpw.mods.fml.common.asm.transformers.AccessTransformer to enqueued access transformers
[16:24:35] [main/DEBUG] [FML/]: Enqueued coremod FMLCorePlugin
[16:24:35] [main/DEBUG] [FML/]: Instantiating coremod class FMLForgePlugin
[16:24:35] [main/DEBUG] [FML/]: Added access transformer class net.minecraftforge.transformers.ForgeAccessTransformer to enqueued access transformers
[16:24:35] [main/DEBUG] [FML/]: Enqueued coremod FMLForgePlugin
[16:24:35] [main/DEBUG] [FML/]: All fundamental core mods are successfully located
[16:24:35] [main/INFO] [FML/]: Found a command line coremod : gregtech.asm.GT_ASM
[16:24:35] [main/DEBUG] [FML/]: Instantiating coremod class GT_ASM
[16:24:36] [main/TRACE] [FML/]: coremod named Greg-ASM® is loading
[16:24:36] [main/DEBUG] [FML/]: The coremod gregtech.asm.GT_ASM requested minecraft version 1.7.10 and minecraft is 1.7.10. It will be loaded.
[16:24:36] [main/DEBUG] [FML/]: Enqueued coremod Greg-ASM®
[16:24:36] [main/DEBUG] [FML/]: Attempting to load commandline specified mods, relative to C:\Users\brawl\Desktop\mods\HTGT-6\run\.
[16:24:36] [main/DEBUG] [FML/]: Discovering coremods
[16:24:36] [main/DEBUG] [FML/]: Examining for coremod candidacy CodeChickenCore-1.1.13.jar
[16:24:36] [main/TRACE] [FML/]: Adding CodeChickenCore-1.1.13.jar to the list of known coremods, it will not be examined again
[16:24:36] [main/DEBUG] [FML/]: Instantiating coremod class CodeChickenCorePlugin
[16:24:36] [main/DEBUG] [FML/]: The coremod codechicken.core.launch.CodeChickenCorePlugin requested minecraft version 1.7.10 and minecraft is 1.7.10. It will be loaded.
[16:24:36] [main/DEBUG] [FML/]: Added access transformer class codechicken.core.asm.CodeChickenAccessTransformer to enqueued access transformers
[16:24:36] [main/DEBUG] [FML/]: Enqueued coremod CodeChickenCorePlugin
[16:24:36] [main/DEBUG] [FML/]: Examining for coremod candidacy CodeChickenLib-1.1.6-dev.jar
[16:24:36] [main/DEBUG] [FML/]: Not found coremod data in CodeChickenLib-1.1.6-dev.jar
[16:24:36] [main/DEBUG] [FML/]: Examining for coremod candidacy IC2Classic-1.7.10-1.2.5 (1).jar
[16:24:36] [main/DEBUG] [FML/]: Not found coremod data in IC2Classic-1.7.10-1.2.5 (1).jar
[16:24:36] [main/DEBUG] [FML/]: Examining for coremod candidacy neiaddons-1.12.15.41-mc1.7.10.jar
[16:24:36] [main/DEBUG] [FML/]: Not found coremod data in neiaddons-1.12.15.41-mc1.7.10.jar
[16:24:36] [main/DEBUG] [FML/]: Examining for coremod candidacy NEIIntegration-MC1.7.10-1.1.2.jar
[16:24:36] [main/DEBUG] [FML/]: Not found coremod data in NEIIntegration-MC1.7.10-1.1.2.jar
[16:24:36] [main/DEBUG] [FML/]: Examining for coremod candidacy NotEnoughItems-2.4.13-GTNH.jar
[16:24:36] [main/TRACE] [FML/]: Adding NotEnoughItems-2.4.13-GTNH.jar to the list of known coremods, it will not be examined again
[16:24:36] [main/DEBUG] [FML/]: Instantiating coremod class NEICorePlugin
[16:24:36] [main/DEBUG] [FML/]: The coremod codechicken.nei.asm.NEICorePlugin requested minecraft version 1.7.10 and minecraft is 1.7.10. It will be loaded.
[16:24:36] [main/DEBUG] [FML/]: Enqueued coremod NEICorePlugin
[16:24:36] [main/INFO] [LaunchWrapper/]: Calling tweak class net.minecraftforge.gradle.tweakers.CoremodTweaker
[16:24:36] [main/INFO] [GradleStart/]: Injecting location in coremod cpw.mods.fml.relauncher.FMLCorePlugin
[16:24:36] [main/INFO] [GradleStart/]: Injecting location in coremod net.minecraftforge.classloading.FMLForgePlugin
[16:24:36] [main/INFO] [GradleStart/]: Injecting location in coremod codechicken.core.asm.MCPDeobfuscationTransformer.LoadPlugin
[16:24:36] [main/INFO] [GradleStart/]: Injecting location in coremod gregtech.asm.GT_ASM
[16:24:36] [main/INFO] [GradleStart/]: Injecting location in coremod codechicken.core.launch.CodeChickenCorePlugin
[16:24:36] [main/INFO] [GradleStart/]: Injecting location in coremod codechicken.nei.asm.NEICorePlugin
[16:24:36] [main/INFO] [LaunchWrapper/]: Loading tweak class name cpw.mods.fml.common.launcher.FMLInjectionAndSortingTweaker
[16:24:36] [main/INFO] [LaunchWrapper/]: Loading tweak class name cpw.mods.fml.common.launcher.FMLDeobfTweaker
[16:24:36] [main/INFO] [LaunchWrapper/]: Loading tweak class name net.minecraftforge.gradle.tweakers.AccessTransformerTweaker
[16:24:36] [main/INFO] [LaunchWrapper/]: Calling tweak class cpw.mods.fml.common.launcher.FMLInjectionAndSortingTweaker
[16:24:36] [main/INFO] [LaunchWrapper/]: Calling tweak class cpw.mods.fml.common.launcher.FMLInjectionAndSortingTweaker
[16:24:36] [main/INFO] [LaunchWrapper/]: Calling tweak class cpw.mods.fml.relauncher.CoreModManager$FMLPluginWrapper
[16:24:36] [main/DEBUG] [FML/]: Injecting coremod FMLCorePlugin {cpw.mods.fml.relauncher.FMLCorePlugin} class transformers
[16:24:36] [main/TRACE] [FML/]: Registering transformer cpw.mods.fml.common.asm.transformers.MarkerTransformer
[16:24:36] [main/TRACE] [FML/]: Registering transformer cpw.mods.fml.common.asm.transformers.SideTransformer
[16:24:36] [main/TRACE] [FML/]: Registering transformer cpw.mods.fml.common.asm.transformers.EventSubscriptionTransformer
[16:24:36] [main/DEBUG] [FML/]: Injection complete
[16:24:36] [main/DEBUG] [FML/]: Running coremod plugin for FMLCorePlugin {cpw.mods.fml.relauncher.FMLCorePlugin}
[16:24:36] [main/DEBUG] [FML/]: Running coremod plugin FMLCorePlugin
[16:24:36] [main/ERROR] [FML/]: The binary patch set is missing. Either you are in a development environment, or things are not going to work!
[16:24:36] [main/ERROR] [FML/]: FML appears to be missing any signature data. This is not a good thing
[16:24:36] [main/DEBUG] [FML/]: Coremod plugin class FMLCorePlugin run successfully
[16:24:36] [main/INFO] [LaunchWrapper/]: Calling tweak class cpw.mods.fml.relauncher.CoreModManager$FMLPluginWrapper
[16:24:36] [main/DEBUG] [FML/]: Injecting coremod FMLForgePlugin {net.minecraftforge.classloading.FMLForgePlugin} class transformers
[16:24:36] [main/TRACE] [FML/]: Registering transformer net.minecraftforge.classloading.FluidIdTransformer
[16:24:36] [main/DEBUG] [FML/]: Injection complete
[16:24:36] [main/DEBUG] [FML/]: Running coremod plugin for FMLForgePlugin {net.minecraftforge.classloading.FMLForgePlugin}
[16:24:36] [main/DEBUG] [FML/]: Running coremod plugin FMLForgePlugin
[16:24:36] [main/DEBUG] [FML/]: Coremod plugin class FMLForgePlugin run successfully
[16:24:36] [main/INFO] [LaunchWrapper/]: Calling tweak class cpw.mods.fml.relauncher.CoreModManager$FMLPluginWrapper
[16:24:36] [main/DEBUG] [FML/]: Injecting coremod CCCDeobfPlugin {codechicken.core.asm.MCPDeobfuscationTransformer$LoadPlugin} class transformers
[16:24:36] [main/DEBUG] [FML/]: Injection complete
[16:24:36] [main/DEBUG] [FML/]: Running coremod plugin for CCCDeobfPlugin {codechicken.core.asm.MCPDeobfuscationTransformer$LoadPlugin}
[16:24:36] [main/DEBUG] [FML/]: Running coremod plugin CCCDeobfPlugin
[16:24:36] [main/DEBUG] [FML/]: Coremod plugin class LoadPlugin run successfully
[16:24:36] [main/INFO] [LaunchWrapper/]: Calling tweak class cpw.mods.fml.relauncher.CoreModManager$FMLPluginWrapper
[16:24:36] [main/DEBUG] [FML/]: Injecting coremod CodeChickenCorePlugin {codechicken.core.launch.CodeChickenCorePlugin} class transformers
[16:24:36] [main/TRACE] [FML/]: Registering transformer codechicken.lib.asm.ClassHeirachyManager
[16:24:36] [main/TRACE] [FML/]: Registering transformer codechicken.core.asm.TweakTransformer
[16:24:36] [main/TRACE] [FML/]: Registering transformer codechicken.core.asm.DelegatedTransformer
[16:24:36] [main/TRACE] [FML/]: Registering transformer codechicken.core.asm.DefaultImplementationTransformer
[16:24:36] [main/DEBUG] [FML/]: Injection complete
[16:24:36] [main/DEBUG] [FML/]: Running coremod plugin for CodeChickenCorePlugin {codechicken.core.launch.CodeChickenCorePlugin}
[16:24:36] [main/DEBUG] [FML/]: Running coremod plugin CodeChickenCorePlugin
[16:24:36] [main/DEBUG] [FML/]: Coremod plugin class CodeChickenCorePlugin run successfully
[16:24:36] [main/INFO] [LaunchWrapper/]: Calling tweak class cpw.mods.fml.relauncher.CoreModManager$FMLPluginWrapper
[16:24:36] [main/DEBUG] [FML/]: Injecting coremod NEICorePlugin {codechicken.nei.asm.NEICorePlugin} class transformers
[16:24:36] [main/TRACE] [FML/]: Registering transformer codechicken.nei.asm.NEITransformer
[16:24:36] [main/DEBUG] [FML/]: Injection complete
[16:24:36] [main/DEBUG] [FML/]: Running coremod plugin for NEICorePlugin {codechicken.nei.asm.NEICorePlugin}
[16:24:36] [main/DEBUG] [FML/]: Running coremod plugin NEICorePlugin
[16:24:36] [main/DEBUG] [FML/]: Coremod plugin class NEICorePlugin run successfully
[16:24:36] [main/INFO] [LaunchWrapper/]: Calling tweak class cpw.mods.fml.relauncher.CoreModManager$FMLPluginWrapper
[16:24:36] [main/DEBUG] [FML/]: Injecting coremod Greg-ASM® {gregtech.asm.GT_ASM} class transformers
[16:24:36] [main/DEBUG] [FML/]: Injection complete
[16:24:36] [main/DEBUG] [FML/]: Running coremod plugin for Greg-ASM® {gregtech.asm.GT_ASM}
[16:24:36] [main/DEBUG] [FML/]: Running coremod plugin Greg-ASM®
[16:24:36] [main/TRACE] [FML/]: Registering transformer gregtech.asm.transformers.CoFHCore_CrashFix
[16:24:36] [main/TRACE] [FML/]: Registering transformer gregtech.asm.transformers.CoFHLib_HashFix
[16:24:36] [main/TRACE] [FML/]: Registering transformer gregtech.asm.transformers.ExtraUtils_FixThaumcraftAspects
[16:24:36] [main/TRACE] [FML/]: Registering transformer gregtech.asm.transformers.Minecraft_EmptyRecipeOptimization
[16:24:36] [main/TRACE] [FML/]: Registering transformer gregtech.asm.transformers.Minecraft_IceHarvestMissingHookFix
[16:24:36] [main/TRACE] [FML/]: Registering transformer gregtech.asm.transformers.Minecraft_LavaFlammableFix
[16:24:36] [main/TRACE] [FML/]: Registering transformer gregtech.asm.transformers.Minecraft_MinecraftServerIntegratedLaunchMainMenuPartialFix
[16:24:36] [main/TRACE] [FML/]: Registering transformer gregtech.asm.transformers.Railcraft_RemoveBoreSpam
[16:24:36] [main/TRACE] [FML/]: Registering transformer gregtech.asm.transformers.Technomancy_ExtremelySlowLoadFix
[16:24:36] [main/TRACE] [FML/]: Registering transformer gregtech.asm.transformers.Thaumcraft_AspectLagFix
[16:24:36] [main/DEBUG] [FML/]: Coremod plugin class GT_ASM run successfully
[16:24:36] [main/INFO] [LaunchWrapper/]: Calling tweak class cpw.mods.fml.common.launcher.FMLDeobfTweaker
[16:24:36] [main/DEBUG] [FML/]: Loaded 57 rules from AccessTransformer config file fml_at.cfg
[16:24:36] [main/DEBUG] [FML/]: Loaded 89 rules from AccessTransformer config file forge_at.cfg
[16:24:36] [main/DEBUG] [FML/]: Loaded 57 rules from AccessTransformer config file fml_at.cfg
[16:24:36] [main/DEBUG] [FML/]: Loaded 13 rules from AccessTransformer mod jar file C:\Users\brawl\Desktop\mods\HTGT-6\run\mods\NotEnoughItems-2.4.13-GTNH.jar!META-INF/nei_at.cfg

[16:24:36] [main/DEBUG] [FML/]: Loaded 3 rules from AccessTransformer mod jar file C:\Users\brawl\Desktop\mods\HTGT-6\libs\GregTech6-Unofficial-dev.jar!META-INF/gregtech_at.cfg

[16:24:36] [main/DEBUG] [FML/]: Validating minecraft
[16:24:37] [main/DEBUG] [FML/]: Minecraft validated, launching...
[16:24:37] [main/INFO] [LaunchWrapper/]: Calling tweak class net.minecraftforge.gradle.tweakers.AccessTransformerTweaker
[16:24:37] [main/DEBUG] [GradleStart/]: Reading CSV file: C:\Users\brawl\.gradle\caches\minecraft\net\minecraftforge\forge\1.7.10-10.13.4.1614-1.7.10\unpacked\conf\fields.csv
[16:24:37] [main/DEBUG] [GradleStart/]: Reading CSV file: C:\Users\brawl\.gradle\caches\minecraft\net\minecraftforge\forge\1.7.10-10.13.4.1614-1.7.10\unpacked\conf\methods.csv
[16:24:37] [main/INFO] [GradleStart/]: Remapping AccessTransformer rules...
[16:24:37] [main/INFO] [LaunchWrapper/]: Loading tweak class name cpw.mods.fml.common.launcher.TerminalTweaker
[16:24:37] [main/INFO] [LaunchWrapper/]: Calling tweak class cpw.mods.fml.common.launcher.TerminalTweaker
[16:24:37] [main/INFO] [LaunchWrapper/]: Launching wrapped minecraft {net.minecraft.client.main.Main}
[16:24:37] [main/DEBUG] [CCL ASM/]: Inserted super call into [net/minecraft/client/renderer/InventoryEffectRenderer.updateScreen()V]
[16:24:37] [main/DEBUG] [CCL ASM/]: Writing method [net/minecraft/client/gui/inventory/GuiContainer.setWorldAndResolution(Lnet/minecraft/client/Minecraft;II)V]
[16:24:37] [main/DEBUG] [CCL ASM/]: Writing method [net/minecraft/client/gui/inventory/GuiContainer.handleKeyboardInput()V]
[16:24:37] [main/DEBUG] [CCL ASM/]: Writing method [net/minecraft/client/gui/inventory/GuiContainer.handleKeyboardInput()V]
[16:24:37] [main/DEBUG] [CCL ASM/]: Writing method [net/minecraft/client/gui/inventory/GuiContainer.handleKeyboardInput()V]
[16:24:37] [main/DEBUG] [CCL ASM/]: Writing method [net/minecraft/client/gui/inventory/GuiContainer.handleMouseInput()V]
[16:24:37] [main/DEBUG] [CCL ASM/]: Writing method [net/minecraft/client/gui/inventory/GuiContainer.public_func_73869_a(CI)V]
[16:24:37] [main/DEBUG] [CCL ASM/]: Writing method [net/minecraft/client/gui/inventory/GuiContainer.public_func_146984_a(Lnet/minecraft/inventory/Slot;III)V]
[16:24:37] [main/DEBUG] [CCL ASM/]: Injecting before method [net/minecraft/client/gui/inventory/GuiContainer.drawScreen(IIF)V]
[16:24:37] [main/DEBUG] [CCL ASM/]: Injecting after method [net/minecraft/client/gui/inventory/GuiContainer.drawScreen(IIF)V] @ 138 - 140
[16:24:37] [main/DEBUG] [CCL ASM/]: Injecting after method [net/minecraft/client/gui/inventory/GuiContainer.drawScreen(IIF)V] @ 220 - 225
[16:24:37] [main/DEBUG] [CCL ASM/]: Replacing method [net/minecraft/client/gui/inventory/GuiContainer.drawScreen(IIF)V] @ 444 - 470
[16:24:37] [main/DEBUG] [CCL ASM/]: Replacing method [net/minecraft/client/gui/inventory/GuiContainer.drawItemStack(Lnet/minecraft/item/ItemStack;IILjava/lang/String;)V] @ 9 - 10
[16:24:37] [main/DEBUG] [CCL ASM/]: Replacing method [net/minecraft/client/gui/inventory/GuiContainer.drawItemStack(Lnet/minecraft/item/ItemStack;IILjava/lang/String;)V] @ 14 - 15
[16:24:37] [main/DEBUG] [CCL ASM/]: Replacing method [net/minecraft/client/gui/inventory/GuiContainer.func_146977_a(Lnet/minecraft/inventory/Slot;)V] @ 298 - 323
[16:24:37] [main/DEBUG] [CCL ASM/]: Injecting before method [net/minecraft/client/gui/inventory/GuiContainer.mouseClicked(III)V]
[16:24:37] [main/DEBUG] [CCL ASM/]: Replacing method [net/minecraft/client/gui/inventory/GuiContainer.mouseClicked(III)V] @ 259 - 260
[16:24:37] [main/DEBUG] [CCL ASM/]: Replacing method [net/minecraft/client/gui/inventory/GuiContainer.mouseClicked(III)V] @ 331 - 332
[16:24:37] [main/DEBUG] [CCL ASM/]: Replacing method [net/minecraft/client/gui/inventory/GuiContainer.mouseClickMove(IIIJ)V] @ 98 - 99
[16:24:37] [main/DEBUG] [CCL ASM/]: Replacing method [net/minecraft/client/gui/inventory/GuiContainer.mouseClickMove(IIIJ)V] @ 107 - 108
[16:24:37] [main/DEBUG] [CCL ASM/]: Replacing method [net/minecraft/client/gui/inventory/GuiContainer.mouseClickMove(IIIJ)V] @ 118 - 119
[16:24:37] [main/DEBUG] [CCL ASM/]: Replacing method [net/minecraft/client/gui/inventory/GuiContainer.mouseMovedOrUp(III)V] @ 158 - 159
[16:24:37] [main/DEBUG] [CCL ASM/]: Replacing method [net/minecraft/client/gui/inventory/GuiContainer.mouseMovedOrUp(III)V] @ 168 - 169
[16:24:37] [main/DEBUG] [CCL ASM/]: Replacing method [net/minecraft/client/gui/inventory/GuiContainer.mouseMovedOrUp(III)V] @ 287 - 288
[16:24:37] [main/DEBUG] [CCL ASM/]: Replacing method [net/minecraft/client/gui/inventory/GuiContainer.mouseMovedOrUp(III)V] @ 295 - 296
[16:24:37] [main/DEBUG] [CCL ASM/]: Replacing method [net/minecraft/client/gui/inventory/GuiContainer.mouseMovedOrUp(III)V] @ 314 - 315
[16:24:37] [main/DEBUG] [CCL ASM/]: Replacing method [net/minecraft/client/gui/inventory/GuiContainer.mouseMovedOrUp(III)V] @ 424 - 425
[16:24:37] [main/DEBUG] [CCL ASM/]: Replacing method [net/minecraft/client/gui/inventory/GuiContainer.mouseMovedOrUp(III)V] @ 454 - 455
[16:24:37] [main/DEBUG] [CCL ASM/]: Replacing method [net/minecraft/client/gui/inventory/GuiContainer.mouseMovedOrUp(III)V] @ 468 - 469
[16:24:37] [main/DEBUG] [CCL ASM/]: Replacing method [net/minecraft/client/gui/inventory/GuiContainer.mouseMovedOrUp(III)V] @ 497 - 498
[16:24:37] [main/DEBUG] [CCL ASM/]: Replacing method [net/minecraft/client/gui/inventory/GuiContainer.mouseMovedOrUp(III)V] @ 557 - 559
[16:24:37] [main/DEBUG] [CCL ASM/]: Replacing method [net/minecraft/client/gui/inventory/GuiContainer.keyTyped(CI)V] @ 54 - 55
[16:24:37] [main/DEBUG] [CCL ASM/]: Replacing method [net/minecraft/client/gui/inventory/GuiContainer.keyTyped(CI)V] @ 84 - 85
[16:24:37] [main/DEBUG] [CCL ASM/]: Replacing method [net/minecraft/client/gui/inventory/GuiContainer.checkHotbarKeys(I)Z] @ 41 - 42
[16:24:37] [main/DEBUG] [CCL ASM/]: Writing method [net/minecraft/client/gui/inventory/GuiContainer.managerHandleMouseClick(Lnet/minecraft/inventory/Slot;III)V]
[16:24:37] [main/DEBUG] [CCL ASM/]: Injecting after method [net/minecraft/client/gui/inventory/GuiContainer.mouseClickMove(IIIJ)V] @ 14 - 15
[16:24:37] [main/DEBUG] [CCL ASM/]: Injecting before method [net/minecraft/client/gui/inventory/GuiContainer.mouseMovedOrUp(III)V]
[16:24:37] [main/DEBUG] [CCL ASM/]: NEI: Injecting mouseUp call
[16:24:37] [main/DEBUG] [CCL ASM/]: Replacing method [net/minecraft/client/gui/inventory/GuiContainer.handleMouseClick(Lnet/minecraft/inventory/Slot;III)V] @ 10 - 26
[16:24:37] [main/DEBUG] [CCL ASM/]: Injecting before method [net/minecraft/client/gui/inventory/GuiContainer.keyTyped(CI)V]
[16:24:37] [main/DEBUG] [CCL ASM/]: Injecting after method [net/minecraft/client/gui/inventory/GuiContainer.updateScreen()V] @ 0 - 4
[16:24:37] [main/INFO] [GT_ASM/]: Transforming net.minecraft.server.MinecraftServer.run
[16:24:38] [main/DEBUG] [CCL ASM/]: Writing method [net/minecraft/block/Block.canBeReplacedByLeaves(Lnet/minecraft/world/IBlockAccess;III)Z]
[16:24:38] [main/INFO] [GT_ASM/]: Transforming net.minecraft.block.BlockStaticLiquid.updateTick
[16:24:38] [main/INFO] [GT_ASM/]: Transforming net.minecraft.block.BlockStaticLiquid.isFlammable
[16:24:38] [main/DEBUG] [CCL ASM/]: Writing method [net/minecraft/block/BlockMobSpawner.onBlockPlacedBy(Lnet/minecraft/world/World;IIILnet/minecraft/entity/EntityLivingBase;Lnet/minecraft/item/ItemStack;)V]
[16:24:38] [main/INFO] [GT_ASM/]: Transforming net.minecraft.block.BlockIce.harvestBlock
[16:24:38] [main/DEBUG] [CCL ASM/]: Injecting before method [net/minecraft/nbt/NBTTagCompound.toString()Ljava/lang/String;] @ 51 - 55
[16:24:38] [main/DEBUG] [CCL ASM/]: Injecting before method [net/minecraft/nbt/NBTTagList.toString()Ljava/lang/String;] @ 56 - 60
[16:24:39] [main/INFO] [GT_ASM/]: Transforming net.minecraft.item.crafting.CraftingManager.findMatchingRecipe
[16:24:39] [Client thread/DEBUG] [CCL ASM/]: Replacing method [net/minecraft/client/renderer/entity/RenderItem.renderGlint(IIIII)V] @ 7 - 16
[16:24:39] [Client thread/DEBUG] [FML/]: Bar Finished: Loading Resource - LanguageManager took 0,015s
[16:24:39] [Client thread/INFO] [STDOUT/]: [cpw.mods.fml.client.SplashProgress:start:188]: ---- Minecraft Crash Report ----
// I let you down. Sorry :(

Time: 01.05.26 16:24
Description: Loading screen debug info

This is just a prompt for computer specs to be printed. THIS IS NOT A ERROR


A detailed walkthrough of the error, its code path and all known details is as follows:
---------------------------------------------------------------------------------------

-- System Details --
Details:
	Minecraft Version: 1.7.10
	Operating System: Windows 11 (amd64) version 10.0
	Java Version: 1.8.0_452, BellSoft
	Java VM Version: OpenJDK 64-Bit Server VM (mixed mode), BellSoft
	Memory: 283355832 bytes (270 MB) / 541065216 bytes (516 MB) up to 3750756352 bytes (3577 MB)
	JVM Flags: 0 total; 
	AABB Pool Size: 0 (0 bytes; 0 MB) allocated, 0 (0 bytes; 0 MB) used
	IntCache: cache: 0, tcache: 0, allocated: 0, tallocated: 0
	FML: 
	GL info: ' Vendor: 'NVIDIA Corporation' Version: '4.6.0 NVIDIA 566.14' Renderer: 'NVIDIA GeForce RTX 4060 Laptop GPU/PCIe/SSE2'
[16:24:39] [Client thread/INFO] [MinecraftForge/]: Attempting early MinecraftForge initialization
[16:24:39] [Client thread/INFO] [FML/]: MinecraftForge v10.13.4.1614 Initialized
[16:24:39] [Client thread/DEBUG] [OreDictionaryVisitor/]: Patching getOreID
[16:24:39] [Client thread/TRACE] [OreDictionaryVisitor/]: Adding getOreID MONITERENTER
[16:24:39] [Client thread/TRACE] [OreDictionaryVisitor/]: Adding getOreID MONITEREXIT
[16:24:39] [Client thread/DEBUG] [OreDictionaryVisitor/]: Patching clinit
[16:24:39] [Client thread/TRACE] [OreDictionaryVisitor/]: Adding emptyEntryCreationLock initializer
[16:24:39] [Client thread/DEBUG] [OreDictionaryVisitor/]: Adding emptyEntryCreationLock
[16:24:40] [Client thread/INFO] [FML/]: Replaced 183 ore recipies
[16:24:40] [Client thread/INFO] [MinecraftForge/]: Completed early MinecraftForge initialization
[16:24:40] [Client thread/DEBUG] [FML/]: File C:\Users\brawl\Desktop\mods\HTGT-6\run\config\injectedDependencies.json not found. No dependencies injected
[16:24:40] [Client thread/DEBUG] [FML/]: Building injected Mod Containers [cpw.mods.fml.common.FMLContainer, net.minecraftforge.common.ForgeModContainer, codechicken.core.asm.CodeChickenCoreModContainer, codechicken.nei.NEIModContainer, gregtech.asm.GT_ASM_Dummy]
[16:24:40] [Client thread/DEBUG] [FML/]: Attempting to load mods contained in the minecraft jar file and associated classes
[16:24:40] [Client thread/DEBUG] [FML/]: Found a minecraft related directory at C:\Users\brawl\.gradle\caches\minecraft\net\minecraftforge\forge\1.7.10-10.13.4.1614-1.7.10\start, examining for mod candidates
[16:24:40] [Client thread/DEBUG] [FML/]: Found a minecraft related file at C:\Users\brawl\Desktop\mods\HTGT-6\libs\GregTech6-Unofficial-dev.jar, examining for mod candidates
[16:24:40] [Client thread/DEBUG] [FML/]: Found a minecraft related file at C:\Users\brawl\.gradle\caches\minecraft\net\minecraftforge\forge\1.7.10-10.13.4.1614-1.7.10\forgeSrc-1.7.10-10.13.4.1614-1.7.10.jar, examining for mod candidates
[16:24:40] [Client thread/DEBUG] [FML/]: Found a minecraft related file at C:\Users\brawl\.gradle\caches\modules-2\files-2.1\net.minecraft\launchwrapper\1.12\111e7bea9c968cdb3d06ef4632bf7ff0824d0f36\launchwrapper-1.12.jar, examining for mod candidates
[16:24:40] [Client thread/DEBUG] [FML/]: Found a minecraft related file at C:\Users\brawl\.gradle\caches\modules-2\files-2.1\com.google.code.findbugs\jsr305\1.3.9\40719ea6961c0cb6afaeb6a921eaa1f6afd4cfdf\jsr305-1.3.9.jar, examining for mod candidates
[16:24:40] [Client thread/DEBUG] [FML/]: Found a minecraft related file at C:\Users\brawl\.gradle\caches\modules-2\files-2.1\org.ow2.asm\asm-debug-all\5.0.3\f9e364ae2a66ce2a543012a4668856e84e5dab74\asm-debug-all-5.0.3.jar, examining for mod candidates
[16:24:40] [Client thread/DEBUG] [FML/]: Found a minecraft related file at C:\Users\brawl\.gradle\caches\modules-2\files-2.1\com.typesafe.akka\akka-actor_2.11\2.3.3\ed62e9fc709ca0f2ff1a3220daa8b70a2870078e\akka-actor_2.11-2.3.3.jar, examining for mod candidates
[16:24:40] [Client thread/DEBUG] [FML/]: Found a minecraft related file at C:\Users\brawl\.gradle\caches\modules-2\files-2.1\com.typesafe\config\1.2.1\f771f71fdae3df231bcd54d5ca2d57f0bf93f467\config-1.2.1.jar, examining for mod candidates
[16:24:40] [Client thread/DEBUG] [FML/]: Found a minecraft related file at C:\Users\brawl\.gradle\caches\modules-2\files-2.1\org.scala-lang\scala-actors-migration_2.11\1.1.0\dfa8bc42b181d5b9f1a5dd147f8ae308b893eb6f\scala-actors-migration_2.11-1.1.0.jar, examining for mod candidates
[16:24:40] [Client thread/DEBUG] [FML/]: Found a minecraft related file at C:\Users\brawl\.gradle\caches\modules-2\files-2.1\org.scala-lang.plugins\scala-continuations-plugin_2.11.1\1.0.2\f361a3283452c57fa30c1ee69448995de23c60f7\scala-continuations-plugin_2.11.1-1.0.2.jar, examining for mod candidates
[16:24:40] [Client thread/DEBUG] [FML/]: Found a minecraft related file at C:\Users\brawl\.gradle\caches\modules-2\files-2.1\org.scala-lang\scala-compiler\2.11.1\56ea2e6c025e0821f28d73ca271218b8dd04926a\scala-compiler-2.11.1.jar, examining for mod candidates
[16:24:40] [Client thread/DEBUG] [FML/]: Found a minecraft related file at C:\Users\brawl\.gradle\caches\modules-2\files-2.1\org.scala-lang.plugins\scala-continuations-library_2.11\1.0.2\e517c53a7e9acd6b1668c5a35eccbaa3bab9aac\scala-continuations-library_2.11-1.0.2.jar, examining for mod candidates
[16:24:40] [Client thread/DEBUG] [FML/]: Found a minecraft related file at C:\Users\brawl\.gradle\caches\modules-2\files-2.1\org.scala-lang\scala-reflect\2.11.1\6580347e61cc7f8e802941e7fde40fa83b8badeb\scala-reflect-2.11.1.jar, examining for mod candidates
[16:24:40] [Client thread/DEBUG] [FML/]: Found a minecraft related file at C:\Users\brawl\.gradle\caches\modules-2\files-2.1\org.scala-lang\scala-actors\2.11.0\8ccfb6541de179bb1c4d45cf414acee069b7f78b\scala-actors-2.11.0.jar, examining for mod candidates
[16:24:40] [Client thread/DEBUG] [FML/]: Found a minecraft related file at C:\Users\brawl\.gradle\caches\modules-2\files-2.1\org.scala-lang.modules\scala-xml_2.11\1.0.2\820fbca7e524b530fdadc594c39d49a21ea0337e\scala-xml_2.11-1.0.2.jar, examining for mod candidates
[16:24:40] [Client thread/DEBUG] [FML/]: Found a minecraft related file at C:\Users\brawl\.gradle\caches\modules-2\files-2.1\org.scala-lang.modules\scala-parser-combinators_2.11\1.0.1\f05d7345bf5a58924f2837c6c1f4d73a938e1ff0\scala-parser-combinators_2.11-1.0.1.jar, examining for mod candidates
[16:24:40] [Client thread/DEBUG] [FML/]: Found a minecraft related file at C:\Users\brawl\.gradle\caches\modules-2\files-2.1\org.scala-lang\scala-library\2.11.1\e11da23da3eabab9f4777b9220e60d44c1aab6a\scala-library-2.11.1.jar, examining for mod candidates
[16:24:40] [Client thread/DEBUG] [FML/]: Found a minecraft related file at C:\Users\brawl\.gradle\caches\modules-2\files-2.1\org.scala-lang\scala-parser-combinators_2.11\1.0.1\f05d7345bf5a58924f2837c6c1f4d73a938e1ff0\scala-parser-combinators_2.11-1.0.1.jar, examining for mod candidates
[16:24:40] [Client thread/DEBUG] [FML/]: Found a minecraft related file at C:\Users\brawl\.gradle\caches\modules-2\files-2.1\org.scala-lang\scala-swing_2.11\1.0.1\b1cdd92bd47b1e1837139c1c53020e86bb9112ae\scala-swing_2.11-1.0.1.jar, examining for mod candidates
[16:24:40] [Client thread/DEBUG] [FML/]: Found a minecraft related file at C:\Users\brawl\.gradle\caches\modules-2\files-2.1\org.scala-lang\scala-xml_2.11\1.0.2\7a80ec00aec122fba7cd4e0d4cdd87ff7e4cb6d0\scala-xml_2.11-1.0.2.jar, examining for mod candidates
[16:24:40] [Client thread/DEBUG] [FML/]: Found a minecraft related file at C:\Users\brawl\.gradle\caches\modules-2\files-2.1\net.sf.jopt-simple\jopt-simple\4.5\6065cc95c661255349c1d0756657be17c29a4fd3\jopt-simple-4.5.jar, examining for mod candidates
[16:24:40] [Client thread/DEBUG] [FML/]: Found a minecraft related file at C:\Users\brawl\.gradle\caches\modules-2\files-2.1\lzma\lzma\0.0.1\521616dc7487b42bef0e803bd2fa3faf668101d7\lzma-0.0.1.jar, examining for mod candidates
[16:24:40] [Client thread/DEBUG] [FML/]: Found a minecraft related file at C:\Users\brawl\.gradle\caches\modules-2\files-2.1\com.mojang\realms\1.3.5\807ae355ee63583becd7ea60e76aab1532bb42e\realms-1.3.5.jar, examining for mod candidates
[16:24:40] [Client thread/DEBUG] [FML/]: Found a minecraft related file at C:\Users\brawl\.gradle\caches\modules-2\files-2.1\org.apache.commons\commons-compress\1.8.1\a698750c16740fd5b3871425f4cb3bbaa87f529d\commons-compress-1.8.1.jar, examining for mod candidates
[16:24:40] [Client thread/DEBUG] [FML/]: Found a minecraft related file at C:\Users\brawl\.gradle\caches\modules-2\files-2.1\org.apache.httpcomponents\httpclient\4.3.3\18f4247ff4572a074444572cee34647c43e7c9c7\httpclient-4.3.3.jar, examining for mod candidates
[16:24:40] [Client thread/DEBUG] [FML/]: Found a minecraft related file at C:\Users\brawl\.gradle\caches\modules-2\files-2.1\commons-logging\commons-logging\1.1.3\f6f66e966c70a83ffbdb6f17a0919eaf7c8aca7f\commons-logging-1.1.3.jar, examining for mod candidates
[16:24:40] [Client thread/DEBUG] [FML/]: Found a minecraft related file at C:\Users\brawl\.gradle\caches\modules-2\files-2.1\org.apache.httpcomponents\httpcore\4.3.2\31fbbff1ddbf98f3aa7377c94d33b0447c646b6e\httpcore-4.3.2.jar, examining for mod candidates
[16:24:40] [Client thread/DEBUG] [FML/]: Found a minecraft related file at C:\Users\brawl\.gradle\caches\modules-2\files-2.1\java3d\vecmath\1.3.1\a0ae4f51da409fa0c20fa0ca59e6bbc9413ae71d\vecmath-1.3.1.jar, examining for mod candidates
[16:24:40] [Client thread/DEBUG] [FML/]: Found a minecraft related file at C:\Users\brawl\.gradle\caches\modules-2\files-2.1\net.sf.trove4j\trove4j\3.0.3\42ccaf4761f0dfdfa805c9e340d99a755907e2dd\trove4j-3.0.3.jar, examining for mod candidates
[16:24:40] [Client thread/DEBUG] [FML/]: Found a minecraft related file at C:\Users\brawl\.gradle\caches\modules-2\files-2.1\com.ibm.icu\icu4j-core-mojang\51.2\63d216a9311cca6be337c1e458e587f99d382b84\icu4j-core-mojang-51.2.jar, examining for mod candidates
[16:24:40] [Client thread/DEBUG] [FML/]: Found a minecraft related file at C:\Users\brawl\.gradle\caches\modules-2\files-2.1\com.paulscode\codecjorbis\20101023\c73b5636faf089d9f00e8732a829577de25237ee\codecjorbis-20101023.jar, examining for mod candidates
[16:24:40] [Client thread/DEBUG] [FML/]: Found a minecraft related file at C:\Users\brawl\.gradle\caches\modules-2\files-2.1\com.paulscode\codecwav\20101023\12f031cfe88fef5c1dd36c563c0a3a69bd7261da\codecwav-20101023.jar, examining for mod candidates
[16:24:40] [Client thread/DEBUG] [FML/]: Found a minecraft related file at C:\Users\brawl\.gradle\caches\modules-2\files-2.1\com.paulscode\libraryjavasound\20101123\5c5e304366f75f9eaa2e8cca546a1fb6109348b3\libraryjavasound-20101123.jar, examining for mod candidates
[16:24:40] [Client thread/DEBUG] [FML/]: Found a minecraft related file at C:\Users\brawl\.gradle\caches\modules-2\files-2.1\com.paulscode\librarylwjglopenal\20100824\73e80d0794c39665aec3f62eee88ca91676674ef\librarylwjglopenal-20100824.jar, examining for mod candidates
[16:24:40] [Client thread/DEBUG] [FML/]: Found a minecraft related file at C:\Users\brawl\.gradle\caches\modules-2\files-2.1\com.paulscode\soundsystem\20120107\419c05fe9be71f792b2d76cfc9b67f1ed0fec7f6\soundsystem-20120107.jar, examining for mod candidates
[16:24:40] [Client thread/DEBUG] [FML/]: Found a minecraft related file at C:\Users\brawl\.gradle\caches\modules-2\files-2.1\io.netty\netty-all\4.0.10.Final\9e50bd52ffe257a0e2cd8d971688d6ce7d174325\netty-all-4.0.10.Final.jar, examining for mod candidates
[16:24:40] [Client thread/DEBUG] [FML/]: Found a minecraft related file at C:\Users\brawl\.gradle\caches\modules-2\files-2.1\com.mojang\authlib\1.5.16\ef1582b11fd0943d069cdcb72e99008ac209a283\authlib-1.5.16.jar, examining for mod candidates
[16:24:40] [Client thread/DEBUG] [FML/]: Found a minecraft related file at C:\Users\brawl\.gradle\caches\modules-2\files-2.1\com.google.guava\guava\17.0\9c6ef172e8de35fd8d4d8783e4821e57cdef7445\guava-17.0.jar, examining for mod candidates
[16:24:40] [Client thread/DEBUG] [FML/]: Found a minecraft related file at C:\Users\brawl\.gradle\caches\modules-2\files-2.1\org.apache.commons\commons-lang3\3.3.2\90a3822c38ec8c996e84c16a3477ef632cbc87a3\commons-lang3-3.3.2.jar, examining for mod candidates
[16:24:40] [Client thread/DEBUG] [FML/]: Found a minecraft related file at C:\Users\brawl\.gradle\caches\modules-2\files-2.1\commons-io\commons-io\2.4\b1b6ea3b7e4aa4f492509a4952029cd8e48019ad\commons-io-2.4.jar, examining for mod candidates
[16:24:40] [Client thread/DEBUG] [FML/]: Found a minecraft related file at C:\Users\brawl\.gradle\caches\modules-2\files-2.1\commons-codec\commons-codec\1.9\9ce04e34240f674bc72680f8b843b1457383161a\commons-codec-1.9.jar, examining for mod candidates
[16:24:40] [Client thread/DEBUG] [FML/]: Found a minecraft related file at C:\Users\brawl\.gradle\caches\modules-2\files-2.1\org.lwjgl.lwjgl\lwjgl_util\2.9.1\290d7ba8a1bd9566f5ddf16ad06f09af5ec9b20e\lwjgl_util-2.9.1.jar, examining for mod candidates
[16:24:40] [Client thread/DEBUG] [FML/]: Found a minecraft related file at C:\Users\brawl\.gradle\caches\modules-2\files-2.1\org.lwjgl.lwjgl\lwjgl\2.9.1\f58c5aabcef0e41718a564be9f8e412fff8db847\lwjgl-2.9.1.jar, examining for mod candidates
[16:24:40] [Client thread/DEBUG] [FML/]: Found a minecraft related file at C:\Users\brawl\.gradle\caches\modules-2\files-2.1\net.java.jinput\jinput\2.0.5\39c7796b469a600f72380316f6b1f11db6c2c7c4\jinput-2.0.5.jar, examining for mod candidates
[16:24:40] [Client thread/DEBUG] [FML/]: Found a minecraft related file at C:\Users\brawl\.gradle\caches\modules-2\files-2.1\net.java.jutils\jutils\1.0.0\e12fe1fda814bd348c1579329c86943d2cd3c6a6\jutils-1.0.0.jar, examining for mod candidates
[16:24:40] [Client thread/DEBUG] [FML/]: Found a minecraft related file at C:\Users\brawl\.gradle\caches\modules-2\files-2.1\com.google.code.gson\gson\2.2.4\a60a5e993c98c864010053cb901b7eab25306568\gson-2.2.4.jar, examining for mod candidates
[16:24:40] [Client thread/DEBUG] [FML/]: Found a minecraft related file at C:\Users\brawl\.gradle\caches\modules-2\files-2.1\org.apache.logging.log4j\log4j-core\2.0-beta9\678861ba1b2e1fccb594bb0ca03114bb05da9695\log4j-core-2.0-beta9.jar, examining for mod candidates
[16:24:40] [Client thread/DEBUG] [FML/]: Found a minecraft related file at C:\Users\brawl\.gradle\caches\modules-2\files-2.1\org.apache.logging.log4j\log4j-api\2.0-beta9\1dd66e68cccd907880229f9e2de1314bd13ff785\log4j-api-2.0-beta9.jar, examining for mod candidates
[16:24:40] [Client thread/DEBUG] [FML/]: Found a minecraft related file at C:\Users\brawl\.gradle\caches\modules-2\files-2.1\tv.twitch\twitch\5.16\1f55f009c61637c10c0acfb8b5ffc600f30044b4\twitch-5.16.jar, examining for mod candidates
[16:24:40] [Client thread/DEBUG] [FML/]: Found a minecraft related file at C:\Users\brawl\.gradle\caches\modules-2\files-2.1\net.java.jinput\jinput-platform\2.0.5\7ff832a6eb9ab6a767f1ade2b548092d0fa64795\jinput-platform-2.0.5-natives-linux.jar, examining for mod candidates
[16:24:40] [Client thread/DEBUG] [FML/]: Found a minecraft related file at C:\Users\brawl\.gradle\caches\modules-2\files-2.1\net.java.jinput\jinput-platform\2.0.5\385ee093e01f587f30ee1c8a2ee7d408fd732e16\jinput-platform-2.0.5-natives-windows.jar, examining for mod candidates
[16:24:40] [Client thread/DEBUG] [FML/]: Found a minecraft related file at C:\Users\brawl\.gradle\caches\modules-2\files-2.1\net.java.jinput\jinput-platform\2.0.5\53f9c919f34d2ca9de8c51fc4e1e8282029a9232\jinput-platform-2.0.5-natives-osx.jar, examining for mod candidates
[16:24:40] [Client thread/DEBUG] [FML/]: Found a minecraft related file at C:\Users\brawl\.gradle\caches\modules-2\files-2.1\tv.twitch\twitch-platform\5.16\7c6affe439099806a4f552da14c42f9d643d8b23\twitch-platform-5.16-natives-windows-32.jar, examining for mod candidates
[16:24:40] [Client thread/DEBUG] [FML/]: Found a minecraft related file at C:\Users\brawl\.gradle\caches\modules-2\files-2.1\tv.twitch\twitch-platform\5.16\39d0c3d363735b4785598e0e7fbf8297c706a9f9\twitch-platform-5.16-natives-windows-64.jar, examining for mod candidates
[16:24:40] [Client thread/DEBUG] [FML/]: Found a minecraft related file at C:\Users\brawl\.gradle\caches\modules-2\files-2.1\tv.twitch\twitch-platform\5.16\62503ee712766cf77f97252e5902786fd834b8c5\twitch-platform-5.16-natives-osx.jar, examining for mod candidates
[16:24:40] [Client thread/DEBUG] [FML/]: Found a minecraft related file at C:\Users\brawl\.gradle\caches\modules-2\files-2.1\tv.twitch\twitch-external-platform\4.5\18215140f010c05b9f86ef6f0f8871954d2ccebf\twitch-external-platform-4.5-natives-windows-32.jar, examining for mod candidates
[16:24:40] [Client thread/DEBUG] [FML/]: Found a minecraft related file at C:\Users\brawl\.gradle\caches\modules-2\files-2.1\tv.twitch\twitch-external-platform\4.5\c3cde57891b935d41b6680a9c5e1502eeab76d86\twitch-external-platform-4.5-natives-windows-64.jar, examining for mod candidates
[16:24:40] [Client thread/DEBUG] [FML/]: Found a minecraft related file at C:\Users\brawl\.gradle\caches\modules-2\files-2.1\org.lwjgl.lwjgl\lwjgl-platform\2.9.1\4c517eca808522457dd95ee8fc1fbcdbb602efbe\lwjgl-platform-2.9.1-natives-windows.jar, examining for mod candidates
[16:24:40] [Client thread/DEBUG] [FML/]: Found a minecraft related file at C:\Users\brawl\.gradle\caches\modules-2\files-2.1\org.lwjgl.lwjgl\lwjgl-platform\2.9.1\aa9aae879af8eb378e22cfc64db56ec2ca9a44d1\lwjgl-platform-2.9.1-natives-linux.jar, examining for mod candidates
[16:24:40] [Client thread/DEBUG] [FML/]: Found a minecraft related file at C:\Users\brawl\.gradle\caches\modules-2\files-2.1\org.lwjgl.lwjgl\lwjgl-platform\2.9.1\2d12c83fdfbc04ecabf02c7bc8cc54d034f0daac\lwjgl-platform-2.9.1-natives-osx.jar, examining for mod candidates
[16:24:40] [Client thread/DEBUG] [FML/]: Found a minecraft related file at C:\Users\brawl\Desktop\mods\HTGT-6\build\libs\HiTech6_V_1.0.4_Build_.jar, examining for mod candidates
[16:24:40] [Client thread/TRACE] [FML/]: Skipping known library file C:\Users\brawl\Desktop\mods\HTGT-6\run\mods\CodeChickenCore-1.1.13.jar
[16:24:40] [Client thread/DEBUG] [FML/]: Found a minecraft related file at C:\Users\brawl\Desktop\mods\HTGT-6\run\.\mods\1.7.10\CodeChickenLib-1.1.6-dev.jar, examining for mod candidates
[16:24:40] [Client thread/TRACE] [FML/]: Skipping known library file C:\Users\brawl\Desktop\mods\HTGT-6\run\mods\NotEnoughItems-2.4.13-GTNH.jar
[16:24:40] [Client thread/DEBUG] [FML/]: Minecraft jar mods loaded successfully
[16:24:40] [Client thread/INFO] [FML/]: Found 0 mods from the command line. Injecting into mod discoverer
[16:24:40] [Client thread/INFO] [FML/]: Searching C:\Users\brawl\Desktop\mods\HTGT-6\run\mods for mods
[16:24:40] [Client thread/DEBUG] [FML/]: Found a candidate mod directory 1.7.10
[16:24:40] [Client thread/TRACE] [FML/]: Skipping already parsed coremod or tweaker CodeChickenCore-1.1.13.jar
[16:24:40] [Client thread/DEBUG] [FML/]: Found a candidate zip or jar file IC2Classic-1.7.10-1.2.5 (1).jar
[16:24:40] [Client thread/DEBUG] [FML/]: Found a candidate zip or jar file neiaddons-1.12.15.41-mc1.7.10.jar
[16:24:40] [Client thread/DEBUG] [FML/]: Found a candidate zip or jar file NEIIntegration-MC1.7.10-1.1.2.jar
[16:24:40] [Client thread/TRACE] [FML/]: Skipping already parsed coremod or tweaker NotEnoughItems-2.4.13-GTNH.jar
[16:24:40] [Client thread/INFO] [FML/]: Also searching C:\Users\brawl\Desktop\mods\HTGT-6\run\mods\1.7.10 for mods
[16:24:40] [Client thread/DEBUG] [FML/]: Found a candidate zip or jar file CodeChickenLib-1.1.6-dev.jar
[16:24:40] [Client thread/DEBUG] [FML/]: Examining directory start for potential mods
[16:24:40] [Client thread/DEBUG] [FML/]: No mcmod.info file found in directory start
[16:24:40] [Client thread/TRACE] [FML/]: Recursing into package net
[16:24:40] [Client thread/TRACE] [FML/]: Recursing into package net.minecraftforge
[16:24:40] [Client thread/TRACE] [FML/]: Recursing into package net.minecraftforge.gradle
[16:24:40] [Client thread/TRACE] [FML/]: Recursing into package net.minecraftforge.gradle.tweakers
[16:24:40] [Client thread/DEBUG] [FML/]: Examining file GregTech6-Unofficial-dev.jar for potential mods
[16:24:40] [Client thread/TRACE] [FML/]: Located mcmod.info file in file GregTech6-Unofficial-dev.jar
[16:24:40] [Client thread/DEBUG] [FML/]: Identified a mod of type Lcpw/mods/fml/common/Mod; (gregapi.GT_API) - loading
[16:24:40] [Client thread/TRACE] [gregapi/]: Parsed dependency info : [gregapi_post] [Micdoodlecore] [gregapi_post, IC2, IC2-Classic-Spmod, IC2NuclearControl, ihl, funkylocomotion, Baubles, HardcoreEnderExpansion, ganyssurface, ganysnether, ganysend, woodstuff, craftguide, CoFHAPI, CoFHAPI|energy, CoFHCore, ComputerCraft, OpenComputers, hexcraft, DraconicEvolution, Avaritia, Forestry, MagicBees, BinnieCore, ExtraBees, ExtraTrees, Genetics, Botany, ImmersiveEngineering, UndergroundBiomes, CustomOreGen, PFAAGeologica, mineralogy, globbypotato_rockhounding, candycraftmod, abyssalcraft, soulforest, arsmagica2, Thaumcraft, ForbiddenMagic, Botania, alfheim, witchery, howlingmoon, MoCreatures, GrimoireOfGaia, lycanitesmobs, arcticmobs, demonmobs, desertmobs, forestmobs, freshwatermobs, infernomobs, junglemobs, mountainmobs, plainsmobs, saltwatermobs, shadowmobs, swampmobs, Railcraft, bluepower, ProjRed|Core, ProjRed|Expansion, ProjRed|Integration, ProjRed|Transmission, ProjRed|Transportation, ProjRed|Exploration, ProjRed|Compatibility, ProjRed|Fabrication, ProjRed|Illumination, ProjectE, appliedenergistics2, mo, ThermalFoundation, ThermalDynamics, ThermalExpansion, Ztones, chisel, netheriteplus, netherlicious, etfuturum, betterbeginnings, dynamictrees, BiblioCraft, CarpentersBlocks, betterrecords, TwilightForest, erebus, MineFactoryReloaded, PneumaticCraft, ExtraUtilities, ExtraSimple, EnderIO, RandomThings, ActuallyAdditions, Treecapitator, harvestcraft, cookingbook, AppleCore, enviromine, magicalcrops, BuildCraft|Transport, BuildCraft|Silicon, BuildCraft|Factory, BuildCraft|Energy, BuildCraft|Robotics, BuildCraft|Core, BuildCraft|Builders, Magneticraft, BigReactors, hbm, Eln, DragonAPI, ElectriCraft, ChromatiCraft, ReactorCraft, RotaryCraft, Mekanism, MekanismTools, MekanismGenerators, GalacticraftCore, GalacticraftMars, GalaxySpace, libVulpes, advancedRocketry, thebetweenlands, aether, tropicraft, atum, enhancedbiomes, ExtrabiomesXL, BiomesOPlenty, Highlands, ATG, RTG, RWG, caveworld, Aroma1997sDimension, Mystcraft, warpbook, LostBooks, lootbags, eureka, Enchiridion, Enchiridion2, SimpleAchievements, HardcoreQuesting, StorageDrawers, betterstorage, JABBA, Mariculture, psychedelicraft, BambooMod, plantmegapack, fossil, Growthcraft, Growthcraft|Apples, Growthcraft|Bamboo, Growthcraft|Bees, Growthcraft|Cellar, Growthcraft|Fishtrap, Growthcraft|Grapes, Growthcraft|Hops, Growthcraft|Milk, Growthcraft|Rice, battlegear2, weaponmod, openmodularturrets, Techguns, meteors, factorization, Mantle, OpenBlocks, progressiveautomation, TConstruct, minefantasy2, Translocator, WR-CBE|Core, WR-CBE|Addons, WR-CBE|Logic, voltzengine, mffs, icbmclassic, atomicscience, inventorytweaks, ironbackpacks, journeymap, LogisticsPipes, LunatriusCore, NEIAddons, NEIAddons|Developer, NEIAddons|AppEng, NEIAddons|Botany, NEIAddons|Forestry, NEIAddons|CraftingTables, NEIAddons|ExNihilo, neiintegration, openglasses, simplyjetpacks, Stackie, StevesCarts, TiCTooltips, worldedit, McMultipart, OpenPeripheralCore, OpenPeripheralIntegration, OpenPeripheral]
[16:24:40] [Client thread/DEBUG] [FML/]: Identified a mod of type Lcpw/mods/fml/common/Mod; (gregapi.GT_API_Post) - loading
[16:24:40] [Client thread/TRACE] [gregapi_post/]: Parsed dependency info : [gregapi] [gregapi, Micdoodlecore, IC2, IC2-Classic-Spmod, IC2NuclearControl, ihl, funkylocomotion, Baubles, HardcoreEnderExpansion, ganyssurface, ganysnether, ganysend, woodstuff, craftguide, CoFHAPI, CoFHAPI|energy, CoFHCore, ComputerCraft, OpenComputers, hexcraft, DraconicEvolution, Avaritia, Forestry, MagicBees, BinnieCore, ExtraBees, ExtraTrees, Genetics, Botany, ImmersiveEngineering, UndergroundBiomes, CustomOreGen, PFAAGeologica, mineralogy, globbypotato_rockhounding, candycraftmod, abyssalcraft, soulforest, arsmagica2, Thaumcraft, ForbiddenMagic, Botania, alfheim, witchery, howlingmoon, MoCreatures, GrimoireOfGaia, lycanitesmobs, arcticmobs, demonmobs, desertmobs, forestmobs, freshwatermobs, infernomobs, junglemobs, mountainmobs, plainsmobs, saltwatermobs, shadowmobs, swampmobs, Railcraft, bluepower, ProjRed|Core, ProjRed|Expansion, ProjRed|Integration, ProjRed|Transmission, ProjRed|Transportation, ProjRed|Exploration, ProjRed|Compatibility, ProjRed|Fabrication, ProjRed|Illumination, ProjectE, appliedenergistics2, mo, ThermalFoundation, ThermalDynamics, ThermalExpansion, Ztones, chisel, netheriteplus, netherlicious, etfuturum, betterbeginnings, dynamictrees, BiblioCraft, CarpentersBlocks, betterrecords, TwilightForest, erebus, MineFactoryReloaded, PneumaticCraft, ExtraUtilities, ExtraSimple, EnderIO, RandomThings, ActuallyAdditions, Treecapitator, harvestcraft, cookingbook, AppleCore, enviromine, magicalcrops, BuildCraft|Transport, BuildCraft|Silicon, BuildCraft|Factory, BuildCraft|Energy, BuildCraft|Robotics, BuildCraft|Core, BuildCraft|Builders, Magneticraft, BigReactors, hbm, Eln, DragonAPI, ElectriCraft, ChromatiCraft, ReactorCraft, RotaryCraft, Mekanism, MekanismTools, MekanismGenerators, GalacticraftCore, GalacticraftMars, GalaxySpace, libVulpes, advancedRocketry, thebetweenlands, aether, tropicraft, atum, enhancedbiomes, ExtrabiomesXL, BiomesOPlenty, Highlands, ATG, RTG, RWG, caveworld, Aroma1997Core, Aroma1997sDimension, Mystcraft, warpbook, LostBooks, lootbags, eureka, Enchiridion, Enchiridion2, SimpleAchievements, HardcoreQuesting, StorageDrawers, betterstorage, JABBA, Mariculture, psychedelicraft, BambooMod, plantmegapack, fossil, Growthcraft, Growthcraft|Apples, Growthcraft|Bamboo, Growthcraft|Bees, Growthcraft|Cellar, Growthcraft|Fishtrap, Growthcraft|Grapes, Growthcraft|Hops, Growthcraft|Milk, Growthcraft|Rice, battlegear2, weaponmod, openmodularturrets, Techguns, meteors, factorization, Mantle, OpenBlocks, progressiveautomation, TConstruct, minefantasy2, Translocator, WR-CBE|Core, WR-CBE|Addons, WR-CBE|Logic, voltzengine, mffs, icbmclassic, atomicscience, inventorytweaks, ironbackpacks, journeymap, LogisticsPipes, LunatriusCore, NEIAddons, NEIAddons|Developer, NEIAddons|AppEng, NEIAddons|Botany, NEIAddons|Forestry, NEIAddons|CraftingTables, NEIAddons|ExNihilo, neiintegration, openglasses, simplyjetpacks, Stackie, StevesCarts, TiCTooltips, worldedit, McMultipart] []
[16:24:40] [Client thread/DEBUG] [FML/]: Identified a mod of type Lcpw/mods/fml/common/Mod; (gregtech.GT6_Main) - loading
[16:24:40] [Client thread/TRACE] [gregtech/]: Parsed dependency info : [gregapi_post] [gregapi_post] []
[16:24:40] [Client thread/DEBUG] [FML/]: Examining file forgeSrc-1.7.10-10.13.4.1614-1.7.10.jar for potential mods
[16:24:40] [Client thread/DEBUG] [FML/]: The mod container forgeSrc-1.7.10-10.13.4.1614-1.7.10.jar appears to be missing an mcmod.info file
[16:24:40] [Client thread/DEBUG] [FML/]: Examining file launchwrapper-1.12.jar for potential mods
[16:24:40] [Client thread/DEBUG] [FML/]: The mod container launchwrapper-1.12.jar appears to be missing an mcmod.info file
[16:24:40] [Client thread/DEBUG] [FML/]: Examining file jsr305-1.3.9.jar for potential mods
[16:24:40] [Client thread/DEBUG] [FML/]: The mod container jsr305-1.3.9.jar appears to be missing an mcmod.info file
[16:24:40] [Client thread/DEBUG] [FML/]: Examining file asm-debug-all-5.0.3.jar for potential mods
[16:24:40] [Client thread/DEBUG] [FML/]: The mod container asm-debug-all-5.0.3.jar appears to be missing an mcmod.info file
[16:24:40] [Client thread/DEBUG] [FML/]: Examining file akka-actor_2.11-2.3.3.jar for potential mods
[16:24:40] [Client thread/DEBUG] [FML/]: The mod container akka-actor_2.11-2.3.3.jar appears to be missing an mcmod.info file
[16:24:40] [Client thread/DEBUG] [FML/]: Examining file config-1.2.1.jar for potential mods
[16:24:40] [Client thread/DEBUG] [FML/]: The mod container config-1.2.1.jar appears to be missing an mcmod.info file
[16:24:40] [Client thread/DEBUG] [FML/]: Examining file scala-actors-migration_2.11-1.1.0.jar for potential mods
[16:24:40] [Client thread/DEBUG] [FML/]: The mod container scala-actors-migration_2.11-1.1.0.jar appears to be missing an mcmod.info file
[16:24:40] [Client thread/DEBUG] [FML/]: Examining file scala-continuations-plugin_2.11.1-1.0.2.jar for potential mods
[16:24:40] [Client thread/DEBUG] [FML/]: The mod container scala-continuations-plugin_2.11.1-1.0.2.jar appears to be missing an mcmod.info file
[16:24:40] [Client thread/DEBUG] [FML/]: Examining file scala-compiler-2.11.1.jar for potential mods
[16:24:40] [Client thread/DEBUG] [FML/]: The mod container scala-compiler-2.11.1.jar appears to be missing an mcmod.info file
[16:24:41] [Client thread/DEBUG] [FML/]: Examining file scala-continuations-library_2.11-1.0.2.jar for potential mods
[16:24:41] [Client thread/DEBUG] [FML/]: The mod container scala-continuations-library_2.11-1.0.2.jar appears to be missing an mcmod.info file
[16:24:41] [Client thread/DEBUG] [FML/]: Examining file scala-reflect-2.11.1.jar for potential mods
[16:24:41] [Client thread/DEBUG] [FML/]: The mod container scala-reflect-2.11.1.jar appears to be missing an mcmod.info file
[16:24:42] [Client thread/DEBUG] [FML/]: Examining file scala-actors-2.11.0.jar for potential mods
[16:24:42] [Client thread/DEBUG] [FML/]: The mod container scala-actors-2.11.0.jar appears to be missing an mcmod.info file
[16:24:42] [Client thread/DEBUG] [FML/]: Examining file scala-xml_2.11-1.0.2.jar for potential mods
[16:24:42] [Client thread/DEBUG] [FML/]: The mod container scala-xml_2.11-1.0.2.jar appears to be missing an mcmod.info file
[16:24:42] [Client thread/DEBUG] [FML/]: Examining file scala-parser-combinators_2.11-1.0.1.jar for potential mods
[16:24:42] [Client thread/DEBUG] [FML/]: The mod container scala-parser-combinators_2.11-1.0.1.jar appears to be missing an mcmod.info file
[16:24:42] [Client thread/DEBUG] [FML/]: Examining file scala-library-2.11.1.jar for potential mods
[16:24:42] [Client thread/DEBUG] [FML/]: The mod container scala-library-2.11.1.jar appears to be missing an mcmod.info file
[16:24:42] [Client thread/DEBUG] [FML/]: Examining file scala-parser-combinators_2.11-1.0.1.jar for potential mods
[16:24:42] [Client thread/DEBUG] [FML/]: The mod container scala-parser-combinators_2.11-1.0.1.jar appears to be missing an mcmod.info file
[16:24:42] [Client thread/DEBUG] [FML/]: Examining file scala-swing_2.11-1.0.1.jar for potential mods
[16:24:42] [Client thread/DEBUG] [FML/]: The mod container scala-swing_2.11-1.0.1.jar appears to be missing an mcmod.info file
[16:24:42] [Client thread/DEBUG] [FML/]: Examining file scala-xml_2.11-1.0.2.jar for potential mods
[16:24:42] [Client thread/DEBUG] [FML/]: The mod container scala-xml_2.11-1.0.2.jar appears to be missing an mcmod.info file
[16:24:42] [Client thread/DEBUG] [FML/]: Examining file jopt-simple-4.5.jar for potential mods
[16:24:42] [Client thread/DEBUG] [FML/]: The mod container jopt-simple-4.5.jar appears to be missing an mcmod.info file
[16:24:42] [Client thread/DEBUG] [FML/]: Examining file lzma-0.0.1.jar for potential mods
[16:24:42] [Client thread/DEBUG] [FML/]: The mod container lzma-0.0.1.jar appears to be missing an mcmod.info file
[16:24:42] [Client thread/DEBUG] [FML/]: Examining file realms-1.3.5.jar for potential mods
[16:24:42] [Client thread/DEBUG] [FML/]: The mod container realms-1.3.5.jar appears to be missing an mcmod.info file
[16:24:42] [Client thread/DEBUG] [FML/]: Examining file commons-compress-1.8.1.jar for potential mods
[16:24:42] [Client thread/DEBUG] [FML/]: The mod container commons-compress-1.8.1.jar appears to be missing an mcmod.info file
[16:24:42] [Client thread/DEBUG] [FML/]: Examining file httpclient-4.3.3.jar for potential mods
[16:24:42] [Client thread/DEBUG] [FML/]: The mod container httpclient-4.3.3.jar appears to be missing an mcmod.info file
[16:24:42] [Client thread/DEBUG] [FML/]: Examining file commons-logging-1.1.3.jar for potential mods
[16:24:42] [Client thread/DEBUG] [FML/]: The mod container commons-logging-1.1.3.jar appears to be missing an mcmod.info file
[16:24:42] [Client thread/DEBUG] [FML/]: Examining file httpcore-4.3.2.jar for potential mods
[16:24:42] [Client thread/DEBUG] [FML/]: The mod container httpcore-4.3.2.jar appears to be missing an mcmod.info file
[16:24:42] [Client thread/DEBUG] [FML/]: Examining file vecmath-1.3.1.jar for potential mods
[16:24:42] [Client thread/DEBUG] [FML/]: The mod container vecmath-1.3.1.jar appears to be missing an mcmod.info file
[16:24:42] [Client thread/DEBUG] [FML/]: Examining file trove4j-3.0.3.jar for potential mods
[16:24:42] [Client thread/DEBUG] [FML/]: The mod container trove4j-3.0.3.jar appears to be missing an mcmod.info file
[16:24:42] [Client thread/DEBUG] [FML/]: Examining file icu4j-core-mojang-51.2.jar for potential mods
[16:24:42] [Client thread/DEBUG] [FML/]: The mod container icu4j-core-mojang-51.2.jar appears to be missing an mcmod.info file
[16:24:42] [Client thread/DEBUG] [FML/]: Examining file codecjorbis-20101023.jar for potential mods
[16:24:42] [Client thread/DEBUG] [FML/]: The mod container codecjorbis-20101023.jar appears to be missing an mcmod.info file
[16:24:42] [Client thread/DEBUG] [FML/]: Examining file codecwav-20101023.jar for potential mods
[16:24:42] [Client thread/DEBUG] [FML/]: The mod container codecwav-20101023.jar appears to be missing an mcmod.info file
[16:24:42] [Client thread/DEBUG] [FML/]: Examining file libraryjavasound-20101123.jar for potential mods
[16:24:42] [Client thread/DEBUG] [FML/]: The mod container libraryjavasound-20101123.jar appears to be missing an mcmod.info file
[16:24:42] [Client thread/DEBUG] [FML/]: Examining file librarylwjglopenal-20100824.jar for potential mods
[16:24:42] [Client thread/DEBUG] [FML/]: The mod container librarylwjglopenal-20100824.jar appears to be missing an mcmod.info file
[16:24:42] [Client thread/DEBUG] [FML/]: Examining file soundsystem-20120107.jar for potential mods
[16:24:42] [Client thread/DEBUG] [FML/]: The mod container soundsystem-20120107.jar appears to be missing an mcmod.info file
[16:24:42] [Client thread/DEBUG] [FML/]: Examining file netty-all-4.0.10.Final.jar for potential mods
[16:24:42] [Client thread/DEBUG] [FML/]: The mod container netty-all-4.0.10.Final.jar appears to be missing an mcmod.info file
[16:24:43] [Client thread/DEBUG] [FML/]: Examining file authlib-1.5.16.jar for potential mods
[16:24:43] [Client thread/DEBUG] [FML/]: The mod container authlib-1.5.16.jar appears to be missing an mcmod.info file
[16:24:43] [Client thread/DEBUG] [FML/]: Examining file guava-17.0.jar for potential mods
[16:24:43] [Client thread/DEBUG] [FML/]: The mod container guava-17.0.jar appears to be missing an mcmod.info file
[16:24:43] [Client thread/DEBUG] [FML/]: Examining file commons-lang3-3.3.2.jar for potential mods
[16:24:43] [Client thread/DEBUG] [FML/]: The mod container commons-lang3-3.3.2.jar appears to be missing an mcmod.info file
[16:24:43] [Client thread/DEBUG] [FML/]: Examining file commons-io-2.4.jar for potential mods
[16:24:43] [Client thread/DEBUG] [FML/]: The mod container commons-io-2.4.jar appears to be missing an mcmod.info file
[16:24:43] [Client thread/DEBUG] [FML/]: Examining file commons-codec-1.9.jar for potential mods
[16:24:43] [Client thread/DEBUG] [FML/]: The mod container commons-codec-1.9.jar appears to be missing an mcmod.info file
[16:24:43] [Client thread/DEBUG] [FML/]: Examining file lwjgl_util-2.9.1.jar for potential mods
[16:24:43] [Client thread/DEBUG] [FML/]: The mod container lwjgl_util-2.9.1.jar appears to be missing an mcmod.info file
[16:24:43] [Client thread/DEBUG] [FML/]: Examining file lwjgl-2.9.1.jar for potential mods
[16:24:43] [Client thread/DEBUG] [FML/]: The mod container lwjgl-2.9.1.jar appears to be missing an mcmod.info file
[16:24:43] [Client thread/DEBUG] [FML/]: Examining file jinput-2.0.5.jar for potential mods
[16:24:43] [Client thread/DEBUG] [FML/]: The mod container jinput-2.0.5.jar appears to be missing an mcmod.info file
[16:24:43] [Client thread/DEBUG] [FML/]: Examining file jutils-1.0.0.jar for potential mods
[16:24:43] [Client thread/DEBUG] [FML/]: The mod container jutils-1.0.0.jar appears to be missing an mcmod.info file
[16:24:43] [Client thread/DEBUG] [FML/]: Examining file gson-2.2.4.jar for potential mods
[16:24:43] [Client thread/DEBUG] [FML/]: The mod container gson-2.2.4.jar appears to be missing an mcmod.info file
[16:24:43] [Client thread/DEBUG] [FML/]: Examining file log4j-core-2.0-beta9.jar for potential mods
[16:24:43] [Client thread/DEBUG] [FML/]: The mod container log4j-core-2.0-beta9.jar appears to be missing an mcmod.info file
[16:24:43] [Client thread/DEBUG] [FML/]: Examining file log4j-api-2.0-beta9.jar for potential mods
[16:24:43] [Client thread/DEBUG] [FML/]: The mod container log4j-api-2.0-beta9.jar appears to be missing an mcmod.info file
[16:24:43] [Client thread/DEBUG] [FML/]: Examining file twitch-5.16.jar for potential mods
[16:24:43] [Client thread/DEBUG] [FML/]: The mod container twitch-5.16.jar appears to be missing an mcmod.info file
[16:24:43] [Client thread/DEBUG] [FML/]: Examining file jinput-platform-2.0.5-natives-linux.jar for potential mods
[16:24:43] [Client thread/DEBUG] [FML/]: The mod container jinput-platform-2.0.5-natives-linux.jar appears to be missing an mcmod.info file
[16:24:43] [Client thread/DEBUG] [FML/]: Examining file jinput-platform-2.0.5-natives-windows.jar for potential mods
[16:24:43] [Client thread/DEBUG] [FML/]: The mod container jinput-platform-2.0.5-natives-windows.jar appears to be missing an mcmod.info file
[16:24:43] [Client thread/DEBUG] [FML/]: Examining file jinput-platform-2.0.5-natives-osx.jar for potential mods
[16:24:43] [Client thread/DEBUG] [FML/]: The mod container jinput-platform-2.0.5-natives-osx.jar appears to be missing an mcmod.info file
[16:24:43] [Client thread/DEBUG] [FML/]: Examining file twitch-platform-5.16-natives-windows-32.jar for potential mods
[16:24:43] [Client thread/DEBUG] [FML/]: The mod container twitch-platform-5.16-natives-windows-32.jar appears to be missing an mcmod.info file
[16:24:43] [Client thread/DEBUG] [FML/]: Examining file twitch-platform-5.16-natives-windows-64.jar for potential mods
[16:24:43] [Client thread/DEBUG] [FML/]: The mod container twitch-platform-5.16-natives-windows-64.jar appears to be missing an mcmod.info file
[16:24:43] [Client thread/DEBUG] [FML/]: Examining file twitch-platform-5.16-natives-osx.jar for potential mods
[16:24:43] [Client thread/DEBUG] [FML/]: The mod container twitch-platform-5.16-natives-osx.jar appears to be missing an mcmod.info file
[16:24:43] [Client thread/DEBUG] [FML/]: Examining file twitch-external-platform-4.5-natives-windows-32.jar for potential mods
[16:24:43] [Client thread/DEBUG] [FML/]: The mod container twitch-external-platform-4.5-natives-windows-32.jar appears to be missing an mcmod.info file
[16:24:43] [Client thread/DEBUG] [FML/]: Examining file twitch-external-platform-4.5-natives-windows-64.jar for potential mods
[16:24:43] [Client thread/DEBUG] [FML/]: The mod container twitch-external-platform-4.5-natives-windows-64.jar appears to be missing an mcmod.info file
[16:24:43] [Client thread/DEBUG] [FML/]: Examining file lwjgl-platform-2.9.1-natives-windows.jar for potential mods
[16:24:43] [Client thread/DEBUG] [FML/]: The mod container lwjgl-platform-2.9.1-natives-windows.jar appears to be missing an mcmod.info file
[16:24:43] [Client thread/DEBUG] [FML/]: Examining file lwjgl-platform-2.9.1-natives-linux.jar for potential mods
[16:24:43] [Client thread/DEBUG] [FML/]: The mod container lwjgl-platform-2.9.1-natives-linux.jar appears to be missing an mcmod.info file
[16:24:43] [Client thread/DEBUG] [FML/]: Examining file lwjgl-platform-2.9.1-natives-osx.jar for potential mods
[16:24:43] [Client thread/DEBUG] [FML/]: The mod container lwjgl-platform-2.9.1-natives-osx.jar appears to be missing an mcmod.info file
[16:24:43] [Client thread/DEBUG] [FML/]: Examining file HiTech6_V_1.0.4_Build_.jar for potential mods
[16:24:43] [Client thread/TRACE] [FML/]: Located mcmod.info file in file HiTech6_V_1.0.4_Build_.jar
[16:24:43] [Client thread/DEBUG] [FML/]: Identified a mod of type Lcpw/mods/fml/common/Mod; (com.mod.htgt6.HTGT6) - loading
[16:24:43] [Client thread/TRACE] [HTGT6/]: Parsed dependency info : [] [] []
[16:24:43] [Client thread/DEBUG] [FML/]: Examining file CodeChickenLib-1.1.6-dev.jar for potential mods
[16:24:43] [Client thread/DEBUG] [FML/]: The mod container CodeChickenLib-1.1.6-dev.jar appears to be missing an mcmod.info file
[16:24:43] [Client thread/DEBUG] [FML/]: Examining directory 1.7.10 for potential mods
[16:24:43] [Client thread/DEBUG] [FML/]: No mcmod.info file found in directory 1.7.10
[16:24:43] [Client thread/DEBUG] [FML/]: Examining file IC2Classic-1.7.10-1.2.5 (1).jar for potential mods
[16:24:43] [Client thread/DEBUG] [FML/]: The mod container IC2Classic-1.7.10-1.2.5 (1).jar appears to be missing an mcmod.info file
[16:24:43] [Client thread/DEBUG] [FML/]: Identified a mod of type Lcpw/mods/fml/common/Mod; (ic2.core.IC2) - loading
[16:24:43] [Client thread/TRACE] [IC2/]: Parsed dependency info : [] [] []
[16:24:43] [Client thread/DEBUG] [FML/]: Identified a mod of type Lcpw/mods/fml/common/Mod; (ic2.core.util.Classic) - loading
[16:24:43] [Client thread/TRACE] [IC2-Classic-Spmod/]: Parsed dependency info : [] [] []
[16:24:43] [Client thread/DEBUG] [FML/]: Examining file neiaddons-1.12.15.41-mc1.7.10.jar for potential mods
[16:24:43] [Client thread/TRACE] [FML/]: Located mcmod.info file in file neiaddons-1.12.15.41-mc1.7.10.jar
[16:24:43] [Client thread/DEBUG] [FML/]: Identified a mod of type Lcpw/mods/fml/common/Mod; (net.bdew.neiaddons.developer.AddonDeveloper) - loading
[16:24:43] [Client thread/TRACE] [NEIAddons|Developer/]: Parsed dependency info : [] [NEIAddons] []
[16:24:43] [Client thread/DEBUG] [FML/]: Identified a mod of type Lcpw/mods/fml/common/Mod; (net.bdew.neiaddons.appeng.AddonAppeng) - loading
[16:24:43] [Client thread/TRACE] [NEIAddons|AppEng/]: Parsed dependency info : [] [NEIAddons, appliedenergistics2] []
[16:24:43] [Client thread/DEBUG] [FML/]: Identified a mod of type Lcpw/mods/fml/common/Mod; (net.bdew.neiaddons.botany.AddonBotany) - loading
[16:24:43] [Client thread/TRACE] [NEIAddons|Botany/]: Parsed dependency info : [] [NEIAddons, Botany] []
[16:24:43] [Client thread/DEBUG] [FML/]: Identified a mod of type Lcpw/mods/fml/common/Mod; (net.bdew.neiaddons.forestry.AddonForestry) - loading
[16:24:43] [Client thread/TRACE] [NEIAddons|Forestry/]: Parsed dependency info : [] [NEIAddons, Forestry] []
[16:24:43] [Client thread/DEBUG] [FML/]: Identified a mod of type Lcpw/mods/fml/common/Mod; (net.bdew.neiaddons.crafting.AddonCraftingTables) - loading
[16:24:43] [Client thread/TRACE] [NEIAddons|CraftingTables/]: Parsed dependency info : [] [NEIAddons] []
[16:24:43] [Client thread/DEBUG] [FML/]: Identified a mod of type Lcpw/mods/fml/common/Mod; (net.bdew.neiaddons.NEIAddons) - loading
[16:24:43] [Client thread/TRACE] [NEIAddons/]: Parsed dependency info : [] [NotEnoughItems] []
[16:24:43] [Client thread/DEBUG] [FML/]: Identified a mod of type Lcpw/mods/fml/common/Mod; (net.bdew.neiaddons.exnihilo.AddonExnihilo) - loading
[16:24:43] [Client thread/TRACE] [NEIAddons|ExNihilo/]: Parsed dependency info : [] [exnihilo] []
[16:24:43] [Client thread/DEBUG] [FML/]: Examining file NEIIntegration-MC1.7.10-1.1.2.jar for potential mods
[16:24:43] [Client thread/TRACE] [FML/]: Located mcmod.info file in file NEIIntegration-MC1.7.10-1.1.2.jar
[16:24:43] [Client thread/DEBUG] [FML/]: Identified a mod of type Lcpw/mods/fml/common/Mod; (tonius.neiintegration.NEIIntegration) - loading
[16:24:43] [Client thread/TRACE] [neiintegration/]: Parsed dependency info : [] [] []
[16:24:43] [Client thread/DEBUG] [FML/]: Examining file CodeChickenLib-1.1.6-dev.jar for potential mods
[16:24:43] [Client thread/DEBUG] [FML/]: The mod container CodeChickenLib-1.1.6-dev.jar appears to be missing an mcmod.info file
[16:24:43] [Client thread/INFO] [FML/]: Forge Mod Loader has identified 20 mods to load
[16:24:43] [Client thread/DEBUG] [FML/]: Found API ic2.api.recipe (owned by IC2 providing IC2API) embedded in IC2
[16:24:43] [Client thread/DEBUG] [FML/]: Found API ic2.api.recipe (owned by IC2 providing IC2API) embedded in IC2-Classic-Spmod
[16:24:43] [Client thread/DEBUG] [FML/]: Found API ic2.api.reactor (owned by IC2 providing IC2API) embedded in IC2
[16:24:43] [Client thread/DEBUG] [FML/]: Found API ic2.api.crops (owned by IC2 providing IC2API) embedded in IC2
[16:24:43] [Client thread/DEBUG] [FML/]: Found API ic2.api.util (owned by IC2 providing IC2API) embedded in IC2
[16:24:43] [Client thread/DEBUG] [FML/]: Found API ic2.api.info (owned by IC2 providing IC2API) embedded in IC2
[16:24:43] [Client thread/DEBUG] [FML/]: Found API ic2.api.tile (owned by IC2 providing IC2API) embedded in IC2
[16:24:43] [Client thread/DEBUG] [FML/]: Found API ic2.api (owned by IC2 providing IC2API) embedded in IC2
[16:24:43] [Client thread/DEBUG] [FML/]: Found API ic2.api.energy.event (owned by IC2 providing IC2API) embedded in IC2
[16:24:43] [Client thread/DEBUG] [FML/]: Found API ic2.api.energy (owned by IC2 providing IC2API) embedded in IC2
[16:24:43] [Client thread/DEBUG] [FML/]: Found API ic2.api.energy.prefab (owned by IC2 providing IC2API) embedded in IC2
[16:24:43] [Client thread/DEBUG] [FML/]: Found API ic2.api.item (owned by IC2 providing IC2API) embedded in IC2
[16:24:43] [Client thread/DEBUG] [FML/]: Found API ic2.api.network (owned by IC2 providing IC2API) embedded in IC2
[16:24:43] [Client thread/DEBUG] [FML/]: Found API ic2.api.event (owned by IC2 providing IC2API) embedded in IC2
[16:24:43] [Client thread/DEBUG] [FML/]: Found API ic2.api.energy.tile (owned by IC2 providing IC2API) embedded in IC2
[16:24:43] [Client thread/DEBUG] [FML/]: Creating API container dummy for API IC2API: owner: IC2, dependents: [IC2-Classic-Spmod]
[16:24:43] [Client thread/TRACE] [FML/]: Received a system property request ''
[16:24:43] [Client thread/TRACE] [FML/]: System property request managing the state of 0 mods
[16:24:43] [Client thread/DEBUG] [FML/]: After merging, found state information for 0 mods
[16:24:43] [Client thread/DEBUG] [FML/]: Found translations in forgeSrc-1.7.10-10.13.4.1614-1.7.10.jar [en_US, af_ZA, ar_SA, br_FR, ca_ES, cs_CZ, da_DK, de_DE, el_GR, en_US, es_ES, fa_IR, fi_FI, fr_FR, he_IL, hu_HU, it_IT, ja_JP, ko_KR, lt_LT, nb_NO, nl_NL, nn_NO, no_NO, pl_PL, pt_BR, pt_PT, ro_RO, ru_RU, sl_SI, sr_SP, sv_SE, tr_TR, uk_UA, vi_VN, zh_CN, zh_TW, en_US]
[16:24:43] [Client thread/DEBUG] [FML/]: Found translations in forgeSrc-1.7.10-10.13.4.1614-1.7.10.jar [en_US, af_ZA, ar_SA, br_FR, ca_ES, cs_CZ, da_DK, de_DE, el_GR, en_US, es_ES, fa_IR, fi_FI, fr_FR, he_IL, hu_HU, it_IT, ja_JP, ko_KR, lt_LT, nb_NO, nl_NL, nn_NO, no_NO, pl_PL, pt_BR, pt_PT, ro_RO, ru_RU, sl_SI, sr_SP, sv_SE, tr_TR, uk_UA, vi_VN, zh_CN, zh_TW, en_US]
[16:24:43] [Client thread/DEBUG] [FML/]: Found translations in NotEnoughItems-2.4.13-GTNH.jar [tr_TR, cs_CZ, et_EE, zh_CN, ru_RU, ko_KR, it_IT, sk_SK, zh_TW, pl_PL, fr_FR, de_DE, en_US, pt_BR]
[16:24:43] [Client thread/DEBUG] [gregapi/]: Enabling mod gregapi
[16:24:43] [Client thread/DEBUG] [FML/]: Found translations in GregTech6-Unofficial-dev.jar [en_US, ru_RU, zh_CN, en_GB, en_US]
[16:24:43] [Client thread/DEBUG] [gregapi_post/]: Enabling mod gregapi_post
[16:24:43] [Client thread/DEBUG] [FML/]: Found translations in GregTech6-Unofficial-dev.jar [en_US, ru_RU, zh_CN, en_GB, en_US]
[16:24:43] [Client thread/DEBUG] [gregtech/]: Enabling mod gregtech
[16:24:43] [Client thread/DEBUG] [FML/]: Found translations in GregTech6-Unofficial-dev.jar [en_US, ru_RU, zh_CN, en_GB, en_US]
[16:24:43] [Client thread/DEBUG] [HTGT6/]: Enabling mod HTGT6
[16:24:43] [Client thread/DEBUG] [FML/]: Found translations in HiTech6_V_1.0.4_Build_.jar [en_US, ru_RU]
[16:24:43] [Client thread/DEBUG] [IC2/]: Enabling mod IC2
[16:24:43] [Client thread/DEBUG] [FML/]: Found translations in IC2Classic-1.7.10-1.2.5 (1).jar [en_US, ru_RU]
[16:24:43] [Client thread/DEBUG] [IC2-Classic-Spmod/]: Enabling mod IC2-Classic-Spmod
[16:24:43] [Client thread/DEBUG] [FML/]: Found translations in IC2Classic-1.7.10-1.2.5 (1).jar [en_US, ru_RU]
[16:24:43] [Client thread/DEBUG] [NEIAddons|Developer/]: Enabling mod NEIAddons|Developer
[16:24:43] [Client thread/DEBUG] [FML/]: Found translations in neiaddons-1.12.15.41-mc1.7.10.jar [cs_CZ, en_US, zh_CN, fr_FR, fr_CA, ru_RU, it_IT]
[16:24:43] [Client thread/DEBUG] [NEIAddons|AppEng/]: Enabling mod NEIAddons|AppEng
[16:24:43] [Client thread/DEBUG] [FML/]: Found translations in neiaddons-1.12.15.41-mc1.7.10.jar [cs_CZ, en_US, zh_CN, fr_FR, fr_CA, ru_RU, it_IT]
[16:24:43] [Client thread/DEBUG] [NEIAddons|Botany/]: Enabling mod NEIAddons|Botany
[16:24:43] [Client thread/DEBUG] [FML/]: Found translations in neiaddons-1.12.15.41-mc1.7.10.jar [cs_CZ, en_US, zh_CN, fr_FR, fr_CA, ru_RU, it_IT]
[16:24:43] [Client thread/DEBUG] [NEIAddons|Forestry/]: Enabling mod NEIAddons|Forestry
[16:24:43] [Client thread/DEBUG] [FML/]: Found translations in neiaddons-1.12.15.41-mc1.7.10.jar [cs_CZ, en_US, zh_CN, fr_FR, fr_CA, ru_RU, it_IT]
[16:24:43] [Client thread/DEBUG] [NEIAddons|CraftingTables/]: Enabling mod NEIAddons|CraftingTables
[16:24:43] [Client thread/DEBUG] [FML/]: Found translations in neiaddons-1.12.15.41-mc1.7.10.jar [cs_CZ, en_US, zh_CN, fr_FR, fr_CA, ru_RU, it_IT]
[16:24:43] [Client thread/DEBUG] [NEIAddons/]: Enabling mod NEIAddons
[16:24:43] [Client thread/DEBUG] [FML/]: Found translations in neiaddons-1.12.15.41-mc1.7.10.jar [cs_CZ, en_US, zh_CN, fr_FR, fr_CA, ru_RU, it_IT]
[16:24:43] [Client thread/DEBUG] [NEIAddons|ExNihilo/]: Enabling mod NEIAddons|ExNihilo
[16:24:43] [Client thread/DEBUG] [FML/]: Found translations in neiaddons-1.12.15.41-mc1.7.10.jar [cs_CZ, en_US, zh_CN, fr_FR, fr_CA, ru_RU, it_IT]
[16:24:43] [Client thread/DEBUG] [neiintegration/]: Enabling mod neiintegration
[16:24:43] [Client thread/DEBUG] [FML/]: Found translations in NEIIntegration-MC1.7.10-1.1.2.jar [cs_CZ, en_US, es_ES, ru_RU]
[16:24:43] [Client thread/TRACE] [FML/]: Verifying mod requirements are satisfied
[16:24:43] [Client thread/TRACE] [FML/]: All mod requirements are satisfied
[16:24:43] [Client thread/TRACE] [FML/]: Sorting mods into an ordered list
[16:24:43] [Client thread/TRACE] [FML/]: Mod sorting completed successfully
[16:24:43] [Client thread/DEBUG] [FML/]: Mod sorting data
[16:24:43] [Client thread/DEBUG] [FML/]: 	gregapi(Greg-API:GT6-MC1710): GregTech6-Unofficial-dev.jar (required-before:gregapi_post; after:Micdoodlecore; before:IC2; before:IC2-Classic-Spmod; before:IC2NuclearControl; before:ihl; before:funkylocomotion; before:Baubles; before:HardcoreEnderExpansion; before:ganyssurface; before:ganysnether; before:ganysend; before:woodstuff; before:craftguide; before:CoFHAPI; before:CoFHAPI|energy; before:CoFHCore; before:ComputerCraft; before:OpenComputers; before:hexcraft; before:DraconicEvolution; before:Avaritia; before:Forestry; before:MagicBees; before:BinnieCore; before:ExtraBees; before:ExtraTrees; before:Genetics; before:Botany; before:ImmersiveEngineering; before:UndergroundBiomes; before:CustomOreGen; before:PFAAGeologica; before:mineralogy; before:globbypotato_rockhounding; before:candycraftmod; before:abyssalcraft; before:soulforest; before:arsmagica2; before:Thaumcraft; before:ForbiddenMagic; before:Botania; before:alfheim; before:witchery; before:howlingmoon; before:MoCreatures; before:GrimoireOfGaia; before:lycanitesmobs; before:arcticmobs; before:demonmobs; before:desertmobs; before:forestmobs; before:freshwatermobs; before:infernomobs; before:junglemobs; before:mountainmobs; before:plainsmobs; before:saltwatermobs; before:shadowmobs; before:swampmobs; before:Railcraft; before:bluepower; before:ProjRed|Core; before:ProjRed|Expansion; before:ProjRed|Integration; before:ProjRed|Transmission; before:ProjRed|Transportation; before:ProjRed|Exploration; before:ProjRed|Compatibility; before:ProjRed|Fabrication; before:ProjRed|Illumination; before:ProjectE; before:appliedenergistics2; before:mo; before:ThermalFoundation; before:ThermalDynamics; before:ThermalExpansion; before:Ztones; before:chisel; before:netheriteplus; before:netherlicious; before:etfuturum; before:betterbeginnings; before:dynamictrees; before:BiblioCraft; before:CarpentersBlocks; before:betterrecords; before:TwilightForest; before:erebus; before:MineFactoryReloaded; before:PneumaticCraft; before:ExtraUtilities; before:ExtraSimple; before:EnderIO; before:RandomThings; before:ActuallyAdditions; before:Treecapitator; before:harvestcraft; before:cookingbook; before:AppleCore; before:enviromine; before:magicalcrops; before:BuildCraft|Transport; before:BuildCraft|Silicon; before:BuildCraft|Factory; before:BuildCraft|Energy; before:BuildCraft|Robotics; before:BuildCraft|Core; before:BuildCraft|Builders; before:Magneticraft; before:BigReactors; before:hbm; before:Eln; before:DragonAPI; before:ElectriCraft; before:ChromatiCraft; before:ReactorCraft; before:RotaryCraft; before:Mekanism; before:MekanismTools; before:MekanismGenerators; before:GalacticraftCore; before:GalacticraftMars; before:GalaxySpace; before:libVulpes; before:advancedRocketry; before:thebetweenlands; before:aether; before:tropicraft; before:atum; before:enhancedbiomes; before:ExtrabiomesXL; before:BiomesOPlenty; before:Highlands; before:ATG; before:RTG; before:RWG; before:caveworld; before:Aroma1997sDimension; before:Mystcraft; before:warpbook; before:LostBooks; before:lootbags; before:eureka; before:Enchiridion; before:Enchiridion2; before:SimpleAchievements; before:HardcoreQuesting; before:StorageDrawers; before:betterstorage; before:JABBA; before:Mariculture; before:psychedelicraft; before:BambooMod; before:plantmegapack; before:fossil; before:Growthcraft; before:Growthcraft|Apples; before:Growthcraft|Bamboo; before:Growthcraft|Bees; before:Growthcraft|Cellar; before:Growthcraft|Fishtrap; before:Growthcraft|Grapes; before:Growthcraft|Hops; before:Growthcraft|Milk; before:Growthcraft|Rice; before:battlegear2; before:weaponmod; before:openmodularturrets; before:Techguns; before:meteors; before:factorization; before:Mantle; before:OpenBlocks; before:progressiveautomation; before:TConstruct; before:minefantasy2; before:Translocator; before:WR-CBE|Core; before:WR-CBE|Addons; before:WR-CBE|Logic; before:voltzengine; before:mffs; before:icbmclassic; before:atomicscience; before:inventorytweaks; before:ironbackpacks; before:journeymap; before:LogisticsPipes; before:LunatriusCore; before:NEIAddons; before:NEIAddons|Developer; before:NEIAddons|AppEng; before:NEIAddons|Botany; before:NEIAddons|Forestry; before:NEIAddons|CraftingTables; before:NEIAddons|ExNihilo; before:neiintegration; before:openglasses; before:simplyjetpacks; before:Stackie; before:StevesCarts; before:TiCTooltips; before:worldedit; before:McMultipart; before:OpenPeripheralCore; before:OpenPeripheralIntegration; before:OpenPeripheral; )
[16:24:43] [Client thread/DEBUG] [FML/]: 	IC2(IndustrialCraft 2 Classic:2.2.999): IC2Classic-1.7.10-1.2.5 (1).jar ()
[16:24:43] [Client thread/DEBUG] [FML/]: 	IC2API(API: IC2API:1.0): IC2Classic-1.7.10-1.2.5 (1).jar ()
[16:24:43] [Client thread/DEBUG] [FML/]: 	IC2-Classic-Spmod(IC2 Classic Detection Helper:0.0.0.0): IC2Classic-1.7.10-1.2.5 (1).jar ()
[16:24:43] [Client thread/DEBUG] [FML/]: 	NEIAddons(NEI Addons:1.12.15.41): neiaddons-1.12.15.41-mc1.7.10.jar (after:NotEnoughItems)
[16:24:43] [Client thread/DEBUG] [FML/]: 	NEIAddons|Developer(NEI Addons: Developer Tools:1.12.15.41): neiaddons-1.12.15.41-mc1.7.10.jar (after:NEIAddons)
[16:24:43] [Client thread/DEBUG] [FML/]: 	NEIAddons|AppEng(NEI Addons: Applied Energistics 2:1.12.15.41): neiaddons-1.12.15.41-mc1.7.10.jar (after:NEIAddons;after:appliedenergistics2)
[16:24:43] [Client thread/DEBUG] [FML/]: 	NEIAddons|Botany(NEI Addons: Botany:1.12.15.41): neiaddons-1.12.15.41-mc1.7.10.jar (after:NEIAddons;after:Botany)
[16:24:43] [Client thread/DEBUG] [FML/]: 	NEIAddons|Forestry(NEI Addons: Forestry:1.12.15.41): neiaddons-1.12.15.41-mc1.7.10.jar (after:NEIAddons;after:Forestry)
[16:24:43] [Client thread/DEBUG] [FML/]: 	NEIAddons|CraftingTables(NEI Addons: Crafting Tables:1.12.15.41): neiaddons-1.12.15.41-mc1.7.10.jar (after:NEIAddons)
[16:24:43] [Client thread/DEBUG] [FML/]: 	NEIAddons|ExNihilo(NEI Addons: Ex Nihilo:1.12.15.41): neiaddons-1.12.15.41-mc1.7.10.jar (after:exnihilo)
[16:24:43] [Client thread/DEBUG] [FML/]: 	neiintegration(NEI Integration:1.1.2): NEIIntegration-MC1.7.10-1.1.2.jar ()
[16:24:43] [Client thread/DEBUG] [FML/]: 	gregapi_post(Greg-API-Post:GT6-MC1710): GregTech6-Unofficial-dev.jar (required-after:gregapi; after:Micdoodlecore; after:IC2; after:IC2-Classic-Spmod; after:IC2NuclearControl; after:ihl; after:funkylocomotion; after:Baubles; after:HardcoreEnderExpansion; after:ganyssurface; after:ganysnether; after:ganysend; after:woodstuff; after:craftguide; after:CoFHAPI; after:CoFHAPI|energy; after:CoFHCore; after:ComputerCraft; after:OpenComputers; after:hexcraft; after:DraconicEvolution; after:Avaritia; after:Forestry; after:MagicBees; after:BinnieCore; after:ExtraBees; after:ExtraTrees; after:Genetics; after:Botany; after:ImmersiveEngineering; after:UndergroundBiomes; after:CustomOreGen; after:PFAAGeologica; after:mineralogy; after:globbypotato_rockhounding; after:candycraftmod; after:abyssalcraft; after:soulforest; after:arsmagica2; after:Thaumcraft; after:ForbiddenMagic; after:Botania; after:alfheim; after:witchery; after:howlingmoon; after:MoCreatures; after:GrimoireOfGaia; after:lycanitesmobs; after:arcticmobs; after:demonmobs; after:desertmobs; after:forestmobs; after:freshwatermobs; after:infernomobs; after:junglemobs; after:mountainmobs; after:plainsmobs; after:saltwatermobs; after:shadowmobs; after:swampmobs; after:Railcraft; after:bluepower; after:ProjRed|Core; after:ProjRed|Expansion; after:ProjRed|Integration; after:ProjRed|Transmission; after:ProjRed|Transportation; after:ProjRed|Exploration; after:ProjRed|Compatibility; after:ProjRed|Fabrication; after:ProjRed|Illumination; after:ProjectE; after:appliedenergistics2; after:mo; after:ThermalFoundation; after:ThermalDynamics; after:ThermalExpansion; after:Ztones; after:chisel; after:netheriteplus; after:netherlicious; after:etfuturum; after:betterbeginnings; after:dynamictrees; after:BiblioCraft; after:CarpentersBlocks; after:betterrecords; after:TwilightForest; after:erebus; after:MineFactoryReloaded; after:PneumaticCraft; after:ExtraUtilities; after:ExtraSimple; after:EnderIO; after:RandomThings; after:ActuallyAdditions; after:Treecapitator; after:harvestcraft; after:cookingbook; after:AppleCore; after:enviromine; after:magicalcrops; after:BuildCraft|Transport; after:BuildCraft|Silicon; after:BuildCraft|Factory; after:BuildCraft|Energy; after:BuildCraft|Robotics; after:BuildCraft|Core; after:BuildCraft|Builders; after:Magneticraft; after:BigReactors; after:hbm; after:Eln; after:DragonAPI; after:ElectriCraft; after:ChromatiCraft; after:ReactorCraft; after:RotaryCraft; after:Mekanism; after:MekanismTools; after:MekanismGenerators; after:GalacticraftCore; after:GalacticraftMars; after:GalaxySpace; after:libVulpes; after:advancedRocketry; after:thebetweenlands; after:aether; after:tropicraft; after:atum; after:enhancedbiomes; after:ExtrabiomesXL; after:BiomesOPlenty; after:Highlands; after:ATG; after:RTG; after:RWG; after:caveworld; after:Aroma1997Core; after:Aroma1997sDimension; after:Mystcraft; after:warpbook; after:LostBooks; after:lootbags; after:eureka; after:Enchiridion; after:Enchiridion2; after:SimpleAchievements; after:HardcoreQuesting; after:StorageDrawers; after:betterstorage; after:JABBA; after:Mariculture; after:psychedelicraft; after:BambooMod; after:plantmegapack; after:fossil; after:Growthcraft; after:Growthcraft|Apples; after:Growthcraft|Bamboo; after:Growthcraft|Bees; after:Growthcraft|Cellar; after:Growthcraft|Fishtrap; after:Growthcraft|Grapes; after:Growthcraft|Hops; after:Growthcraft|Milk; after:Growthcraft|Rice; after:battlegear2; after:weaponmod; after:openmodularturrets; after:Techguns; after:meteors; after:factorization; after:Mantle; after:OpenBlocks; after:progressiveautomation; after:TConstruct; after:minefantasy2; after:Translocator; after:WR-CBE|Core; after:WR-CBE|Addons; after:WR-CBE|Logic; after:voltzengine; after:mffs; after:icbmclassic; after:atomicscience; after:inventorytweaks; after:ironbackpacks; after:journeymap; after:LogisticsPipes; after:LunatriusCore; after:NEIAddons; after:NEIAddons|Developer; after:NEIAddons|AppEng; after:NEIAddons|Botany; after:NEIAddons|Forestry; after:NEIAddons|CraftingTables; after:NEIAddons|ExNihilo; after:neiintegration; after:openglasses; after:simplyjetpacks; after:Stackie; after:StevesCarts; after:TiCTooltips; after:worldedit; after:McMultipart)
[16:24:43] [Client thread/DEBUG] [FML/]: 	gregtech(GregTech 6 Unofficial:GT6-MC1710): GregTech6-Unofficial-dev.jar (required-after:gregapi_post)
[16:24:43] [Client thread/DEBUG] [FML/]: 	HTGT6(HTGT6:1.0.4): HiTech6_V_1.0.4_Build_.jar ()
[16:24:43] [Client thread/INFO] [FML/]: FML has found a non-mod file CodeChickenLib-1.1.6-dev.jar in your mods directory. It will now be injected into your classpath. This could severe stability issues, it should be removed if possible.
[16:24:43] [Client thread/TRACE] [mcp/mcp]: Sending event FMLConstructionEvent to mod mcp
[16:24:43] [Client thread/TRACE] [mcp/mcp]: Sent event FMLConstructionEvent to mod mcp
[16:24:43] [Client thread/DEBUG] [FML/]: Bar Step: Construction - Minecraft Coder Pack took 0,002s
[16:24:43] [Client thread/TRACE] [FML/FML]: Sending event FMLConstructionEvent to mod FML
[16:24:44] [Client thread/TRACE] [FML/FML]: Mod FML is using network checker : Invoking method checkModLists
[16:24:44] [Client thread/TRACE] [FML/FML]: Testing mod FML to verify it accepts its own version in a remote connection
[16:24:44] [Client thread/TRACE] [FML/FML]: The mod FML accepts its own version (7.10.99.99)
[16:24:44] [Client thread/INFO] [FML/FML]: Attempting connection with missing mods [mcp, FML, Forge, CodeChickenCore, NotEnoughItems, GT_ASM, gregapi, gregapi_post, gregtech, HTGT6, IC2, IC2-Classic-Spmod, NEIAddons|Developer, NEIAddons|AppEng, NEIAddons|Botany, NEIAddons|Forestry, NEIAddons|CraftingTables, NEIAddons, NEIAddons|ExNihilo, neiintegration] at CLIENT
[16:24:44] [Client thread/INFO] [FML/FML]: Attempting connection with missing mods [mcp, FML, Forge, CodeChickenCore, NotEnoughItems, GT_ASM, gregapi, gregapi_post, gregtech, HTGT6, IC2, IC2-Classic-Spmod, NEIAddons|Developer, NEIAddons|AppEng, NEIAddons|Botany, NEIAddons|Forestry, NEIAddons|CraftingTables, NEIAddons, NEIAddons|ExNihilo, neiintegration] at SERVER
[16:24:44] [Client thread/TRACE] [FML/FML]: Sent event FMLConstructionEvent to mod FML
[16:24:44] [Client thread/DEBUG] [FML/]: Bar Step: Construction - Forge Mod Loader took 0,366s
[16:24:44] [Client thread/TRACE] [Forge/Forge]: Sending event FMLConstructionEvent to mod Forge
[16:24:44] [Client thread/TRACE] [FML/Forge]: Mod Forge is using network checker : No network checking performed
[16:24:44] [Client thread/TRACE] [FML/Forge]: Testing mod Forge to verify it accepts its own version in a remote connection
[16:24:44] [Client thread/TRACE] [FML/Forge]: The mod Forge accepts its own version (10.13.4.1614)
[16:24:44] [Client thread/TRACE] [Forge/Forge]: Sent event FMLConstructionEvent to mod Forge
[16:24:44] [Client thread/DEBUG] [FML/]: Bar Step: Construction - Minecraft Forge took 0,014s
[16:24:44] [Client thread/TRACE] [CodeChickenCore/CodeChickenCore]: Sending event FMLConstructionEvent to mod CodeChickenCore
[16:24:44] [Client thread/TRACE] [CodeChickenCore/CodeChickenCore]: Sent event FMLConstructionEvent to mod CodeChickenCore
[16:24:44] [Client thread/DEBUG] [FML/]: Bar Step: Construction - CodeChicken Core took 0,000s
[16:24:44] [Client thread/TRACE] [NotEnoughItems/NotEnoughItems]: Sending event FMLConstructionEvent to mod NotEnoughItems
[16:24:44] [Client thread/TRACE] [NotEnoughItems/NotEnoughItems]: Sent event FMLConstructionEvent to mod NotEnoughItems
[16:24:44] [Client thread/DEBUG] [FML/]: Bar Step: Construction - NotEnoughItems took 0,000s
[16:24:44] [Client thread/TRACE] [GT_ASM/GT_ASM]: Sending event FMLConstructionEvent to mod GT_ASM
[16:24:44] [Client thread/TRACE] [GT_ASM/GT_ASM]: Sent event FMLConstructionEvent to mod GT_ASM
[16:24:44] [Client thread/DEBUG] [FML/]: Bar Step: Construction - Greg-ASM® took 0,000s
[16:24:44] [Client thread/TRACE] [gregapi/gregapi]: Sending event FMLConstructionEvent to mod gregapi
[16:24:45] [Client thread/TRACE] [FML/gregapi]: Mod gregapi is using network checker : Accepting version GT6-MC1710
[16:24:45] [Client thread/TRACE] [FML/gregapi]: Testing mod gregapi to verify it accepts its own version in a remote connection
[16:24:45] [Client thread/TRACE] [FML/gregapi]: The mod gregapi accepts its own version (GT6-MC1710)
[16:24:45] [Client thread/DEBUG] [FML/gregapi]: Attempting to inject @SidedProxy classes into gregapi
[16:24:45] [Client thread/DEBUG] [FML/gregapi]: Skipping proxy injection for gregapi.api.example.Example_Mod.PROXY since it is not for mod gregapi
[16:24:45] [Client thread/DEBUG] [FML/gregapi]: Skipping proxy injection for gregtech.GT6_Main.gt_proxy since it is not for mod gregapi
[16:24:45] [Client thread/TRACE] [gregapi/gregapi]: Sent event FMLConstructionEvent to mod gregapi
[16:24:45] [Client thread/DEBUG] [FML/]: Bar Step: Construction - Greg-API took 0,873s
[16:24:45] [Client thread/TRACE] [IC2/IC2]: Sending event FMLConstructionEvent to mod IC2
[16:24:45] [Client thread/ERROR] [IC2/IC2]: The mod IC2 is expecting signature de041f9f6187debbc77034a344134053277aa3b0 for source IC2Classic-1.7.10-1.2.5 (1).jar, however there is no signature matching that description
[16:24:45] [Client thread/TRACE] [FML/IC2]: Mod IC2 is using network checker : Accepting version 2.2.999
[16:24:45] [Client thread/TRACE] [FML/IC2]: Testing mod IC2 to verify it accepts its own version in a remote connection
[16:24:45] [Client thread/TRACE] [FML/IC2]: The mod IC2 accepts its own version (2.2.999)
[16:24:45] [Client thread/DEBUG] [FML/IC2]: Attempting to inject @SidedProxy classes into IC2
[16:24:45] [Client thread/DEBUG] [FML/IC2]: Bar Finished: Loading Resource - AudioManagerClient took 0,000s
[16:24:45] [Client thread/TRACE] [IC2/IC2]: Sent event FMLConstructionEvent to mod IC2
[16:24:45] [Client thread/DEBUG] [FML/]: Bar Step: Construction - IndustrialCraft 2 Classic took 0,304s
[16:24:45] [Client thread/TRACE] [IC2-Classic-Spmod/IC2-Classic-Spmod]: Sending event FMLConstructionEvent to mod IC2-Classic-Spmod
[16:24:45] [Client thread/TRACE] [FML/IC2-Classic-Spmod]: Mod IC2-Classic-Spmod is using network checker : Accepting version 0.0.0.0
[16:24:45] [Client thread/TRACE] [FML/IC2-Classic-Spmod]: Testing mod IC2-Classic-Spmod to verify it accepts its own version in a remote connection
[16:24:45] [Client thread/TRACE] [FML/IC2-Classic-Spmod]: The mod IC2-Classic-Spmod accepts its own version (0.0.0.0)
[16:24:45] [Client thread/DEBUG] [FML/IC2-Classic-Spmod]: Attempting to inject @SidedProxy classes into IC2-Classic-Spmod
[16:24:45] [Client thread/DEBUG] [FML/IC2-Classic-Spmod]: Bar Finished: Loading Resource - AudioManagerClient took 0,000s
[16:24:45] [Client thread/TRACE] [IC2-Classic-Spmod/IC2-Classic-Spmod]: Sent event FMLConstructionEvent to mod IC2-Classic-Spmod
[16:24:45] [Client thread/DEBUG] [FML/]: Bar Step: Construction - IC2 Classic Detection Helper took 0,003s
[16:24:45] [Client thread/TRACE] [NEIAddons/NEIAddons]: Sending event FMLConstructionEvent to mod NEIAddons
[16:24:45] [Client thread/TRACE] [FML/NEIAddons]: Mod NEIAddons is using network checker : Accepting version 1.12.15.41
[16:24:45] [Client thread/TRACE] [FML/NEIAddons]: Testing mod NEIAddons to verify it accepts its own version in a remote connection
[16:24:45] [Client thread/TRACE] [FML/NEIAddons]: The mod NEIAddons accepts its own version (1.12.15.41)
[16:24:45] [Client thread/DEBUG] [FML/NEIAddons]: Attempting to inject @SidedProxy classes into NEIAddons
[16:24:45] [Client thread/TRACE] [NEIAddons/NEIAddons]: Sent event FMLConstructionEvent to mod NEIAddons
[16:24:45] [Client thread/DEBUG] [FML/]: Bar Step: Construction - NEI Addons took 0,018s
[16:24:45] [Client thread/TRACE] [NEIAddons|Developer/NEIAddons|Developer]: Sending event FMLConstructionEvent to mod NEIAddons|Developer
[16:24:45] [Client thread/TRACE] [FML/NEIAddons|Developer]: Mod NEIAddons|Developer is using network checker : Accepting version 1.12.15.41
[16:24:45] [Client thread/TRACE] [FML/NEIAddons|Developer]: Testing mod NEIAddons|Developer to verify it accepts its own version in a remote connection
[16:24:45] [Client thread/TRACE] [FML/NEIAddons|Developer]: The mod NEIAddons|Developer accepts its own version (1.12.15.41)
[16:24:45] [Client thread/DEBUG] [FML/NEIAddons|Developer]: Attempting to inject @SidedProxy classes into NEIAddons|Developer
[16:24:45] [Client thread/TRACE] [NEIAddons|Developer/NEIAddons|Developer]: Sent event FMLConstructionEvent to mod NEIAddons|Developer
[16:24:45] [Client thread/DEBUG] [FML/]: Bar Step: Construction - NEI Addons: Developer Tools took 0,002s
[16:24:45] [Client thread/TRACE] [NEIAddons|AppEng/NEIAddons|AppEng]: Sending event FMLConstructionEvent to mod NEIAddons|AppEng
[16:24:45] [Client thread/TRACE] [FML/NEIAddons|AppEng]: Mod NEIAddons|AppEng is using network checker : Accepting version 1.12.15.41
[16:24:45] [Client thread/TRACE] [FML/NEIAddons|AppEng]: Testing mod NEIAddons|AppEng to verify it accepts its own version in a remote connection
[16:24:45] [Client thread/TRACE] [FML/NEIAddons|AppEng]: The mod NEIAddons|AppEng accepts its own version (1.12.15.41)
[16:24:45] [Client thread/DEBUG] [FML/NEIAddons|AppEng]: Attempting to inject @SidedProxy classes into NEIAddons|AppEng
[16:24:45] [Client thread/TRACE] [NEIAddons|AppEng/NEIAddons|AppEng]: Sent event FMLConstructionEvent to mod NEIAddons|AppEng
[16:24:45] [Client thread/DEBUG] [FML/]: Bar Step: Construction - NEI Addons: Applied Energistics 2 took 0,001s
[16:24:45] [Client thread/TRACE] [NEIAddons|Botany/NEIAddons|Botany]: Sending event FMLConstructionEvent to mod NEIAddons|Botany
[16:24:45] [Client thread/TRACE] [FML/NEIAddons|Botany]: Mod NEIAddons|Botany is using network checker : Accepting version 1.12.15.41
[16:24:45] [Client thread/TRACE] [FML/NEIAddons|Botany]: Testing mod NEIAddons|Botany to verify it accepts its own version in a remote connection
[16:24:45] [Client thread/TRACE] [FML/NEIAddons|Botany]: The mod NEIAddons|Botany accepts its own version (1.12.15.41)
[16:24:45] [Client thread/DEBUG] [FML/NEIAddons|Botany]: Attempting to inject @SidedProxy classes into NEIAddons|Botany
[16:24:45] [Client thread/TRACE] [NEIAddons|Botany/NEIAddons|Botany]: Sent event FMLConstructionEvent to mod NEIAddons|Botany
[16:24:45] [Client thread/DEBUG] [FML/]: Bar Step: Construction - NEI Addons: Botany took 0,001s
[16:24:45] [Client thread/TRACE] [NEIAddons|Forestry/NEIAddons|Forestry]: Sending event FMLConstructionEvent to mod NEIAddons|Forestry
[16:24:45] [Client thread/TRACE] [FML/NEIAddons|Forestry]: Mod NEIAddons|Forestry is using network checker : Accepting version 1.12.15.41
[16:24:45] [Client thread/TRACE] [FML/NEIAddons|Forestry]: Testing mod NEIAddons|Forestry to verify it accepts its own version in a remote connection
[16:24:45] [Client thread/TRACE] [FML/NEIAddons|Forestry]: The mod NEIAddons|Forestry accepts its own version (1.12.15.41)
[16:24:45] [Client thread/DEBUG] [FML/NEIAddons|Forestry]: Attempting to inject @SidedProxy classes into NEIAddons|Forestry
[16:24:45] [Client thread/TRACE] [NEIAddons|Forestry/NEIAddons|Forestry]: Sent event FMLConstructionEvent to mod NEIAddons|Forestry
[16:24:45] [Client thread/DEBUG] [FML/]: Bar Step: Construction - NEI Addons: Forestry took 0,001s
[16:24:45] [Client thread/TRACE] [NEIAddons|CraftingTables/NEIAddons|CraftingTables]: Sending event FMLConstructionEvent to mod NEIAddons|CraftingTables
[16:24:45] [Client thread/TRACE] [FML/NEIAddons|CraftingTables]: Mod NEIAddons|CraftingTables is using network checker : Accepting version 1.12.15.41
[16:24:45] [Client thread/TRACE] [FML/NEIAddons|CraftingTables]: Testing mod NEIAddons|CraftingTables to verify it accepts its own version in a remote connection
[16:24:45] [Client thread/TRACE] [FML/NEIAddons|CraftingTables]: The mod NEIAddons|CraftingTables accepts its own version (1.12.15.41)
[16:24:45] [Client thread/DEBUG] [FML/NEIAddons|CraftingTables]: Attempting to inject @SidedProxy classes into NEIAddons|CraftingTables
[16:24:45] [Client thread/TRACE] [NEIAddons|CraftingTables/NEIAddons|CraftingTables]: Sent event FMLConstructionEvent to mod NEIAddons|CraftingTables
[16:24:45] [Client thread/DEBUG] [FML/]: Bar Step: Construction - NEI Addons: Crafting Tables took 0,003s
[16:24:45] [Client thread/TRACE] [NEIAddons|ExNihilo/NEIAddons|ExNihilo]: Sending event FMLConstructionEvent to mod NEIAddons|ExNihilo
[16:24:45] [Client thread/TRACE] [FML/NEIAddons|ExNihilo]: Mod NEIAddons|ExNihilo is using network checker : Accepting version 1.12.15.41
[16:24:45] [Client thread/TRACE] [FML/NEIAddons|ExNihilo]: Testing mod NEIAddons|ExNihilo to verify it accepts its own version in a remote connection
[16:24:45] [Client thread/TRACE] [FML/NEIAddons|ExNihilo]: The mod NEIAddons|ExNihilo accepts its own version (1.12.15.41)
[16:24:45] [Client thread/DEBUG] [FML/NEIAddons|ExNihilo]: Attempting to inject @SidedProxy classes into NEIAddons|ExNihilo
[16:24:45] [Client thread/TRACE] [NEIAddons|ExNihilo/NEIAddons|ExNihilo]: Sent event FMLConstructionEvent to mod NEIAddons|ExNihilo
[16:24:45] [Client thread/DEBUG] [FML/]: Bar Step: Construction - NEI Addons: Ex Nihilo took 0,001s
[16:24:45] [Client thread/TRACE] [neiintegration/neiintegration]: Sending event FMLConstructionEvent to mod neiintegration
[16:24:45] [Client thread/TRACE] [FML/neiintegration]: Mod neiintegration is using network checker : No network checking performed
[16:24:45] [Client thread/TRACE] [FML/neiintegration]: Testing mod neiintegration to verify it accepts its own version in a remote connection
[16:24:45] [Client thread/TRACE] [FML/neiintegration]: The mod neiintegration accepts its own version (1.1.2)
[16:24:45] [Client thread/DEBUG] [FML/neiintegration]: Attempting to inject @SidedProxy classes into neiintegration
[16:24:45] [Client thread/TRACE] [neiintegration/neiintegration]: Sent event FMLConstructionEvent to mod neiintegration
[16:24:45] [Client thread/DEBUG] [FML/]: Bar Step: Construction - NEI Integration took 0,003s
[16:24:45] [Client thread/TRACE] [gregapi_post/gregapi_post]: Sending event FMLConstructionEvent to mod gregapi_post
[16:24:45] [Client thread/TRACE] [FML/gregapi_post]: Mod gregapi_post is using network checker : Accepting version GT6-MC1710
[16:24:45] [Client thread/TRACE] [FML/gregapi_post]: Testing mod gregapi_post to verify it accepts its own version in a remote connection
[16:24:45] [Client thread/TRACE] [FML/gregapi_post]: The mod gregapi_post accepts its own version (GT6-MC1710)
[16:24:45] [Client thread/DEBUG] [FML/gregapi_post]: Attempting to inject @SidedProxy classes into gregapi_post
[16:24:45] [Client thread/DEBUG] [FML/gregapi_post]: Skipping proxy injection for gregapi.api.example.Example_Mod.PROXY since it is not for mod gregapi_post
[16:24:45] [Client thread/DEBUG] [FML/gregapi_post]: Skipping proxy injection for gregtech.GT6_Main.gt_proxy since it is not for mod gregapi_post
[16:24:45] [Client thread/DEBUG] [FML/gregapi_post]: Skipping proxy injection for gregapi.GT_API.api_proxy since it is not for mod gregapi_post
[16:24:45] [Client thread/TRACE] [gregapi_post/gregapi_post]: Sent event FMLConstructionEvent to mod gregapi_post
[16:24:45] [Client thread/DEBUG] [FML/]: Bar Step: Construction - Greg-API-Post took 0,020s
[16:24:45] [Client thread/TRACE] [gregtech/gregtech]: Sending event FMLConstructionEvent to mod gregtech
[16:24:45] [Client thread/TRACE] [FML/gregtech]: Mod gregtech is using network checker : Accepting version GT6-MC1710
[16:24:45] [Client thread/TRACE] [FML/gregtech]: Testing mod gregtech to verify it accepts its own version in a remote connection
[16:24:45] [Client thread/TRACE] [FML/gregtech]: The mod gregtech accepts its own version (GT6-MC1710)
[16:24:45] [Client thread/DEBUG] [FML/gregtech]: Attempting to inject @SidedProxy classes into gregtech
[16:24:45] [Client thread/DEBUG] [FML/gregtech]: Skipping proxy injection for gregapi.api.example.Example_Mod.PROXY since it is not for mod gregtech
[16:24:45] [Client thread/DEBUG] [FML/gregtech]: Skipping proxy injection for gregapi.GT_API.api_proxy since it is not for mod gregtech
[16:24:45] [Client thread/TRACE] [gregtech/gregtech]: Sent event FMLConstructionEvent to mod gregtech
[16:24:45] [Client thread/DEBUG] [FML/]: Bar Step: Construction - GregTech 6 Unofficial took 0,188s
[16:24:45] [Client thread/TRACE] [HTGT6/HTGT6]: Sending event FMLConstructionEvent to mod HTGT6
[16:24:45] [Client thread/TRACE] [FML/HTGT6]: Mod HTGT6 is using network checker : Accepting version 1.0.4
[16:24:45] [Client thread/TRACE] [FML/HTGT6]: Testing mod HTGT6 to verify it accepts its own version in a remote connection
[16:24:45] [Client thread/TRACE] [FML/HTGT6]: The mod HTGT6 accepts its own version (1.0.4)
[16:24:45] [Client thread/DEBUG] [FML/HTGT6]: Attempting to inject @SidedProxy classes into HTGT6
[16:24:45] [Client thread/TRACE] [HTGT6/HTGT6]: Sent event FMLConstructionEvent to mod HTGT6
[16:24:45] [Client thread/DEBUG] [FML/]: Bar Step: Construction - HTGT6 took 0,019s
[16:24:45] [Client thread/DEBUG] [FML/]: Bar Finished: Construction took 1,819s
[16:24:45] [Client thread/DEBUG] [FML/]: Mod signature data
[16:24:45] [Client thread/DEBUG] [FML/]:  	Valid Signatures:
[16:24:45] [Client thread/DEBUG] [FML/]:  	Missing Signatures:
[16:24:45] [Client thread/DEBUG] [FML/]: 		mcp	(Minecraft Coder Pack	9.05)	minecraft.jar
[16:24:45] [Client thread/DEBUG] [FML/]: 		FML	(Forge Mod Loader	7.10.99.99)	forgeSrc-1.7.10-10.13.4.1614-1.7.10.jar
[16:24:45] [Client thread/DEBUG] [FML/]: 		Forge	(Minecraft Forge	10.13.4.1614)	forgeSrc-1.7.10-10.13.4.1614-1.7.10.jar
[16:24:45] [Client thread/DEBUG] [FML/]: 		CodeChickenCore	(CodeChicken Core	1.1.13)	minecraft.jar
[16:24:45] [Client thread/DEBUG] [FML/]: 		NotEnoughItems	(NotEnoughItems	2.4.13-GTNH)	NotEnoughItems-2.4.13-GTNH.jar
[16:24:45] [Client thread/DEBUG] [FML/]: 		GT_ASM	(Greg-ASM®	6.14.11)	minecraft.jar
[16:24:45] [Client thread/DEBUG] [FML/]: 		gregapi	(Greg-API	GT6-MC1710)	GregTech6-Unofficial-dev.jar
[16:24:45] [Client thread/DEBUG] [FML/]: 		IC2	(IndustrialCraft 2 Classic	2.2.999)	IC2Classic-1.7.10-1.2.5 (1).jar
[16:24:45] [Client thread/DEBUG] [FML/]: 		IC2-Classic-Spmod	(IC2 Classic Detection Helper	0.0.0.0)	IC2Classic-1.7.10-1.2.5 (1).jar
[16:24:45] [Client thread/DEBUG] [FML/]: 		NEIAddons	(NEI Addons	1.12.15.41)	neiaddons-1.12.15.41-mc1.7.10.jar
[16:24:45] [Client thread/DEBUG] [FML/]: 		NEIAddons|Developer	(NEI Addons: Developer Tools	1.12.15.41)	neiaddons-1.12.15.41-mc1.7.10.jar
[16:24:45] [Client thread/DEBUG] [FML/]: 		NEIAddons|AppEng	(NEI Addons: Applied Energistics 2	1.12.15.41)	neiaddons-1.12.15.41-mc1.7.10.jar
[16:24:45] [Client thread/DEBUG] [FML/]: 		NEIAddons|Botany	(NEI Addons: Botany	1.12.15.41)	neiaddons-1.12.15.41-mc1.7.10.jar
[16:24:45] [Client thread/DEBUG] [FML/]: 		NEIAddons|Forestry	(NEI Addons: Forestry	1.12.15.41)	neiaddons-1.12.15.41-mc1.7.10.jar
[16:24:45] [Client thread/DEBUG] [FML/]: 		NEIAddons|CraftingTables	(NEI Addons: Crafting Tables	1.12.15.41)	neiaddons-1.12.15.41-mc1.7.10.jar
[16:24:45] [Client thread/DEBUG] [FML/]: 		NEIAddons|ExNihilo	(NEI Addons: Ex Nihilo	1.12.15.41)	neiaddons-1.12.15.41-mc1.7.10.jar
[16:24:45] [Client thread/DEBUG] [FML/]: 		neiintegration	(NEI Integration	1.1.2)	NEIIntegration-MC1.7.10-1.1.2.jar
[16:24:45] [Client thread/DEBUG] [FML/]: 		gregapi_post	(Greg-API-Post	GT6-MC1710)	GregTech6-Unofficial-dev.jar
[16:24:45] [Client thread/DEBUG] [FML/]: 		gregtech	(GregTech 6 Unofficial	GT6-MC1710)	GregTech6-Unofficial-dev.jar
[16:24:45] [Client thread/DEBUG] [FML/]: 		HTGT6	(HTGT6	1.0.4)	HiTech6_V_1.0.4_Build_.jar
[16:24:45] [Client thread/DEBUG] [FML/]: Bar Step: Loading Resources - Default took 0,004s
[16:24:45] [Client thread/DEBUG] [FML/]: Bar Step: Loading Resources - FMLFileResourcePack:Forge Mod Loader took 0,002s
[16:24:45] [Client thread/DEBUG] [FML/]: Bar Step: Loading Resources - FMLFileResourcePack:Minecraft Forge took 0,002s
[16:24:45] [Client thread/DEBUG] [FML/]: Bar Step: Loading Resources - FMLFileResourcePack:NotEnoughItems took 0,000s
[16:24:45] [Client thread/DEBUG] [FML/]: Bar Step: Loading Resources - FMLFileResourcePack:Greg-API took 0,014s
[16:24:45] [Client thread/DEBUG] [FML/]: Bar Step: Loading Resources - FMLFileResourcePack:Greg-API-Post took 0,014s
[16:24:45] [Client thread/DEBUG] [FML/]: Bar Step: Loading Resources - FMLFileResourcePack:GregTech 6 Unofficial took 0,013s
[16:24:45] [Client thread/DEBUG] [FML/]: Bar Step: Loading Resources - FMLFileResourcePack:HTGT6 took 0,001s
[16:24:45] [Client thread/DEBUG] [FML/]: Bar Step: Loading Resources - FMLFileResourcePack:IndustrialCraft 2 Classic took 0,001s
[16:24:45] [Client thread/DEBUG] [FML/]: Bar Step: Loading Resources - FMLFileResourcePack:IC2 Classic Detection Helper took 0,001s
[16:24:45] [Client thread/DEBUG] [FML/]: Bar Step: Loading Resources - FMLFileResourcePack:NEI Addons: Developer Tools took 0,001s
[16:24:45] [Client thread/DEBUG] [FML/]: Bar Step: Loading Resources - FMLFileResourcePack:NEI Addons: Applied Energistics 2 took 0,000s
[16:24:45] [Client thread/DEBUG] [FML/]: Bar Step: Loading Resources - FMLFileResourcePack:NEI Addons: Botany took 0,000s
[16:24:45] [Client thread/DEBUG] [FML/]: Bar Step: Loading Resources - FMLFileResourcePack:NEI Addons: Forestry took 0,000s
[16:24:45] [Client thread/DEBUG] [FML/]: Bar Step: Loading Resources - FMLFileResourcePack:NEI Addons: Crafting Tables took 0,000s
[16:24:45] [Client thread/DEBUG] [FML/]: Bar Step: Loading Resources - FMLFileResourcePack:NEI Addons took 0,000s
[16:24:45] [Client thread/DEBUG] [FML/]: Bar Step: Loading Resources - FMLFileResourcePack:NEI Addons: Ex Nihilo took 0,000s
[16:24:45] [Client thread/DEBUG] [FML/]: Bar Step: Loading Resources - FMLFileResourcePack:NEI Integration took 0,000s
[16:24:45] [Client thread/DEBUG] [FML/]: Bar Finished: Reloading took 0,020s
[16:24:45] [Client thread/DEBUG] [FML/]: Bar Step: Loading Resources - Reloading listeners took 0,020s
[16:24:45] [Client thread/DEBUG] [FML/]: Bar Finished: Loading Resources took 0,072s
[16:24:45] [Client thread/DEBUG] [Forge Mod Loader/]: Mod Forge Mod Loader is missing a pack.mcmeta file, substituting a dummy one
[16:24:45] [Client thread/DEBUG] [Minecraft Forge/]: Mod Minecraft Forge is missing a pack.mcmeta file, substituting a dummy one
[16:24:45] [Client thread/DEBUG] [NotEnoughItems/]: Mod NotEnoughItems is missing a pack.mcmeta file, substituting a dummy one
[16:24:45] [Client thread/DEBUG] [HTGT6/]: Mod HTGT6 is missing a pack.mcmeta file, substituting a dummy one
[16:24:45] [Client thread/DEBUG] [IndustrialCraft 2 Classic/]: Mod IndustrialCraft 2 Classic is missing a pack.mcmeta file, substituting a dummy one
[16:24:45] [Client thread/DEBUG] [IC2 Classic Detection Helper/]: Mod IC2 Classic Detection Helper is missing a pack.mcmeta file, substituting a dummy one
[16:24:45] [Client thread/DEBUG] [NEI Addons: Developer Tools/]: Mod NEI Addons: Developer Tools is missing a pack.mcmeta file, substituting a dummy one
[16:24:45] [Client thread/DEBUG] [NEI Addons: Applied Energistics 2/]: Mod NEI Addons: Applied Energistics 2 is missing a pack.mcmeta file, substituting a dummy one
[16:24:45] [Client thread/DEBUG] [NEI Addons: Botany/]: Mod NEI Addons: Botany is missing a pack.mcmeta file, substituting a dummy one
[16:24:45] [Client thread/DEBUG] [NEI Addons: Forestry/]: Mod NEI Addons: Forestry is missing a pack.mcmeta file, substituting a dummy one
[16:24:45] [Client thread/DEBUG] [NEI Addons: Crafting Tables/]: Mod NEI Addons: Crafting Tables is missing a pack.mcmeta file, substituting a dummy one
[16:24:45] [Client thread/DEBUG] [NEI Addons/]: Mod NEI Addons is missing a pack.mcmeta file, substituting a dummy one
[16:24:45] [Client thread/DEBUG] [NEI Addons: Ex Nihilo/]: Mod NEI Addons: Ex Nihilo is missing a pack.mcmeta file, substituting a dummy one
[16:24:45] [Client thread/INFO] [FML/]: Processing ObjectHolder annotations
[16:24:45] [Client thread/INFO] [FML/]: Found 341 ObjectHolder annotations
[16:24:45] [Client thread/INFO] [FML/]: Identifying ItemStackHolder annotations
[16:24:45] [Client thread/INFO] [FML/]: Found 0 ItemStackHolder annotations
[16:24:45] [Client thread/TRACE] [mcp/mcp]: Sending event FMLPreInitializationEvent to mod mcp
[16:24:45] [Client thread/TRACE] [mcp/mcp]: Sent event FMLPreInitializationEvent to mod mcp
[16:24:45] [Client thread/DEBUG] [FML/]: Bar Step: PreInitialization - Minecraft Coder Pack took 0,000s
[16:24:45] [Client thread/TRACE] [FML/FML]: Sending event FMLPreInitializationEvent to mod FML
[16:24:45] [Client thread/TRACE] [FML/FML]: Sent event FMLPreInitializationEvent to mod FML
[16:24:45] [Client thread/DEBUG] [FML/]: Bar Step: PreInitialization - Forge Mod Loader took 0,000s
[16:24:45] [Client thread/TRACE] [Forge/Forge]: Sending event FMLPreInitializationEvent to mod Forge
[16:24:45] [Client thread/INFO] [FML/Forge]: Configured a dormant chunk cache size of 0
[16:24:45] [Client thread/TRACE] [Forge/Forge]: Sent event FMLPreInitializationEvent to mod Forge
[16:24:45] [Client thread/DEBUG] [FML/]: Bar Step: PreInitialization - Minecraft Forge took 0,012s
[16:24:45] [Client thread/TRACE] [CodeChickenCore/CodeChickenCore]: Sending event FMLPreInitializationEvent to mod CodeChickenCore
[16:24:45] [Client thread/TRACE] [CodeChickenCore/CodeChickenCore]: Sent event FMLPreInitializationEvent to mod CodeChickenCore
[16:24:45] [Client thread/DEBUG] [FML/]: Bar Step: PreInitialization - CodeChicken Core took 0,008s
[16:24:45] [Client thread/TRACE] [NotEnoughItems/NotEnoughItems]: Sending event FMLPreInitializationEvent to mod NotEnoughItems
[16:24:46] [Client thread/INFO] [NotEnoughItems/NotEnoughItems]: Loading serial handlers from file .\config\NEI\serialhandlers.cfg
[16:24:46] [Client thread/INFO] [NotEnoughItems/NotEnoughItems]: Loading height hack handlers from file .\config\NEI\heighthackhandlers.cfg
[16:24:46] [Client thread/TRACE] [NotEnoughItems/NotEnoughItems]: Sent event FMLPreInitializationEvent to mod NotEnoughItems
[16:24:46] [Client thread/DEBUG] [FML/]: Bar Step: PreInitialization - NotEnoughItems took 0,215s
[16:24:46] [Client thread/TRACE] [GT_ASM/GT_ASM]: Sending event FMLPreInitializationEvent to mod GT_ASM
[16:24:46] [Client thread/TRACE] [GT_ASM/GT_ASM]: Sent event FMLPreInitializationEvent to mod GT_ASM
[16:24:46] [Client thread/DEBUG] [FML/]: Bar Step: PreInitialization - Greg-ASM® took 0,000s
[16:24:46] [Client thread/TRACE] [gregapi/gregapi]: Sending event FMLPreInitializationEvent to mod gregapi
[16:24:46] [Client thread/TRACE] [FML/gregapi]: Automatically registered mod gregapi entity gt.MetaBlockFallingEntity as gregapi.gt.MetaBlockFallingEntity
[16:24:46] [Forge Version Check/INFO] [STDERR/Forge]: [java.lang.Throwable$WrappedPrintStream:println:749]: com.google.gson.JsonSyntaxException: java.lang.IllegalStateException: Expected BEGIN_OBJECT but was STRING at line 1 column 1
[16:24:46] [Forge Version Check/INFO] [STDERR/Forge]: [java.lang.Throwable$WrappedPrintStream:println:749]: 	at com.google.gson.Gson.fromJson(Gson.java:815)
[16:24:46] [Forge Version Check/INFO] [STDERR/Forge]: [java.lang.Throwable$WrappedPrintStream:println:749]: 	at com.google.gson.Gson.fromJson(Gson.java:768)
[16:24:46] [Forge Version Check/INFO] [STDERR/Forge]: [java.lang.Throwable$WrappedPrintStream:println:749]: 	at com.google.gson.Gson.fromJson(Gson.java:717)
[16:24:46] [Forge Version Check/INFO] [STDERR/Forge]: [java.lang.Throwable$WrappedPrintStream:println:749]: 	at com.google.gson.Gson.fromJson(Gson.java:689)
[16:24:46] [Forge Version Check/INFO] [STDERR/Forge]: [java.lang.Throwable$WrappedPrintStream:println:749]: 	at net.minecraftforge.common.ForgeVersion$1.run(ForgeVersion.java:94)
[16:24:46] [Forge Version Check/INFO] [STDERR/Forge]: [java.lang.Throwable$WrappedPrintStream:println:749]: Caused by: java.lang.IllegalStateException: Expected BEGIN_OBJECT but was STRING at line 1 column 1
[16:24:46] [Forge Version Check/INFO] [STDERR/Forge]: [java.lang.Throwable$WrappedPrintStream:println:749]: 	at com.google.gson.stream.JsonReader.beginObject(JsonReader.java:374)
[16:24:46] [Forge Version Check/INFO] [STDERR/Forge]: [java.lang.Throwable$WrappedPrintStream:println:749]: 	at com.google.gson.internal.bind.MapTypeAdapterFactory$Adapter.read(MapTypeAdapterFactory.java:183)
[16:24:46] [Forge Version Check/INFO] [STDERR/Forge]: [java.lang.Throwable$WrappedPrintStream:println:749]: 	at com.google.gson.internal.bind.MapTypeAdapterFactory$Adapter.read(MapTypeAdapterFactory.java:145)
[16:24:46] [Forge Version Check/INFO] [STDERR/Forge]: [java.lang.Throwable$WrappedPrintStream:println:749]: 	at com.google.gson.Gson.fromJson(Gson.java:803)
[16:24:46] [Forge Version Check/INFO] [STDERR/Forge]: [java.lang.Throwable$WrappedPrintStream:println:749]: 	... 4 more
[16:24:47] [Client thread/DEBUG] [FML/gregapi]: Bar Finished: Saving Configs took 0,063s
[16:24:47] [Client thread/TRACE] [gregapi/gregapi]: Sent event FMLPreInitializationEvent to mod gregapi
[16:24:47] [Client thread/DEBUG] [FML/]: Bar Step: PreInitialization - Greg-API took 1,481s
[16:24:47] [Client thread/TRACE] [IC2/IC2]: Sending event FMLPreInitializationEvent to mod IC2
[16:24:47] [Client thread/INFO] [IC2/IC2]: Config loaded from C:\Users\brawl\Desktop\mods\HTGT-6\run\.\config\IC2.cfg
[16:24:47] [Client thread/INFO] [IC2/IC2]: Using 32 audio sources.
[16:24:47] [Client thread/INFO] [IC2/IC2]: Try Loading SubModul: Nei SubModul
[16:24:47] [Client thread/INFO] [IC2/IC2]: Loaded SubModul: Nei SubModul
[16:24:47] [Client thread/INFO] [IC2/IC2]: Try Loading SubModul: Crafting Guide Submodul
[16:24:47] [Client thread/INFO] [IC2/IC2]: Could not Load SubModul: Crafting Guide Submodul
[16:24:47] [Client thread/INFO] [IC2/IC2]: Try Loading SubModul: Baubles Modul
[16:24:47] [Client thread/INFO] [IC2/IC2]: Could not Load SubModul: Baubles Modul
[16:24:47] [Client thread/INFO] [IC2/IC2]: Try Loading SubModul: Tinkers Construct
[16:24:47] [Client thread/INFO] [IC2/IC2]: Could not Load SubModul: Tinkers Construct
[16:24:47] [Client thread/INFO] [IC2/IC2]: Try Loading SubModul: Applied Energistics 2
[16:24:47] [Client thread/INFO] [IC2/IC2]: Could not Load SubModul: Applied Energistics 2
[16:24:47] [Client thread/INFO] [IC2/IC2]: Try Loading SubModul: Not Enough Resources
[16:24:47] [Client thread/INFO] [IC2/IC2]: Could not Load SubModul: Not Enough Resources
[16:24:47] [Client thread/INFO] [IC2/IC2]: Try Loading SubModul: Thaumcraft
[16:24:47] [Client thread/INFO] [IC2/IC2]: Could not Load SubModul: Thaumcraft
[16:24:47] [Client thread/INFO] [IC2/IC2]: Try Loading SubModul: BuildCraft
[16:24:47] [Client thread/INFO] [IC2/IC2]: Could not Load SubModul: BuildCraft
[16:24:47] [Client thread/INFO] [IC2/IC2]: Try Loading SubModul: Wrench
[16:24:47] [Client thread/INFO] [IC2/IC2]: Could not Load SubModul: Wrench
[16:24:47] [Client thread/INFO] [IC2/IC2]: Try Loading SubModul: RF Plugin
[16:24:47] [Client thread/INFO] [IC2/IC2]: Could not Load SubModul: RF Plugin
[16:24:47] [Client thread/INFO] [IC2/IC2]: Try Loading SubModul: Project E
[16:24:47] [Client thread/INFO] [IC2/IC2]: Could not Load SubModul: Project E
[16:24:47] [Client thread/INFO] [IC2/IC2]: Try Loading SubModul: Waila Modul
[16:24:47] [Client thread/INFO] [IC2/IC2]: Could not Load SubModul: Waila Modul
[16:24:48] [Client thread/TRACE] [FML/IC2]: Automatically registered mod IC2 entity MiningLaser as IC2.MiningLaser
[16:24:48] [Client thread/TRACE] [FML/IC2]: Automatically registered mod IC2 entity Dynamite as IC2.Dynamite
[16:24:48] [Client thread/TRACE] [FML/IC2]: Automatically registered mod IC2 entity StickyDynamite as IC2.StickyDynamite
[16:24:48] [Client thread/TRACE] [FML/IC2]: Automatically registered mod IC2 entity Itnt as IC2.Itnt
[16:24:48] [Client thread/TRACE] [FML/IC2]: Automatically registered mod IC2 entity Nuke as IC2.Nuke
[16:24:48] [Client thread/TRACE] [FML/IC2]: Automatically registered mod IC2 entity rubberBoat as IC2.rubberBoat
[16:24:48] [Client thread/TRACE] [FML/IC2]: Automatically registered mod IC2 entity carbonBoat as IC2.carbonBoat
[16:24:48] [Client thread/TRACE] [FML/IC2]: Automatically registered mod IC2 entity electricBoat as IC2.electricBoat
[16:24:48] [Client thread/TRACE] [IC2/IC2]: Sent event FMLPreInitializationEvent to mod IC2
[16:24:48] [Client thread/DEBUG] [FML/]: Bar Step: PreInitialization - IndustrialCraft 2 Classic took 0,586s
[16:24:48] [Client thread/TRACE] [IC2-Classic-Spmod/IC2-Classic-Spmod]: Sending event FMLPreInitializationEvent to mod IC2-Classic-Spmod
[16:24:48] [Client thread/TRACE] [IC2-Classic-Spmod/IC2-Classic-Spmod]: Sent event FMLPreInitializationEvent to mod IC2-Classic-Spmod
[16:24:48] [Client thread/DEBUG] [FML/]: Bar Step: PreInitialization - IC2 Classic Detection Helper took 0,000s
[16:24:48] [Client thread/TRACE] [NEIAddons/NEIAddons]: Sending event FMLPreInitializationEvent to mod NEIAddons
[16:24:48] [Client thread/TRACE] [NEIAddons/NEIAddons]: Sent event FMLPreInitializationEvent to mod NEIAddons
[16:24:48] [Client thread/DEBUG] [FML/]: Bar Step: PreInitialization - NEI Addons took 0,006s
[16:24:48] [Client thread/TRACE] [NEIAddons|Developer/NEIAddons|Developer]: Sending event FMLPreInitializationEvent to mod NEIAddons|Developer
[16:24:48] [Client thread/TRACE] [NEIAddons|Developer/NEIAddons|Developer]: Sent event FMLPreInitializationEvent to mod NEIAddons|Developer
[16:24:48] [Client thread/DEBUG] [FML/]: Bar Step: PreInitialization - NEI Addons: Developer Tools took 0,000s
[16:24:48] [Client thread/TRACE] [NEIAddons|AppEng/NEIAddons|AppEng]: Sending event FMLPreInitializationEvent to mod NEIAddons|AppEng
[16:24:48] [Client thread/INFO] [NEIAddons|AppEng/NEIAddons|AppEng]: Required mod appliedenergistics2 is not installed, dependent features will be unavailable
[16:24:48] [Client thread/ERROR] [NEIAddons|AppEng/NEIAddons|AppEng]: Requirements unmet, Applied Energistics 2 Addon not loading
[16:24:48] [Client thread/TRACE] [NEIAddons|AppEng/NEIAddons|AppEng]: Sent event FMLPreInitializationEvent to mod NEIAddons|AppEng
[16:24:48] [Client thread/DEBUG] [FML/]: Bar Step: PreInitialization - NEI Addons: Applied Energistics 2 took 0,000s
[16:24:48] [Client thread/TRACE] [NEIAddons|Botany/NEIAddons|Botany]: Sending event FMLPreInitializationEvent to mod NEIAddons|Botany
[16:24:48] [Client thread/INFO] [NEIAddons|Botany/NEIAddons|Botany]: Required mod Botany is not installed, dependent features will be unavailable
[16:24:48] [Client thread/ERROR] [NEIAddons|Botany/NEIAddons|Botany]: Requirements unmet, Botany Addon not loading
[16:24:48] [Client thread/TRACE] [NEIAddons|Botany/NEIAddons|Botany]: Sent event FMLPreInitializationEvent to mod NEIAddons|Botany
[16:24:48] [Client thread/DEBUG] [FML/]: Bar Step: PreInitialization - NEI Addons: Botany took 0,000s
[16:24:48] [Client thread/TRACE] [NEIAddons|Forestry/NEIAddons|Forestry]: Sending event FMLPreInitializationEvent to mod NEIAddons|Forestry
[16:24:48] [Client thread/INFO] [NEIAddons|Forestry/NEIAddons|Forestry]: Required mod Forestry is not installed, dependent features will be unavailable
[16:24:48] [Client thread/ERROR] [NEIAddons|Forestry/NEIAddons|Forestry]: Requirements unmet, Forestry Addon not loading
[16:24:48] [Client thread/TRACE] [NEIAddons|Forestry/NEIAddons|Forestry]: Sent event FMLPreInitializationEvent to mod NEIAddons|Forestry
[16:24:48] [Client thread/DEBUG] [FML/]: Bar Step: PreInitialization - NEI Addons: Forestry took 0,000s
[16:24:48] [Client thread/TRACE] [NEIAddons|CraftingTables/NEIAddons|CraftingTables]: Sending event FMLPreInitializationEvent to mod NEIAddons|CraftingTables
[16:24:48] [Client thread/TRACE] [NEIAddons|CraftingTables/NEIAddons|CraftingTables]: Sent event FMLPreInitializationEvent to mod NEIAddons|CraftingTables
[16:24:48] [Client thread/DEBUG] [FML/]: Bar Step: PreInitialization - NEI Addons: Crafting Tables took 0,000s
[16:24:48] [Client thread/TRACE] [NEIAddons|ExNihilo/NEIAddons|ExNihilo]: Sending event FMLPreInitializationEvent to mod NEIAddons|ExNihilo
[16:24:48] [Client thread/INFO] [NEIAddons|ExNihilo/NEIAddons|ExNihilo]: Required mod exnihilo is not installed, dependent features will be unavailable
[16:24:48] [Client thread/ERROR] [NEIAddons|ExNihilo/NEIAddons|ExNihilo]: Requirements unmet, Ex Nihilo Addon not loading
[16:24:48] [Client thread/TRACE] [NEIAddons|ExNihilo/NEIAddons|ExNihilo]: Sent event FMLPreInitializationEvent to mod NEIAddons|ExNihilo
[16:24:48] [Client thread/DEBUG] [FML/]: Bar Step: PreInitialization - NEI Addons: Ex Nihilo took 0,000s
[16:24:48] [Client thread/TRACE] [neiintegration/neiintegration]: Sending event FMLPreInitializationEvent to mod neiintegration
[16:24:48] [Client thread/INFO] [neiintegration/neiintegration]: Starting NEI Integration
[16:24:48] [Client thread/INFO] [neiintegration/neiintegration]: Loading configuration files
[16:24:48] [Client thread/TRACE] [neiintegration/neiintegration]: Sent event FMLPreInitializationEvent to mod neiintegration
[16:24:48] [Client thread/DEBUG] [FML/]: Bar Step: PreInitialization - NEI Integration took 0,025s
[16:24:48] [Client thread/TRACE] [gregapi_post/gregapi_post]: Sending event FMLPreInitializationEvent to mod gregapi_post
[16:24:48] [Client thread/DEBUG] [FML/gregapi_post]: Bar Finished: Saving Configs took 0,075s
[16:24:48] [Client thread/TRACE] [gregapi_post/gregapi_post]: Sent event FMLPreInitializationEvent to mod gregapi_post
[16:24:48] [Client thread/DEBUG] [FML/]: Bar Step: PreInitialization - Greg-API-Post took 0,146s
[16:24:48] [Client thread/TRACE] [gregtech/gregtech]: Sending event FMLPreInitializationEvent to mod gregtech
[16:24:48] [Client thread/TRACE] [FML/gregtech]: Automatically registered mod gregtech entity GT_Entity_Arrow as gregtech.GT_Entity_Arrow
[16:24:48] [Client thread/TRACE] [FML/gregtech]: Automatically registered mod gregtech entity GT_Entity_Arrow_Potion as gregtech.GT_Entity_Arrow_Potion
[16:24:49] [Client thread/DEBUG] [FML/gregtech]: Bar Finished: Loading Compat (PreInit) took 0,000s
[16:24:49] [Client thread/DEBUG] [FML/gregtech]: Bar Finished: Saving Configs took 0,092s
[16:24:49] [Client thread/TRACE] [gregtech/gregtech]: Sent event FMLPreInitializationEvent to mod gregtech
[16:24:49] [Client thread/DEBUG] [FML/]: Bar Step: PreInitialization - GregTech 6 Unofficial took 1,030s
[16:24:49] [Client thread/TRACE] [HTGT6/HTGT6]: Sending event FMLPreInitializationEvent to mod HTGT6
[16:24:49] [Client thread/TRACE] [HTGT6/HTGT6]: Sent event FMLPreInitializationEvent to mod HTGT6
[16:24:49] [Client thread/DEBUG] [FML/]: Bar Step: PreInitialization - HTGT6 took 0,066s
[16:24:49] [Client thread/DEBUG] [FML/]: Bar Finished: PreInitialization took 3,579s
[16:24:49] [Client thread/INFO] [FML/]: Applying holder lookups
[16:24:49] [Client thread/INFO] [FML/]: Holder lookups applied
[16:24:49] [Client thread/INFO] [FML/]: Injecting itemstacks
[16:24:49] [Client thread/INFO] [FML/]: Itemstack injection complete
[16:24:49] [Client thread/DEBUG] [FML/]: Bar Finished: Loading Resource - TextureManager took 0,000s
[16:24:49] [Sound Library Loader/INFO] [STDOUT/]: [paulscode.sound.SoundSystemLogger:message:69]: 
[16:24:49] [Sound Library Loader/INFO] [STDOUT/]: [paulscode.sound.SoundSystemLogger:message:69]: Starting up SoundSystem...
[16:24:49] [Thread-11/INFO] [STDOUT/]: [paulscode.sound.SoundSystemLogger:message:69]: Initializing LWJGL OpenAL
[16:24:49] [Thread-11/INFO] [STDOUT/]: [paulscode.sound.SoundSystemLogger:message:69]:     (The LWJGL binding of OpenAL.  For more information, see http://www.lwjgl.org)
[16:24:49] [Thread-11/INFO] [STDOUT/]: [paulscode.sound.SoundSystemLogger:message:69]: OpenAL initialized.
[16:24:50] [Client thread/DEBUG] [FML/]: Bar Finished: Loading Resource - SoundHandler took 0,560s
[16:24:50] [Client thread/DEBUG] [FML/]: Bar Finished: Loading Resource - FontRenderer took 0,002s
[16:24:50] [Client thread/DEBUG] [FML/]: Bar Finished: Loading Resource - FontRenderer took 0,001s
[16:24:50] [Client thread/DEBUG] [FML/]: Bar Finished: Loading Resource - GrassColorReloadListener took 0,004s
[16:24:50] [Client thread/DEBUG] [FML/]: Bar Finished: Loading Resource - FoliageColorReloadListener took 0,006s
[16:24:50] [Client thread/DEBUG] [FML/]: Bar Step: Rendering Setup - Loading Render Manager took 0,003s
[16:24:50] [Client thread/DEBUG] [FML/]: Bar Finished: Loading Resource - EntityRenderer took 0,000s
[16:24:50] [Client thread/DEBUG] [FML/]: Bar Step: Rendering Setup - Loading Entity Renderer took 0,019s
[16:24:50] [Client thread/DEBUG] [FML/]: Bar Step: Rendering Setup - Loading GL properties took 0,001s
[16:24:50] [Sound Library Loader/INFO] [STDOUT/]: [paulscode.sound.SoundSystemLogger:message:69]: 
[16:24:50] [Client thread/DEBUG] [FML/]: Bar Step: Rendering Setup - Render Global instance took 0,035s
[16:24:50] [Client thread/DEBUG] [FML/]: Bar Step: Rendering Setup - Building Blocks Texture took 0,005s
[16:24:50] [Client thread/DEBUG] [FML/]: Bar Step: Rendering Setup - Anisotropy and Mipmaps took 0,000s
[16:24:50] [Client thread/DEBUG] [FML/]: Bar Finished: Texture stitching - missingno took 0,001s
[16:24:50] [Client thread/DEBUG] [FML/]: Bar Finished: Texture creation took 0,002s
[16:24:50] [Client thread/DEBUG] [FML/]: Bar Step: Rendering Setup - Loading Blocks Texture took 0,011s
[16:24:50] [Client thread/DEBUG] [FML/]: Bar Finished: Texture stitching - missingno took 0,000s
[16:24:50] [Client thread/DEBUG] [FML/]: Bar Finished: Texture creation took 0,001s
[16:24:50] [Client thread/DEBUG] [FML/]: Bar Step: Rendering Setup - Loading Items Texture took 0,005s
[16:24:50] [Client thread/DEBUG] [FML/]: Bar Step: Rendering Setup - Viewport took 0,000s
[16:24:50] [Client thread/DEBUG] [FML/]: Bar Finished: Rendering Setup took 0,081s
[16:24:50] [Client thread/TRACE] [gregapi/gregapi]: Sending event FMLInitializationEvent to mod gregapi
[16:24:51] [Client thread/DEBUG] [CCL ASM/gregapi]: NEI: Applying workbench fix
[16:24:51] [Client thread/DEBUG] [FML/gregapi]: Bar Finished: Before Init took 1,250s
[16:24:52] [Client thread/DEBUG] [FML/gregapi]: Bar Finished: OreDict took 0,755s
[16:24:52] [Client thread/DEBUG] [FML/gregapi]: Bar Finished: Saving Configs took 0,082s
[16:24:52] [Client thread/TRACE] [gregapi/gregapi]: Sent event FMLInitializationEvent to mod gregapi
[16:24:52] [Client thread/DEBUG] [FML/]: Bar Step: Initialization - Greg-API took 2,109s
[16:24:52] [Client thread/TRACE] [mcp/mcp]: Sending event FMLInitializationEvent to mod mcp
[16:24:52] [Client thread/TRACE] [mcp/mcp]: Sent event FMLInitializationEvent to mod mcp
[16:24:52] [Client thread/DEBUG] [FML/]: Bar Step: Initialization - Minecraft Coder Pack took 0,000s
[16:24:52] [Client thread/TRACE] [FML/FML]: Sending event FMLInitializationEvent to mod FML
[16:24:52] [Client thread/TRACE] [FML/FML]: Sent event FMLInitializationEvent to mod FML
[16:24:52] [Client thread/DEBUG] [FML/]: Bar Step: Initialization - Forge Mod Loader took 0,000s
[16:24:52] [Client thread/TRACE] [Forge/Forge]: Sending event FMLInitializationEvent to mod Forge
[16:24:52] [Client thread/TRACE] [Forge/Forge]: Sent event FMLInitializationEvent to mod Forge
[16:24:52] [Client thread/DEBUG] [FML/]: Bar Step: Initialization - Minecraft Forge took 0,000s
[16:24:52] [Client thread/TRACE] [CodeChickenCore/CodeChickenCore]: Sending event FMLInitializationEvent to mod CodeChickenCore
[16:24:52] [Client thread/ERROR] [CodeChickenCore/CodeChickenCore]: Unable to do mod description scrolling due to lack of stencil buffer
[16:24:52] [Client thread/TRACE] [CodeChickenCore/CodeChickenCore]: Sent event FMLInitializationEvent to mod CodeChickenCore
[16:24:52] [Client thread/DEBUG] [FML/]: Bar Step: Initialization - CodeChicken Core took 0,008s
[16:24:52] [Client thread/TRACE] [NotEnoughItems/NotEnoughItems]: Sending event FMLInitializationEvent to mod NotEnoughItems
[16:24:52] [Client thread/ERROR] [CodeChickenCore/NotEnoughItems]: Unable to do mod description scrolling due to lack of stencil buffer
[16:24:52] [Client thread/TRACE] [NotEnoughItems/NotEnoughItems]: Sent event FMLInitializationEvent to mod NotEnoughItems
[16:24:52] [Client thread/DEBUG] [FML/]: Bar Step: Initialization - NotEnoughItems took 0,094s
[16:24:52] [Client thread/TRACE] [GT_ASM/GT_ASM]: Sending event FMLInitializationEvent to mod GT_ASM
[16:24:52] [Client thread/TRACE] [GT_ASM/GT_ASM]: Sent event FMLInitializationEvent to mod GT_ASM
[16:24:52] [Client thread/DEBUG] [FML/]: Bar Step: Initialization - Greg-ASM® took 0,000s
[16:24:52] [Client thread/TRACE] [IC2/IC2]: Sending event FMLInitializationEvent to mod IC2
[16:24:52] [Client thread/TRACE] [IC2/IC2]: Sent event FMLInitializationEvent to mod IC2
[16:24:52] [Client thread/DEBUG] [FML/]: Bar Step: Initialization - Industrial Craft Classic took 0,011s
[16:24:52] [Client thread/TRACE] [IC2-Classic-Spmod/IC2-Classic-Spmod]: Sending event FMLInitializationEvent to mod IC2-Classic-Spmod
[16:24:52] [Client thread/TRACE] [IC2-Classic-Spmod/IC2-Classic-Spmod]: Sent event FMLInitializationEvent to mod IC2-Classic-Spmod
[16:24:52] [Client thread/DEBUG] [FML/]: Bar Step: Initialization - IC2 Classic Detection Helper took 0,000s
[16:24:52] [Client thread/TRACE] [NEIAddons/NEIAddons]: Sending event FMLInitializationEvent to mod NEIAddons
[16:24:52] [Client thread/INFO] [NEIAddons/NEIAddons]: Loading NEI Addons
[16:24:52] [Client thread/INFO] [NEIAddons/NEIAddons]: Developer Tools Addon disabled - skipping
[16:24:52] [Client thread/INFO] [NEIAddons/NEIAddons]: Loading Crafting Tables Addon...
[16:24:52] [Client thread/INFO] [NEIAddons|CraftingTables/NEIAddons]: Required mod EE3 is not installed, dependent features will be unavailable
[16:24:52] [Client thread/INFO] [NEIAddons|CraftingTables/NEIAddons]: Not registering EE3 Minium Stone
[16:24:52] [Client thread/INFO] [NEIAddons|CraftingTables/NEIAddons]: Required mod BuildCraft|Factory is not installed, dependent features will be unavailable
[16:24:52] [Client thread/INFO] [NEIAddons|CraftingTables/NEIAddons]: Not registering BC Autorcrafting Table
[16:24:52] [Client thread/INFO] [NEIAddons|CraftingTables/NEIAddons]: Required mod powersuitaddons is not installed, dependent features will be unavailable
[16:24:52] [Client thread/INFO] [NEIAddons|CraftingTables/NEIAddons]: Not registering MPSA In-Place Assembler
[16:24:52] [Client thread/INFO] [NEIAddons|CraftingTables/NEIAddons]: Required mod ProjectE is not installed, dependent features will be unavailable
[16:24:52] [Client thread/INFO] [NEIAddons|CraftingTables/NEIAddons]: Not registering ProjectE Philosopher Stone
[16:24:52] [Client thread/INFO] [NEIAddons|CraftingTables/NEIAddons]: Required mod BiblioCraft is not installed, dependent features will be unavailable
[16:24:52] [Client thread/INFO] [NEIAddons|CraftingTables/NEIAddons]: Not registering BiblioCraft Fancy Workbench
[16:24:52] [Client thread/INFO] [NEIAddons|CraftingTables/NEIAddons]: Required mod RIO is not installed, dependent features will be unavailable
[16:24:52] [Client thread/INFO] [NEIAddons|CraftingTables/NEIAddons]: Not registering RemoteIO Intelligent Workbench
[16:24:52] [Client thread/INFO] [NEIAddons|CraftingTables/NEIAddons]: Required mod Railcraft is not installed, dependent features will be unavailable
[16:24:52] [Client thread/INFO] [NEIAddons|CraftingTables/NEIAddons]: Not registering Railcraft Work Cart
[16:24:52] [Client thread/TRACE] [NEIAddons/NEIAddons]: Sent event FMLInitializationEvent to mod NEIAddons
[16:24:52] [Client thread/DEBUG] [FML/]: Bar Step: Initialization - NEI Addons took 0,006s
[16:24:52] [Client thread/TRACE] [NEIAddons|Developer/NEIAddons|Developer]: Sending event FMLInitializationEvent to mod NEIAddons|Developer
[16:24:52] [Client thread/TRACE] [NEIAddons|Developer/NEIAddons|Developer]: Sent event FMLInitializationEvent to mod NEIAddons|Developer
[16:24:52] [Client thread/DEBUG] [FML/]: Bar Step: Initialization - NEI Addons: Developer Tools took 0,000s
[16:24:52] [Client thread/TRACE] [NEIAddons|AppEng/NEIAddons|AppEng]: Sending event FMLInitializationEvent to mod NEIAddons|AppEng
[16:24:52] [Client thread/TRACE] [NEIAddons|AppEng/NEIAddons|AppEng]: Sent event FMLInitializationEvent to mod NEIAddons|AppEng
[16:24:52] [Client thread/DEBUG] [FML/]: Bar Step: Initialization - NEI Addons: Applied Energistics 2 took 0,000s
[16:24:52] [Client thread/TRACE] [NEIAddons|Botany/NEIAddons|Botany]: Sending event FMLInitializationEvent to mod NEIAddons|Botany
[16:24:52] [Client thread/TRACE] [NEIAddons|Botany/NEIAddons|Botany]: Sent event FMLInitializationEvent to mod NEIAddons|Botany
[16:24:52] [Client thread/DEBUG] [FML/]: Bar Step: Initialization - NEI Addons: Botany took 0,000s
[16:24:52] [Client thread/TRACE] [NEIAddons|Forestry/NEIAddons|Forestry]: Sending event FMLInitializationEvent to mod NEIAddons|Forestry
[16:24:52] [Client thread/TRACE] [NEIAddons|Forestry/NEIAddons|Forestry]: Sent event FMLInitializationEvent to mod NEIAddons|Forestry
[16:24:52] [Client thread/DEBUG] [FML/]: Bar Step: Initialization - NEI Addons: Forestry took 0,000s
[16:24:52] [Client thread/TRACE] [NEIAddons|CraftingTables/NEIAddons|CraftingTables]: Sending event FMLInitializationEvent to mod NEIAddons|CraftingTables
[16:24:52] [Client thread/TRACE] [NEIAddons|CraftingTables/NEIAddons|CraftingTables]: Sent event FMLInitializationEvent to mod NEIAddons|CraftingTables
[16:24:52] [Client thread/DEBUG] [FML/]: Bar Step: Initialization - NEI Addons: Crafting Tables took 0,000s
[16:24:52] [Client thread/TRACE] [NEIAddons|ExNihilo/NEIAddons|ExNihilo]: Sending event FMLInitializationEvent to mod NEIAddons|ExNihilo
[16:24:52] [Client thread/TRACE] [NEIAddons|ExNihilo/NEIAddons|ExNihilo]: Sent event FMLInitializationEvent to mod NEIAddons|ExNihilo
[16:24:52] [Client thread/DEBUG] [FML/]: Bar Step: Initialization - NEI Addons: Ex Nihilo took 0,000s
[16:24:52] [Client thread/TRACE] [neiintegration/neiintegration]: Sending event FMLInitializationEvent to mod neiintegration
[16:24:52] [Client thread/TRACE] [neiintegration/neiintegration]: Sent event FMLInitializationEvent to mod neiintegration
[16:24:52] [Client thread/DEBUG] [FML/]: Bar Step: Initialization - NEI Integration took 0,000s
[16:24:52] [Client thread/TRACE] [HTGT6/HTGT6]: Sending event FMLInitializationEvent to mod HTGT6
[16:24:52] [Client thread/INFO] [STDOUT/HTGT6]: [com.mod.htgt6.client.ClientProxy:init:31]: [ClientProxy] Registered Cyan Fog Handler
[16:24:52] [Client thread/TRACE] [HTGT6/HTGT6]: Sent event FMLInitializationEvent to mod HTGT6
[16:24:52] [Client thread/DEBUG] [FML/]: Bar Step: Initialization - HTGT6 took 0,014s
[16:24:52] [Client thread/TRACE] [gregapi_post/gregapi_post]: Sending event FMLInitializationEvent to mod gregapi_post
[16:24:52] [Client thread/DEBUG] [FML/gregapi_post]: Bar Finished: After Init took 0,060s
[16:24:52] [Client thread/DEBUG] [FML/gregapi_post]: Bar Finished: Saving Configs took 0,080s
[16:24:52] [Client thread/TRACE] [gregapi_post/gregapi_post]: Sent event FMLInitializationEvent to mod gregapi_post
[16:24:52] [Client thread/DEBUG] [FML/]: Bar Step: Initialization - Greg-API-Post took 0,161s
[16:24:52] [Client thread/TRACE] [gregtech/gregtech]: Sending event FMLInitializationEvent to mod gregtech
[16:24:54] [Client thread/DEBUG] [FML/gregtech]: Bar Finished: Loading Compat (Init) took 0,000s
[16:24:54] [Client thread/DEBUG] [FML/gregtech]: Bar Finished: After Init took 0,007s
[16:24:54] [Client thread/DEBUG] [FML/gregtech]: Bar Finished: Saving Configs took 0,081s
[16:24:54] [Client thread/TRACE] [gregtech/gregtech]: Sent event FMLInitializationEvent to mod gregtech
[16:24:54] [Client thread/DEBUG] [FML/]: Bar Step: Initialization - GregTech 6 Unofficial took 1,663s
[16:24:54] [Client thread/DEBUG] [FML/]: Bar Finished: Initialization took 4,066s
[16:24:54] [Client thread/TRACE] [FML/]: Attempting to deliver 0 IMC messages to mod gregapi
[16:24:54] [Client thread/TRACE] [gregapi/gregapi]: Sending event IMCEvent to mod gregapi
[16:24:54] [Client thread/TRACE] [gregapi/gregapi]: Sent event IMCEvent to mod gregapi
[16:24:54] [Client thread/DEBUG] [FML/]: Bar Step: InterModComms$IMC - Greg-API took 0,000s
[16:24:54] [Client thread/TRACE] [FML/]: Attempting to deliver 0 IMC messages to mod mcp
[16:24:54] [Client thread/TRACE] [mcp/mcp]: Sending event IMCEvent to mod mcp
[16:24:54] [Client thread/TRACE] [mcp/mcp]: Sent event IMCEvent to mod mcp
[16:24:54] [Client thread/DEBUG] [FML/]: Bar Step: InterModComms$IMC - Minecraft Coder Pack took 0,000s
[16:24:54] [Client thread/TRACE] [FML/]: Attempting to deliver 0 IMC messages to mod FML
[16:24:54] [Client thread/TRACE] [FML/FML]: Sending event IMCEvent to mod FML
[16:24:54] [Client thread/TRACE] [FML/FML]: Sent event IMCEvent to mod FML
[16:24:54] [Client thread/DEBUG] [FML/]: Bar Step: InterModComms$IMC - Forge Mod Loader took 0,000s
[16:24:54] [Client thread/TRACE] [FML/]: Attempting to deliver 0 IMC messages to mod Forge
[16:24:54] [Client thread/TRACE] [Forge/Forge]: Sending event IMCEvent to mod Forge
[16:24:54] [Client thread/TRACE] [Forge/Forge]: Sent event IMCEvent to mod Forge
[16:24:54] [Client thread/DEBUG] [FML/]: Bar Step: InterModComms$IMC - Minecraft Forge took 0,000s
[16:24:54] [Client thread/TRACE] [FML/]: Attempting to deliver 0 IMC messages to mod CodeChickenCore
[16:24:54] [Client thread/TRACE] [CodeChickenCore/CodeChickenCore]: Sending event IMCEvent to mod CodeChickenCore
[16:24:54] [Client thread/TRACE] [CodeChickenCore/CodeChickenCore]: Sent event IMCEvent to mod CodeChickenCore
[16:24:54] [Client thread/DEBUG] [FML/]: Bar Step: InterModComms$IMC - CodeChicken Core took 0,000s
[16:24:54] [Client thread/TRACE] [FML/]: Attempting to deliver 0 IMC messages to mod NotEnoughItems
[16:24:54] [Client thread/TRACE] [NotEnoughItems/NotEnoughItems]: Sending event IMCEvent to mod NotEnoughItems
[16:24:54] [Client thread/TRACE] [NotEnoughItems/NotEnoughItems]: Sent event IMCEvent to mod NotEnoughItems
[16:24:54] [Client thread/DEBUG] [FML/]: Bar Step: InterModComms$IMC - NotEnoughItems took 0,003s
[16:24:54] [Client thread/TRACE] [FML/]: Attempting to deliver 0 IMC messages to mod GT_ASM
[16:24:54] [Client thread/TRACE] [GT_ASM/GT_ASM]: Sending event IMCEvent to mod GT_ASM
[16:24:54] [Client thread/TRACE] [GT_ASM/GT_ASM]: Sent event IMCEvent to mod GT_ASM
[16:24:54] [Client thread/DEBUG] [FML/]: Bar Step: InterModComms$IMC - Greg-ASM® took 0,000s
[16:24:54] [Client thread/TRACE] [FML/]: Attempting to deliver 0 IMC messages to mod IC2
[16:24:54] [Client thread/TRACE] [IC2/IC2]: Sending event IMCEvent to mod IC2
[16:24:54] [Client thread/TRACE] [IC2/IC2]: Sent event IMCEvent to mod IC2
[16:24:54] [Client thread/DEBUG] [FML/]: Bar Step: InterModComms$IMC - Industrial Craft Classic took 0,000s
[16:24:54] [Client thread/TRACE] [FML/]: Attempting to deliver 8 IMC messages to mod IC2-Classic-Spmod
[16:24:54] [Client thread/TRACE] [IC2-Classic-Spmod/IC2-Classic-Spmod]: Sending event IMCEvent to mod IC2-Classic-Spmod
[16:24:54] [Client thread/INFO] [FML/IC2-Classic-Spmod]: Message Failed
[16:24:54] [Client thread/TRACE] [IC2-Classic-Spmod/IC2-Classic-Spmod]: Sent event IMCEvent to mod IC2-Classic-Spmod
[16:24:54] [Client thread/DEBUG] [FML/]: Bar Step: InterModComms$IMC - IC2 Classic Detection Helper took 0,000s
[16:24:54] [Client thread/TRACE] [FML/]: Attempting to deliver 0 IMC messages to mod NEIAddons
[16:24:54] [Client thread/TRACE] [NEIAddons/NEIAddons]: Sending event IMCEvent to mod NEIAddons
[16:24:54] [Client thread/TRACE] [NEIAddons/NEIAddons]: Sent event IMCEvent to mod NEIAddons
[16:24:54] [Client thread/DEBUG] [FML/]: Bar Step: InterModComms$IMC - NEI Addons took 0,000s
[16:24:54] [Client thread/TRACE] [FML/]: Attempting to deliver 0 IMC messages to mod NEIAddons|Developer
[16:24:54] [Client thread/TRACE] [NEIAddons|Developer/NEIAddons|Developer]: Sending event IMCEvent to mod NEIAddons|Developer
[16:24:54] [Client thread/TRACE] [NEIAddons|Developer/NEIAddons|Developer]: Sent event IMCEvent to mod NEIAddons|Developer
[16:24:54] [Client thread/DEBUG] [FML/]: Bar Step: InterModComms$IMC - NEI Addons: Developer Tools took 0,000s
[16:24:54] [Client thread/TRACE] [FML/]: Attempting to deliver 0 IMC messages to mod NEIAddons|AppEng
[16:24:54] [Client thread/TRACE] [NEIAddons|AppEng/NEIAddons|AppEng]: Sending event IMCEvent to mod NEIAddons|AppEng
[16:24:54] [Client thread/TRACE] [NEIAddons|AppEng/NEIAddons|AppEng]: Sent event IMCEvent to mod NEIAddons|AppEng
[16:24:54] [Client thread/DEBUG] [FML/]: Bar Step: InterModComms$IMC - NEI Addons: Applied Energistics 2 took 0,000s
[16:24:54] [Client thread/TRACE] [FML/]: Attempting to deliver 0 IMC messages to mod NEIAddons|Botany
[16:24:54] [Client thread/TRACE] [NEIAddons|Botany/NEIAddons|Botany]: Sending event IMCEvent to mod NEIAddons|Botany
[16:24:54] [Client thread/TRACE] [NEIAddons|Botany/NEIAddons|Botany]: Sent event IMCEvent to mod NEIAddons|Botany
[16:24:54] [Client thread/DEBUG] [FML/]: Bar Step: InterModComms$IMC - NEI Addons: Botany took 0,000s
[16:24:54] [Client thread/TRACE] [FML/]: Attempting to deliver 0 IMC messages to mod NEIAddons|Forestry
[16:24:54] [Client thread/TRACE] [NEIAddons|Forestry/NEIAddons|Forestry]: Sending event IMCEvent to mod NEIAddons|Forestry
[16:24:54] [Client thread/TRACE] [NEIAddons|Forestry/NEIAddons|Forestry]: Sent event IMCEvent to mod NEIAddons|Forestry
[16:24:54] [Client thread/DEBUG] [FML/]: Bar Step: InterModComms$IMC - NEI Addons: Forestry took 0,000s
[16:24:54] [Client thread/TRACE] [FML/]: Attempting to deliver 0 IMC messages to mod NEIAddons|CraftingTables
[16:24:54] [Client thread/TRACE] [NEIAddons|CraftingTables/NEIAddons|CraftingTables]: Sending event IMCEvent to mod NEIAddons|CraftingTables
[16:24:54] [Client thread/TRACE] [NEIAddons|CraftingTables/NEIAddons|CraftingTables]: Sent event IMCEvent to mod NEIAddons|CraftingTables
[16:24:54] [Client thread/DEBUG] [FML/]: Bar Step: InterModComms$IMC - NEI Addons: Crafting Tables took 0,000s
[16:24:54] [Client thread/TRACE] [FML/]: Attempting to deliver 0 IMC messages to mod NEIAddons|ExNihilo
[16:24:54] [Client thread/TRACE] [NEIAddons|ExNihilo/NEIAddons|ExNihilo]: Sending event IMCEvent to mod NEIAddons|ExNihilo
[16:24:54] [Client thread/TRACE] [NEIAddons|ExNihilo/NEIAddons|ExNihilo]: Sent event IMCEvent to mod NEIAddons|ExNihilo
[16:24:54] [Client thread/DEBUG] [FML/]: Bar Step: InterModComms$IMC - NEI Addons: Ex Nihilo took 0,000s
[16:24:54] [Client thread/TRACE] [FML/]: Attempting to deliver 0 IMC messages to mod neiintegration
[16:24:54] [Client thread/TRACE] [neiintegration/neiintegration]: Sending event IMCEvent to mod neiintegration
[16:24:54] [Client thread/TRACE] [neiintegration/neiintegration]: Sent event IMCEvent to mod neiintegration
[16:24:54] [Client thread/DEBUG] [FML/]: Bar Step: InterModComms$IMC - NEI Integration took 0,000s
[16:24:54] [Client thread/TRACE] [FML/]: Attempting to deliver 0 IMC messages to mod HTGT6
[16:24:54] [Client thread/TRACE] [HTGT6/HTGT6]: Sending event IMCEvent to mod HTGT6
[16:24:54] [Client thread/TRACE] [HTGT6/HTGT6]: Sent event IMCEvent to mod HTGT6
[16:24:54] [Client thread/DEBUG] [FML/]: Bar Step: InterModComms$IMC - HTGT6 took 0,000s
[16:24:54] [Client thread/TRACE] [FML/]: Attempting to deliver 0 IMC messages to mod gregapi_post
[16:24:54] [Client thread/TRACE] [gregapi_post/gregapi_post]: Sending event IMCEvent to mod gregapi_post
[16:24:54] [Client thread/TRACE] [gregapi_post/gregapi_post]: Sent event IMCEvent to mod gregapi_post
[16:24:54] [Client thread/DEBUG] [FML/]: Bar Step: InterModComms$IMC - Greg-API-Post took 0,000s
[16:24:54] [Client thread/TRACE] [FML/]: Attempting to deliver 0 IMC messages to mod gregtech
[16:24:54] [Client thread/TRACE] [gregtech/gregtech]: Sending event IMCEvent to mod gregtech
[16:24:54] [Client thread/TRACE] [gregtech/gregtech]: Sent event IMCEvent to mod gregtech
[16:24:54] [Client thread/DEBUG] [FML/]: Bar Step: InterModComms$IMC - GregTech 6 Unofficial took 0,000s
[16:24:54] [Client thread/DEBUG] [FML/]: Bar Finished: InterModComms$IMC took 0,006s
[16:24:54] [Client thread/INFO] [FML/]: Injecting itemstacks
[16:24:54] [Client thread/INFO] [FML/]: Itemstack injection complete
[16:24:54] [Client thread/TRACE] [gregapi/gregapi]: Sending event FMLPostInitializationEvent to mod gregapi
[16:24:54] [Client thread/DEBUG] [FML/gregapi]: Bar Finished: Before PostInit took 0,118s
[16:24:55] [Client thread/DEBUG] [FML/gregapi]: Bar Finished: OreDict took 1,469s
[16:24:55] [Client thread/DEBUG] [FML/gregapi]: Bar Finished: After PostInit took 0,000s
[16:24:55] [Client thread/DEBUG] [FML/gregapi]: Bar Finished: Saving Configs took 0,058s
[16:24:55] [Client thread/TRACE] [gregapi/gregapi]: Sent event FMLPostInitializationEvent to mod gregapi
[16:24:55] [Client thread/DEBUG] [FML/]: Bar Step: PostInitialization - Greg-API took 1,717s
[16:24:55] [Client thread/TRACE] [mcp/mcp]: Sending event FMLPostInitializationEvent to mod mcp
[16:24:55] [Client thread/TRACE] [mcp/mcp]: Sent event FMLPostInitializationEvent to mod mcp
[16:24:55] [Client thread/DEBUG] [FML/]: Bar Step: PostInitialization - Minecraft Coder Pack took 0,000s
[16:24:55] [Client thread/TRACE] [FML/FML]: Sending event FMLPostInitializationEvent to mod FML
[16:24:55] [Client thread/TRACE] [FML/FML]: Sent event FMLPostInitializationEvent to mod FML
[16:24:55] [Client thread/DEBUG] [FML/]: Bar Step: PostInitialization - Forge Mod Loader took 0,000s
[16:24:55] [Client thread/TRACE] [Forge/Forge]: Sending event FMLPostInitializationEvent to mod Forge
[16:24:55] [Client thread/TRACE] [Forge/Forge]: Sent event FMLPostInitializationEvent to mod Forge
[16:24:55] [Client thread/DEBUG] [FML/]: Bar Step: PostInitialization - Minecraft Forge took 0,001s
[16:24:55] [Client thread/TRACE] [CodeChickenCore/CodeChickenCore]: Sending event FMLPostInitializationEvent to mod CodeChickenCore
[16:24:55] [Client thread/TRACE] [CodeChickenCore/CodeChickenCore]: Sent event FMLPostInitializationEvent to mod CodeChickenCore
[16:24:55] [Client thread/DEBUG] [FML/]: Bar Step: PostInitialization - CodeChicken Core took 0,000s
[16:24:55] [Client thread/TRACE] [NotEnoughItems/NotEnoughItems]: Sending event FMLPostInitializationEvent to mod NotEnoughItems
[16:24:55] [Client thread/INFO] [NotEnoughItems/NotEnoughItems]: Loading handler ordering from file .\config\NEI\handlerordering.csv
[16:24:56] [Client thread/TRACE] [NotEnoughItems/NotEnoughItems]: Sent event FMLPostInitializationEvent to mod NotEnoughItems
[16:24:56] [Client thread/DEBUG] [FML/]: Bar Step: PostInitialization - NotEnoughItems took 0,027s
[16:24:56] [Client thread/TRACE] [GT_ASM/GT_ASM]: Sending event FMLPostInitializationEvent to mod GT_ASM
[16:24:56] [Client thread/TRACE] [GT_ASM/GT_ASM]: Sent event FMLPostInitializationEvent to mod GT_ASM
[16:24:56] [Client thread/DEBUG] [FML/]: Bar Step: PostInitialization - Greg-ASM® took 0,000s
[16:24:56] [Client thread/TRACE] [IC2/IC2]: Sending event FMLPostInitializationEvent to mod IC2
[16:24:56] [Client thread/DEBUG] [CCL ASM/IC2]: Writing method [codechicken/nei/guihook/GuiContainerManager.getManager(Lnet/minecraft/client/gui/inventory/GuiContainer;)Lcodechicken/nei/guihook/GuiContainerManager;]
[16:24:56] [Client thread/DEBUG] [CCL ASM/IC2]: Writing method [codechicken/nei/guihook/GuiContainerManager.callKeyTyped(Lnet/minecraft/client/gui/inventory/GuiContainer;CI)V]
[16:24:56] [Client thread/DEBUG] [CCL ASM/IC2]: Writing method [codechicken/nei/guihook/DefaultSlotClickHandler.callHandleMouseClick(Lnet/minecraft/client/gui/inventory/GuiContainer;Lnet/minecraft/inventory/Slot;III)V]
[16:24:56] [Client thread/INFO] [IC2/IC2]: Loaded minor compatibility modules: none
[16:24:56] [Client thread/TRACE] [IC2/IC2]: Sent event FMLPostInitializationEvent to mod IC2
[16:24:56] [Client thread/DEBUG] [FML/]: Bar Step: PostInitialization - Industrial Craft Classic took 0,161s
[16:24:56] [Client thread/TRACE] [IC2-Classic-Spmod/IC2-Classic-Spmod]: Sending event FMLPostInitializationEvent to mod IC2-Classic-Spmod
[16:24:56] [Client thread/TRACE] [IC2-Classic-Spmod/IC2-Classic-Spmod]: Sent event FMLPostInitializationEvent to mod IC2-Classic-Spmod
[16:24:56] [Client thread/DEBUG] [FML/]: Bar Step: PostInitialization - IC2 Classic Detection Helper took 0,000s
[16:24:56] [Client thread/TRACE] [NEIAddons/NEIAddons]: Sending event FMLPostInitializationEvent to mod NEIAddons
[16:24:56] [Client thread/TRACE] [NEIAddons/NEIAddons]: Sent event FMLPostInitializationEvent to mod NEIAddons
[16:24:56] [Client thread/DEBUG] [FML/]: Bar Step: PostInitialization - NEI Addons took 0,000s
[16:24:56] [Client thread/TRACE] [NEIAddons|Developer/NEIAddons|Developer]: Sending event FMLPostInitializationEvent to mod NEIAddons|Developer
[16:24:56] [Client thread/TRACE] [NEIAddons|Developer/NEIAddons|Developer]: Sent event FMLPostInitializationEvent to mod NEIAddons|Developer
[16:24:56] [Client thread/DEBUG] [FML/]: Bar Step: PostInitialization - NEI Addons: Developer Tools took 0,000s
[16:24:56] [Client thread/TRACE] [NEIAddons|AppEng/NEIAddons|AppEng]: Sending event FMLPostInitializationEvent to mod NEIAddons|AppEng
[16:24:56] [Client thread/TRACE] [NEIAddons|AppEng/NEIAddons|AppEng]: Sent event FMLPostInitializationEvent to mod NEIAddons|AppEng
[16:24:56] [Client thread/DEBUG] [FML/]: Bar Step: PostInitialization - NEI Addons: Applied Energistics 2 took 0,000s
[16:24:56] [Client thread/TRACE] [NEIAddons|Botany/NEIAddons|Botany]: Sending event FMLPostInitializationEvent to mod NEIAddons|Botany
[16:24:56] [Client thread/TRACE] [NEIAddons|Botany/NEIAddons|Botany]: Sent event FMLPostInitializationEvent to mod NEIAddons|Botany
[16:24:56] [Client thread/DEBUG] [FML/]: Bar Step: PostInitialization - NEI Addons: Botany took 0,000s
[16:24:56] [Client thread/TRACE] [NEIAddons|Forestry/NEIAddons|Forestry]: Sending event FMLPostInitializationEvent to mod NEIAddons|Forestry
[16:24:56] [Client thread/TRACE] [NEIAddons|Forestry/NEIAddons|Forestry]: Sent event FMLPostInitializationEvent to mod NEIAddons|Forestry
[16:24:56] [Client thread/DEBUG] [FML/]: Bar Step: PostInitialization - NEI Addons: Forestry took 0,000s
[16:24:56] [Client thread/TRACE] [NEIAddons|CraftingTables/NEIAddons|CraftingTables]: Sending event FMLPostInitializationEvent to mod NEIAddons|CraftingTables
[16:24:56] [Client thread/TRACE] [NEIAddons|CraftingTables/NEIAddons|CraftingTables]: Sent event FMLPostInitializationEvent to mod NEIAddons|CraftingTables
[16:24:56] [Client thread/DEBUG] [FML/]: Bar Step: PostInitialization - NEI Addons: Crafting Tables took 0,000s
[16:24:56] [Client thread/TRACE] [NEIAddons|ExNihilo/NEIAddons|ExNihilo]: Sending event FMLPostInitializationEvent to mod NEIAddons|ExNihilo
[16:24:56] [Client thread/TRACE] [NEIAddons|ExNihilo/NEIAddons|ExNihilo]: Sent event FMLPostInitializationEvent to mod NEIAddons|ExNihilo
[16:24:56] [Client thread/DEBUG] [FML/]: Bar Step: PostInitialization - NEI Addons: Ex Nihilo took 0,000s
[16:24:56] [Client thread/TRACE] [neiintegration/neiintegration]: Sending event FMLPostInitializationEvent to mod neiintegration
[16:24:56] [Client thread/TRACE] [neiintegration/neiintegration]: Sent event FMLPostInitializationEvent to mod neiintegration
[16:24:56] [Client thread/DEBUG] [FML/]: Bar Step: PostInitialization - NEI Integration took 0,000s
[16:24:56] [Client thread/TRACE] [HTGT6/HTGT6]: Sending event FMLPostInitializationEvent to mod HTGT6
[16:24:56] [Client thread/TRACE] [HTGT6/HTGT6]: Sent event FMLPostInitializationEvent to mod HTGT6
[16:24:56] [Client thread/DEBUG] [FML/]: Bar Step: PostInitialization - HTGT6 took 0,007s
[16:24:56] [Client thread/TRACE] [gregapi_post/gregapi_post]: Sending event FMLPostInitializationEvent to mod gregapi_post
[16:24:56] [Client thread/DEBUG] [FML/gregapi_post]: Bar Finished: After PostInit took 0,000s
[16:24:56] [Client thread/DEBUG] [FML/gregapi_post]: Bar Finished: Saving Configs took 0,070s
[16:24:56] [Client thread/TRACE] [gregapi_post/gregapi_post]: Sent event FMLPostInitializationEvent to mod gregapi_post
[16:24:56] [Client thread/DEBUG] [FML/]: Bar Step: PostInitialization - Greg-API-Post took 0,077s
[16:24:56] [Client thread/TRACE] [gregtech/gregtech]: Sending event FMLPostInitializationEvent to mod gregtech
[16:25:00] [Client thread/DEBUG] [FML/gregtech]: Bar Finished: Loading Compat (PostInit) took 3,993s
[16:25:00] [Client thread/DEBUG] [FML/gregtech]: Bar Finished: After PostInit took 0,000s
[16:25:00] [Client thread/DEBUG] [FML/gregtech]: Bar Finished: Saving Configs took 0,059s
[16:25:00] [Client thread/TRACE] [gregtech/gregtech]: Sent event FMLPostInitializationEvent to mod gregtech
[16:25:00] [Client thread/DEBUG] [FML/]: Bar Step: PostInitialization - GregTech 6 Unofficial took 4,067s
[16:25:00] [Client thread/DEBUG] [FML/]: Bar Finished: PostInitialization took 6,057s
[16:25:00] [Client thread/TRACE] [gregapi/gregapi]: Sending event FMLLoadCompleteEvent to mod gregapi
[16:25:00] [Client thread/TRACE] [gregapi/gregapi]: Sent event FMLLoadCompleteEvent to mod gregapi
[16:25:00] [Client thread/DEBUG] [FML/]: Bar Step: LoadComplete - Greg-API took 0,000s
[16:25:00] [Client thread/TRACE] [mcp/mcp]: Sending event FMLLoadCompleteEvent to mod mcp
[16:25:00] [Client thread/TRACE] [mcp/mcp]: Sent event FMLLoadCompleteEvent to mod mcp
[16:25:00] [Client thread/DEBUG] [FML/]: Bar Step: LoadComplete - Minecraft Coder Pack took 0,000s
[16:25:00] [Client thread/TRACE] [FML/FML]: Sending event FMLLoadCompleteEvent to mod FML
[16:25:00] [Client thread/TRACE] [FML/FML]: Sent event FMLLoadCompleteEvent to mod FML
[16:25:00] [Client thread/DEBUG] [FML/]: Bar Step: LoadComplete - Forge Mod Loader took 0,000s
[16:25:00] [Client thread/TRACE] [Forge/Forge]: Sending event FMLLoadCompleteEvent to mod Forge
[16:25:00] [Client thread/DEBUG] [FML/Forge]: Forge RecipeSorter Baking:
[16:25:00] [Client thread/DEBUG] [FML/Forge]:   19: RecipeEntry("Before", UNKNOWN, )
[16:25:00] [Client thread/DEBUG] [FML/Forge]:   18: RecipeEntry("minecraft:shaped", SHAPED, net.minecraft.item.crafting.ShapedRecipes) Before: minecraft:shapeless
[16:25:00] [Client thread/DEBUG] [FML/Forge]:   17: RecipeEntry("gregtech:shaped", SHAPED, gregapi.recipes.AdvancedCraftingShaped) Before: minecraft:shapeless After: minecraft:shaped
[16:25:00] [Client thread/DEBUG] [FML/Forge]:   16: RecipeEntry("forge:shapedore", SHAPED, net.minecraftforge.oredict.ShapedOreRecipe) Before: minecraft:shapeless After: minecraft:shaped
[16:25:00] [Client thread/DEBUG] [FML/Forge]:   15: RecipeEntry("minecraft:mapextending", SHAPED, net.minecraft.item.crafting.RecipesMapExtending) Before: minecraft:shapeless After: minecraft:shaped
[16:25:00] [Client thread/DEBUG] [FML/Forge]:   14: RecipeEntry("minecraft:shapeless", SHAPELESS, net.minecraft.item.crafting.ShapelessRecipes) After: minecraft:shaped
[16:25:00] [Client thread/DEBUG] [FML/Forge]:   13: RecipeEntry("minecraft:armordyes", SHAPELESS, net.minecraft.item.crafting.RecipesArmorDyes) After: minecraft:shapeless
[16:25:00] [Client thread/DEBUG] [FML/Forge]:   12: RecipeEntry("minecraft:fireworks", SHAPELESS, net.minecraft.item.crafting.RecipeFireworks) After: minecraft:shapeless
[16:25:00] [Client thread/DEBUG] [FML/Forge]:   11: RecipeEntry("ic2:shaped", SHAPED, ic2.core.AdvRecipe) After: minecraft:shapeless
[16:25:00] [Client thread/DEBUG] [FML/Forge]:   10: RecipeEntry("ic2:shapeless", SHAPELESS, ic2.core.AdvShapelessRecipe) After: ic2:shaped
[16:25:00] [Client thread/DEBUG] [FML/Forge]:   9: RecipeEntry("minecraft:mapcloning", SHAPELESS, net.minecraft.item.crafting.RecipesMapCloning) After: minecraft:shapeless
[16:25:00] [Client thread/DEBUG] [FML/Forge]:   8: RecipeEntry("forge:shapelessore", SHAPELESS, net.minecraftforge.oredict.ShapelessOreRecipe) After: minecraft:shapeless
[16:25:00] [Client thread/DEBUG] [FML/Forge]:   7: RecipeEntry("gregtech:shapeless", SHAPELESS, gregapi.recipes.AdvancedCraftingShapeless) After: gregtech:shaped, minecraft:shapeless
[16:25:00] [Client thread/DEBUG] [FML/Forge]:   6: RecipeEntry("gregtech:1ToY", SHAPELESS, gregapi.recipes.AdvancedCrafting1ToY) After: gregtech:shaped, gregtech:shapeless
[16:25:00] [Client thread/DEBUG] [FML/Forge]:   5: RecipeEntry("gregtech:XToY", SHAPELESS, gregapi.recipes.AdvancedCraftingXToY) After: gregtech:shaped, gregtech:1ToY
[16:25:00] [Client thread/DEBUG] [FML/Forge]:   4: RecipeEntry("gregtech:tool", SHAPELESS, gregapi.recipes.AdvancedCraftingTool) After: gregtech:shaped, gregtech:XToY
[16:25:00] [Client thread/DEBUG] [FML/Forge]:   3: RecipeEntry("minecraft:bookcloning", SHAPELESS, net.minecraft.item.crafting.RecipeBookCloning) After: minecraft:shapeless
[16:25:00] [Client thread/DEBUG] [FML/Forge]:   2: RecipeEntry("ic2:grandual", SHAPELESS, ic2.core.RecipeGradual) After: ic2:shapeless
[16:25:00] [Client thread/DEBUG] [FML/Forge]:   1: RecipeEntry("After", UNKNOWN, )
[16:25:00] [Client thread/DEBUG] [FML/Forge]: Sorting recipies
[16:25:00] [Client thread/TRACE] [Forge/Forge]: Sent event FMLLoadCompleteEvent to mod Forge
[16:25:00] [Client thread/DEBUG] [FML/]: Bar Step: LoadComplete - Minecraft Forge took 0,011s
[16:25:00] [Client thread/TRACE] [CodeChickenCore/CodeChickenCore]: Sending event FMLLoadCompleteEvent to mod CodeChickenCore
[16:25:00] [Client thread/TRACE] [CodeChickenCore/CodeChickenCore]: Sent event FMLLoadCompleteEvent to mod CodeChickenCore
[16:25:00] [Client thread/DEBUG] [FML/]: Bar Step: LoadComplete - CodeChicken Core took 0,000s
[16:25:00] [Client thread/TRACE] [NotEnoughItems/NotEnoughItems]: Sending event FMLLoadCompleteEvent to mod NotEnoughItems
[16:25:00] [Client thread/INFO] [NotEnoughItems/NotEnoughItems]: Loading handler info from JAR
[16:25:00] [Client thread/INFO] [NotEnoughItems/NotEnoughItems]: Loaded codechicken.nei.recipe.BrewingRecipeHandler
[16:25:00] [Client thread/INFO] [NotEnoughItems/NotEnoughItems]: Loaded codechicken.nei.recipe.FireworkRecipeHandler
[16:25:00] [Client thread/INFO] [NotEnoughItems/NotEnoughItems]: Loaded codechicken.nei.recipe.FurnaceRecipeHandler
[16:25:00] [Client thread/INFO] [NotEnoughItems/NotEnoughItems]: Loaded codechicken.nei.recipe.ShapedRecipeHandler
[16:25:00] [Client thread/INFO] [NotEnoughItems/NotEnoughItems]: Loaded codechicken.nei.recipe.ShapelessRecipeHandler
[16:25:00] [Client thread/INFO] [NotEnoughItems/NotEnoughItems]: Loaded codechicken.nei.recipe.FuelRecipeHandler
[16:25:00] [Client thread/TRACE] [FML/NotEnoughItems]: Unable to find item with name gregtech:gt.blockores
[16:25:00] [Client thread/INFO] [NotEnoughItems/NotEnoughItems]: Couldn't find GregTech - gregtech:gt.blockores:85
[16:25:00] [Client thread/INFO] [NotEnoughItems/NotEnoughItems]: Loaded pers.gwyog.gtneioreplugin.plugin.gregtech5.PluginGT5SmallOreStat
[16:25:00] [Client thread/TRACE] [FML/NotEnoughItems]: Unable to find item with name gregtech:gt.blockores
[16:25:00] [Client thread/INFO] [NotEnoughItems/NotEnoughItems]: Couldn't find GregTech - gregtech:gt.blockores:386
[16:25:00] [Client thread/INFO] [NotEnoughItems/NotEnoughItems]: Loaded pers.gwyog.gtneioreplugin.plugin.gregtech5.PluginGT5VeinStat
[16:25:00] [Client thread/INFO] [NotEnoughItems/NotEnoughItems]: Couldn't find IndustrialCraft 2 - IC2:blockreactorvessel
[16:25:00] [Client thread/INFO] [NotEnoughItems/NotEnoughItems]: Loaded ic2.neiIntegration.core.recipehandler.AdvRecipeHandler
[16:25:00] [Client thread/INFO] [NotEnoughItems/NotEnoughItems]: Couldn't find IndustrialCraft 2 - IC2:blockreactorvessel
[16:25:00] [Client thread/INFO] [NotEnoughItems/NotEnoughItems]: Loaded ic2.neiIntegration.core.recipehandler.AdvShapelessRecipeHandler
[16:25:00] [Client thread/TRACE] [FML/NotEnoughItems]: Unable to find item with name IC2:blockMachine3
[16:25:00] [Client thread/INFO] [NotEnoughItems/NotEnoughItems]: Couldn't find IndustrialCraft 2 - IC2:blockMachine3:1
[16:25:00] [Client thread/INFO] [NotEnoughItems/NotEnoughItems]: Loaded ic2.neiIntegration.core.recipehandler.BlastFurnaceRecipeHandler
[16:25:00] [Client thread/TRACE] [FML/NotEnoughItems]: Unable to find item with name IC2:blockMachine3
[16:25:00] [Client thread/INFO] [NotEnoughItems/NotEnoughItems]: Couldn't find IndustrialCraft 2 - IC2:blockMachine3:2
[16:25:00] [Client thread/INFO] [NotEnoughItems/NotEnoughItems]: Loaded ic2.neiIntegration.core.recipehandler.BlockCutterRecipeHandler
[16:25:00] [Client thread/INFO] [NotEnoughItems/NotEnoughItems]: Loaded ic2.neiIntegration.core.recipehandler.CentrifugeRecipeHandler
[16:25:00] [Client thread/INFO] [NotEnoughItems/NotEnoughItems]: Loaded ic2.neiIntegration.core.recipehandler.CompressorRecipeHandler
[16:25:00] [Client thread/INFO] [NotEnoughItems/NotEnoughItems]: Loaded ic2.neiIntegration.core.recipehandler.ExtractorRecipeHandler
[16:25:00] [Client thread/INFO] [NotEnoughItems/NotEnoughItems]: Loaded ic2.neiIntegration.core.recipehandler.FluidCannerRecipeHandler
[16:25:00] [Client thread/TRACE] [FML/NotEnoughItems]: Unable to find item with name IC2:blockMachine3
[16:25:00] [Client thread/INFO] [NotEnoughItems/NotEnoughItems]: Couldn't find IndustrialCraft 2 - IC2:blockMachine3:8
[16:25:00] [Client thread/INFO] [NotEnoughItems/NotEnoughItems]: Loaded ic2.neiIntegration.core.recipehandler.LatheRecipeHandler
[16:25:00] [Client thread/INFO] [NotEnoughItems/NotEnoughItems]: Loaded ic2.neiIntegration.core.recipehandler.MaceratorRecipeHandler
[16:25:00] [Client thread/INFO] [NotEnoughItems/NotEnoughItems]: Loaded ic2.neiIntegration.core.recipehandler.MetalFormerRecipeHandlerCutting
[16:25:00] [Client thread/INFO] [NotEnoughItems/NotEnoughItems]: Loaded ic2.neiIntegration.core.recipehandler.MetalFormerRecipeHandlerExtruding
[16:25:00] [Client thread/INFO] [NotEnoughItems/NotEnoughItems]: Loaded ic2.neiIntegration.core.recipehandler.MetalFormerRecipeHandlerRolling
[16:25:00] [Client thread/INFO] [NotEnoughItems/NotEnoughItems]: Loaded ic2.neiIntegration.core.recipehandler.OreWashingRecipeHandler
[16:25:00] [Client thread/INFO] [NotEnoughItems/NotEnoughItems]: Couldn't find IndustrialCraft 2 - IC2:itemScrapbox
[16:25:00] [Client thread/INFO] [NotEnoughItems/NotEnoughItems]: Loaded ic2.neiIntegration.core.recipehandler.ScrapboxRecipeHandler
[16:25:00] [Client thread/INFO] [NotEnoughItems/NotEnoughItems]: Loaded ic2.neiIntegration.core.recipehandler.SolidCannerRecipeHandler
[16:25:00] [Client thread/INFO] [NotEnoughItems/NotEnoughItems]: Loaded tonius.neiintegration.mods.mcforge.RecipeHandlerFluidRegistry
[16:25:00] [Client thread/INFO] [NotEnoughItems/NotEnoughItems]: Loaded tonius.neiintegration.mods.mcforge.RecipeHandlerOreDictionary
[16:25:00] [Client thread/INFO] [NotEnoughItems/NotEnoughItems]: Loaded gt.recipe.anvil
[16:25:00] [Client thread/INFO] [NotEnoughItems/NotEnoughItems]: Loaded gt.recipe.anvil.bend.big
[16:25:00] [Client thread/INFO] [NotEnoughItems/NotEnoughItems]: Loaded gt.recipe.anvil.bend.small
[16:25:00] [Client thread/INFO] [NotEnoughItems/NotEnoughItems]: Loaded gt.recipe.aquaticfarm
[16:25:00] [Client thread/INFO] [NotEnoughItems/NotEnoughItems]: Loaded gt.recipe.assembler
[16:25:00] [Client thread/INFO] [NotEnoughItems/NotEnoughItems]: Loaded gt.recipe.autoclave
[16:25:00] [Client thread/INFO] [NotEnoughItems/NotEnoughItems]: Loaded gt.recipe.bath
[16:25:00] [Client thread/INFO] [NotEnoughItems/NotEnoughItems]: Loaded gt.recipe.bedrockorelist
[16:25:00] [Client thread/INFO] [NotEnoughItems/NotEnoughItems]: Loaded gt.recipe.biolab
[16:25:00] [Client thread/INFO] [NotEnoughItems/NotEnoughItems]: Loaded gt.recipe.boxinator
[16:25:00] [Client thread/INFO] [NotEnoughItems/NotEnoughItems]: Loaded gt.recipe.bumblelyzer
[16:25:00] [Client thread/INFO] [NotEnoughItems/NotEnoughItems]: Loaded gt.recipe.bumblequeen
[16:25:00] [Client thread/INFO] [NotEnoughItems/NotEnoughItems]: Loaded gt.recipe.burnmixer
[16:25:00] [Client thread/INFO] [NotEnoughItems/NotEnoughItems]: Loaded gt.recipe.byproductlist
[16:25:00] [Client thread/INFO] [NotEnoughItems/NotEnoughItems]: Loaded gt.recipe.canner
[16:25:00] [Client thread/INFO] [NotEnoughItems/NotEnoughItems]: Loaded gt.recipe.catalyticcracking
[16:25:00] [Client thread/INFO] [NotEnoughItems/NotEnoughItems]: Loaded gt.recipe.centrifuge
[16:25:00] [Client thread/INFO] [NotEnoughItems/NotEnoughItems]: Loaded gt.recipe.clustermill
[16:25:00] [Client thread/INFO] [NotEnoughItems/NotEnoughItems]: Loaded gt.recipe.coagulator
[16:25:00] [Client thread/INFO] [NotEnoughItems/NotEnoughItems]: Loaded gt.recipe.cokeoven
[16:25:00] [Client thread/INFO] [NotEnoughItems/NotEnoughItems]: Loaded gt.recipe.compressor
[16:25:00] [Client thread/INFO] [NotEnoughItems/NotEnoughItems]: Loaded gt.recipe.crackingtower
[16:25:00] [Client thread/INFO] [NotEnoughItems/NotEnoughItems]: Loaded gt.recipe.cruciblealloying
[16:25:00] [Client thread/INFO] [NotEnoughItems/NotEnoughItems]: Loaded gt.recipe.cruciblesmelting
[16:25:00] [Client thread/INFO] [NotEnoughItems/NotEnoughItems]: Loaded gt.recipe.crusher
[16:25:00] [Client thread/INFO] [NotEnoughItems/NotEnoughItems]: Loaded gt.recipe.cryodistillationtower
[16:25:00] [Client thread/INFO] [NotEnoughItems/NotEnoughItems]: Loaded gt.recipe.cryomixer
[16:25:00] [Client thread/INFO] [NotEnoughItems/NotEnoughItems]: Loaded gt.recipe.crystallisationcrucible
[16:25:00] [Client thread/INFO] [NotEnoughItems/NotEnoughItems]: Loaded gt.recipe.cutter
[16:25:00] [Client thread/INFO] [NotEnoughItems/NotEnoughItems]: Loaded gt.recipe.debarker
[16:25:00] [Client thread/INFO] [NotEnoughItems/NotEnoughItems]: Loaded gt.recipe.distillationtower
[16:25:00] [Client thread/INFO] [NotEnoughItems/NotEnoughItems]: Loaded gt.recipe.distillery
[16:25:00] [Client thread/INFO] [NotEnoughItems/NotEnoughItems]: Loaded gt.recipe.drying
[16:25:00] [Client thread/INFO] [NotEnoughItems/NotEnoughItems]: Loaded gt.recipe.electrolyzer
[16:25:00] [Client thread/INFO] [NotEnoughItems/NotEnoughItems]: Loaded gt.recipe.extruder
[16:25:00] [Client thread/INFO] [NotEnoughItems/NotEnoughItems]: Loaded gt.recipe.fermenter
[16:25:00] [Client thread/INFO] [NotEnoughItems/NotEnoughItems]: Loaded gt.recipe.fluidsolidifier
[16:25:00] [Client thread/INFO] [NotEnoughItems/NotEnoughItems]: Loaded gt.recipe.freezer
[16:25:00] [Client thread/INFO] [NotEnoughItems/NotEnoughItems]: Loaded gt.recipe.fuels.burn
[16:25:00] [Client thread/INFO] [NotEnoughItems/NotEnoughItems]: Loaded gt.recipe.fuels.engine
[16:25:00] [Client thread/INFO] [NotEnoughItems/NotEnoughItems]: Loaded gt.recipe.fuels.fluidbed
[16:25:00] [Client thread/INFO] [NotEnoughItems/NotEnoughItems]: Loaded gt.recipe.fuels.gas
[16:25:00] [Client thread/INFO] [NotEnoughItems/NotEnoughItems]: Loaded gt.recipe.fuels.plasma
[16:25:00] [Client thread/INFO] [NotEnoughItems/NotEnoughItems]: Loaded gt.recipe.fuels.turbine
[16:25:00] [Client thread/INFO] [NotEnoughItems/NotEnoughItems]: Loaded gt.recipe.fusionreactor
[16:25:00] [Client thread/INFO] [NotEnoughItems/NotEnoughItems]: Loaded gt.recipe.generifier
[16:25:00] [Client thread/INFO] [NotEnoughItems/NotEnoughItems]: Loaded gt.recipe.heatmixer
[16:25:00] [Client thread/INFO] [NotEnoughItems/NotEnoughItems]: Loaded gt.recipe.implosioncompressor
[16:25:00] [Client thread/INFO] [NotEnoughItems/NotEnoughItems]: Loaded gt.recipe.incubator
[16:25:00] [Client thread/INFO] [NotEnoughItems/NotEnoughItems]: Loaded gt.recipe.injector
[16:25:00] [Client thread/INFO] [NotEnoughItems/NotEnoughItems]: Loaded gt.recipe.ionizer
[16:25:00] [Client thread/INFO] [NotEnoughItems/NotEnoughItems]: Loaded gt.recipe.juicer
[16:25:00] [Client thread/INFO] [NotEnoughItems/NotEnoughItems]: Loaded gt.recipe.laminator
[16:25:00] [Client thread/INFO] [NotEnoughItems/NotEnoughItems]: Loaded gt.recipe.lasercutter
[16:25:00] [Client thread/INFO] [NotEnoughItems/NotEnoughItems]: Loaded gt.recipe.laserengraver
[16:25:00] [Client thread/INFO] [NotEnoughItems/NotEnoughItems]: Loaded gt.recipe.lathe
[16:25:00] [Client thread/INFO] [NotEnoughItems/NotEnoughItems]: Loaded gt.recipe.lightning
[16:25:00] [Client thread/INFO] [NotEnoughItems/NotEnoughItems]: Loaded gt.recipe.loom
[16:25:00] [Client thread/INFO] [NotEnoughItems/NotEnoughItems]: Loaded gt.recipe.magneticseparator
[16:25:00] [Client thread/INFO] [NotEnoughItems/NotEnoughItems]: Loaded gt.recipe.maskaligner
[16:25:00] [Client thread/INFO] [NotEnoughItems/NotEnoughItems]: Loaded gt.recipe.massfab
[16:25:00] [Client thread/INFO] [NotEnoughItems/NotEnoughItems]: Loaded gt.recipe.mixer
[16:25:00] [Client thread/INFO] [NotEnoughItems/NotEnoughItems]: Loaded gt.recipe.mortar
[16:25:00] [Client thread/INFO] [NotEnoughItems/NotEnoughItems]: Loaded gt.recipe.nanofab
[16:25:00] [Client thread/INFO] [NotEnoughItems/NotEnoughItems]: Loaded gt.recipe.oilcleaner
[16:25:00] [Client thread/INFO] [NotEnoughItems/NotEnoughItems]: Loaded gt.recipe.particlecollider
[16:25:00] [Client thread/INFO] [NotEnoughItems/NotEnoughItems]: Loaded gt.recipe.plantalyzer
[16:25:00] [Client thread/INFO] [NotEnoughItems/NotEnoughItems]: Loaded gt.recipe.polarizer
[16:25:00] [Client thread/INFO] [NotEnoughItems/NotEnoughItems]: Loaded gt.recipe.press
[16:25:00] [Client thread/INFO] [NotEnoughItems/NotEnoughItems]: Loaded gt.recipe.printer
[16:25:00] [Client thread/INFO] [NotEnoughItems/NotEnoughItems]: Loaded gt.recipe.replicator
[16:25:00] [Client thread/INFO] [NotEnoughItems/NotEnoughItems]: Loaded gt.recipe.roaster
[16:25:00] [Client thread/INFO] [NotEnoughItems/NotEnoughItems]: Loaded gt.recipe.rollbender
[16:25:00] [Client thread/INFO] [NotEnoughItems/NotEnoughItems]: Loaded gt.recipe.rollformer
[16:25:00] [Client thread/INFO] [NotEnoughItems/NotEnoughItems]: Loaded gt.recipe.rollingmill
[16:25:00] [Client thread/INFO] [NotEnoughItems/NotEnoughItems]: Loaded gt.recipe.scannermolecular
[16:25:00] [Client thread/INFO] [NotEnoughItems/NotEnoughItems]: Loaded gt.recipe.scannervisuals
[16:25:00] [Client thread/INFO] [NotEnoughItems/NotEnoughItems]: Loaded gt.recipe.sharpener
[16:25:00] [Client thread/INFO] [NotEnoughItems/NotEnoughItems]: Loaded gt.recipe.shredder
[16:25:00] [Client thread/INFO] [NotEnoughItems/NotEnoughItems]: Loaded gt.recipe.sifter
[16:25:00] [Client thread/INFO] [NotEnoughItems/NotEnoughItems]: Loaded gt.recipe.slicer
[16:25:00] [Client thread/INFO] [NotEnoughItems/NotEnoughItems]: Loaded gt.recipe.sluice
[16:25:00] [Client thread/INFO] [NotEnoughItems/NotEnoughItems]: Loaded gt.recipe.smelter
[16:25:00] [Client thread/INFO] [NotEnoughItems/NotEnoughItems]: Loaded gt.recipe.squeezer
[16:25:00] [Client thread/INFO] [NotEnoughItems/NotEnoughItems]: Loaded gt.recipe.steamcracking
[16:25:00] [Client thread/INFO] [NotEnoughItems/NotEnoughItems]: Loaded gt.recipe.toolhead
[16:25:00] [Client thread/INFO] [NotEnoughItems/NotEnoughItems]: Loaded gt.recipe.unboxinator
[16:25:00] [Client thread/INFO] [NotEnoughItems/NotEnoughItems]: Loaded gt.recipe.welder
[16:25:00] [Client thread/INFO] [NotEnoughItems/NotEnoughItems]: Loaded gt.recipe.well
[16:25:00] [Client thread/INFO] [NotEnoughItems/NotEnoughItems]: Loaded gt.recipe.wiremill
[16:25:00] [Client thread/INFO] [NotEnoughItems/NotEnoughItems]: Loaded smelting
[16:25:00] [Client thread/INFO] [NotEnoughItems/NotEnoughItems]: Loaded gt.recipe.trees
[16:25:00] [Client thread/INFO] [NotEnoughItems/NotEnoughItems]: Sending NEIRegisterHandlerInfosEvent
[16:25:00] [Client thread/TRACE] [NotEnoughItems/NotEnoughItems]: Sent event FMLLoadCompleteEvent to mod NotEnoughItems
[16:25:00] [Client thread/DEBUG] [FML/]: Bar Step: LoadComplete - NotEnoughItems took 0,021s
[16:25:00] [Client thread/TRACE] [GT_ASM/GT_ASM]: Sending event FMLLoadCompleteEvent to mod GT_ASM
[16:25:00] [Client thread/TRACE] [GT_ASM/GT_ASM]: Sent event FMLLoadCompleteEvent to mod GT_ASM
[16:25:00] [Client thread/DEBUG] [FML/]: Bar Step: LoadComplete - Greg-ASM® took 0,000s
[16:25:00] [Client thread/TRACE] [IC2/IC2]: Sending event FMLLoadCompleteEvent to mod IC2
[16:25:00] [Client thread/INFO] [FML/IC2]: Item: Èñ÷åğïàííûé ÒÂİË Has not stacksize 0
[16:25:00] [Client thread/INFO] [FML/IC2]: Item: Èñ÷åğïàííûé ÒÂİË Has not stacksize 0
[16:25:00] [Client thread/INFO] [FML/IC2]: Item: Ñëèòîê î÷èùåííîãî æåëåçà Has not stacksize 0
[16:25:00] [Client thread/TRACE] [IC2/IC2]: Sent event FMLLoadCompleteEvent to mod IC2
[16:25:00] [Client thread/DEBUG] [FML/]: Bar Step: LoadComplete - Industrial Craft Classic took 0,000s
[16:25:00] [Client thread/TRACE] [IC2-Classic-Spmod/IC2-Classic-Spmod]: Sending event FMLLoadCompleteEvent to mod IC2-Classic-Spmod
[16:25:00] [Client thread/TRACE] [IC2-Classic-Spmod/IC2-Classic-Spmod]: Sent event FMLLoadCompleteEvent to mod IC2-Classic-Spmod
[16:25:00] [Client thread/DEBUG] [FML/]: Bar Step: LoadComplete - IC2 Classic Detection Helper took 0,000s
[16:25:00] [Client thread/TRACE] [NEIAddons/NEIAddons]: Sending event FMLLoadCompleteEvent to mod NEIAddons
[16:25:00] [Client thread/TRACE] [NEIAddons/NEIAddons]: Sent event FMLLoadCompleteEvent to mod NEIAddons
[16:25:00] [Client thread/DEBUG] [FML/]: Bar Step: LoadComplete - NEI Addons took 0,000s
[16:25:00] [Client thread/TRACE] [NEIAddons|Developer/NEIAddons|Developer]: Sending event FMLLoadCompleteEvent to mod NEIAddons|Developer
[16:25:00] [Client thread/TRACE] [NEIAddons|Developer/NEIAddons|Developer]: Sent event FMLLoadCompleteEvent to mod NEIAddons|Developer
[16:25:00] [Client thread/DEBUG] [FML/]: Bar Step: LoadComplete - NEI Addons: Developer Tools took 0,000s
[16:25:00] [Client thread/TRACE] [NEIAddons|AppEng/NEIAddons|AppEng]: Sending event FMLLoadCompleteEvent to mod NEIAddons|AppEng
[16:25:00] [Client thread/TRACE] [NEIAddons|AppEng/NEIAddons|AppEng]: Sent event FMLLoadCompleteEvent to mod NEIAddons|AppEng
[16:25:00] [Client thread/DEBUG] [FML/]: Bar Step: LoadComplete - NEI Addons: Applied Energistics 2 took 0,000s
[16:25:00] [Client thread/TRACE] [NEIAddons|Botany/NEIAddons|Botany]: Sending event FMLLoadCompleteEvent to mod NEIAddons|Botany
[16:25:00] [Client thread/TRACE] [NEIAddons|Botany/NEIAddons|Botany]: Sent event FMLLoadCompleteEvent to mod NEIAddons|Botany
[16:25:00] [Client thread/DEBUG] [FML/]: Bar Step: LoadComplete - NEI Addons: Botany took 0,000s
[16:25:00] [Client thread/TRACE] [NEIAddons|Forestry/NEIAddons|Forestry]: Sending event FMLLoadCompleteEvent to mod NEIAddons|Forestry
[16:25:00] [Client thread/TRACE] [NEIAddons|Forestry/NEIAddons|Forestry]: Sent event FMLLoadCompleteEvent to mod NEIAddons|Forestry
[16:25:00] [Client thread/DEBUG] [FML/]: Bar Step: LoadComplete - NEI Addons: Forestry took 0,000s
[16:25:00] [Client thread/TRACE] [NEIAddons|CraftingTables/NEIAddons|CraftingTables]: Sending event FMLLoadCompleteEvent to mod NEIAddons|CraftingTables
[16:25:00] [Client thread/TRACE] [NEIAddons|CraftingTables/NEIAddons|CraftingTables]: Sent event FMLLoadCompleteEvent to mod NEIAddons|CraftingTables
[16:25:00] [Client thread/DEBUG] [FML/]: Bar Step: LoadComplete - NEI Addons: Crafting Tables took 0,000s
[16:25:00] [Client thread/TRACE] [NEIAddons|ExNihilo/NEIAddons|ExNihilo]: Sending event FMLLoadCompleteEvent to mod NEIAddons|ExNihilo
[16:25:00] [Client thread/TRACE] [NEIAddons|ExNihilo/NEIAddons|ExNihilo]: Sent event FMLLoadCompleteEvent to mod NEIAddons|ExNihilo
[16:25:00] [Client thread/DEBUG] [FML/]: Bar Step: LoadComplete - NEI Addons: Ex Nihilo took 0,000s
[16:25:00] [Client thread/TRACE] [neiintegration/neiintegration]: Sending event FMLLoadCompleteEvent to mod neiintegration
[16:25:00] [Client thread/TRACE] [neiintegration/neiintegration]: Sent event FMLLoadCompleteEvent to mod neiintegration
[16:25:00] [Client thread/DEBUG] [FML/]: Bar Step: LoadComplete - NEI Integration took 0,000s
[16:25:00] [Client thread/TRACE] [HTGT6/HTGT6]: Sending event FMLLoadCompleteEvent to mod HTGT6
[16:25:00] [Client thread/TRACE] [HTGT6/HTGT6]: Sent event FMLLoadCompleteEvent to mod HTGT6
[16:25:00] [Client thread/DEBUG] [FML/]: Bar Step: LoadComplete - HTGT6 took 0,000s
[16:25:00] [Client thread/TRACE] [gregapi_post/gregapi_post]: Sending event FMLLoadCompleteEvent to mod gregapi_post
[16:25:00] [Client thread/TRACE] [gregapi_post/gregapi_post]: Sent event FMLLoadCompleteEvent to mod gregapi_post
[16:25:00] [Client thread/DEBUG] [FML/]: Bar Step: LoadComplete - Greg-API-Post took 0,000s
[16:25:00] [Client thread/TRACE] [gregtech/gregtech]: Sending event FMLLoadCompleteEvent to mod gregtech
[16:25:00] [Client thread/TRACE] [gregtech/gregtech]: Sent event FMLLoadCompleteEvent to mod gregtech
[16:25:00] [Client thread/DEBUG] [FML/]: Bar Step: LoadComplete - GregTech 6 Unofficial took 0,000s
[16:25:00] [Client thread/DEBUG] [FML/]: Bar Finished: LoadComplete took 0,034s
[16:25:00] [Client thread/DEBUG] [FML/]: Freezing block and item id maps
[16:25:00] [Client thread/DEBUG] [FML/]: Registry consistency check successful
[16:25:00] [Client thread/DEBUG] [FML/]: Registry consistency check successful
[16:25:00] [Client thread/INFO] [FML/]: Forge Mod Loader has successfully loaded 20 mods
[16:25:00] [Client thread/DEBUG] [FML/]: Bar Step: Loading Resources - Default took 0,000s
[16:25:00] [Client thread/DEBUG] [FML/]: Bar Step: Loading Resources - FMLFileResourcePack:Forge Mod Loader took 0,001s
[16:25:00] [Client thread/DEBUG] [FML/]: Bar Step: Loading Resources - FMLFileResourcePack:Minecraft Forge took 0,001s
[16:25:00] [Client thread/DEBUG] [FML/]: Bar Step: Loading Resources - FMLFileResourcePack:NotEnoughItems took 0,000s
[16:25:00] [Client thread/DEBUG] [FML/]: Bar Step: Loading Resources - FMLFileResourcePack:Greg-API took 0,011s
[16:25:00] [Client thread/DEBUG] [FML/]: Bar Step: Loading Resources - FMLFileResourcePack:Greg-API-Post took 0,011s
[16:25:00] [Client thread/DEBUG] [FML/]: Bar Step: Loading Resources - FMLFileResourcePack:GregTech 6 Unofficial took 0,011s
[16:25:00] [Client thread/DEBUG] [FML/]: Bar Step: Loading Resources - FMLFileResourcePack:HTGT6 took 0,000s
[16:25:00] [Client thread/DEBUG] [FML/]: Bar Step: Loading Resources - FMLFileResourcePack:Industrial Craft Classic took 0,000s
[16:25:00] [Client thread/DEBUG] [FML/]: Bar Step: Loading Resources - FMLFileResourcePack:IC2 Classic Detection Helper took 0,000s
[16:25:00] [Client thread/DEBUG] [FML/]: Bar Step: Loading Resources - FMLFileResourcePack:NEI Addons: Developer Tools took 0,000s
[16:25:00] [Client thread/DEBUG] [FML/]: Bar Step: Loading Resources - FMLFileResourcePack:NEI Addons: Applied Energistics 2 took 0,000s
[16:25:00] [Client thread/DEBUG] [FML/]: Bar Step: Loading Resources - FMLFileResourcePack:NEI Addons: Botany took 0,000s
[16:25:00] [Client thread/DEBUG] [FML/]: Bar Step: Loading Resources - FMLFileResourcePack:NEI Addons: Forestry took 0,000s
[16:25:00] [Client thread/DEBUG] [FML/]: Bar Step: Loading Resources - FMLFileResourcePack:NEI Addons: Crafting Tables took 0,000s
[16:25:00] [Client thread/DEBUG] [FML/]: Bar Step: Loading Resources - FMLFileResourcePack:NEI Addons took 0,000s
[16:25:00] [Client thread/DEBUG] [FML/]: Bar Step: Loading Resources - FMLFileResourcePack:NEI Addons: Ex Nihilo took 0,000s
[16:25:00] [Client thread/DEBUG] [FML/]: Bar Step: Loading Resources - FMLFileResourcePack:NEI Integration took 0,000s
[16:25:01] [Client thread/DEBUG] [FML/]: Bar Finished: Texture Loading took 1,508s
[16:25:09] [Client thread/DEBUG] [FML/]: Bar Finished: Mipmap generation took 7,588s
[16:25:13] [Client thread/DEBUG] [FML/]: Bar Finished: Texture stitching took 3,588s
[16:25:13] [Client thread/DEBUG] [FML/]: Bar Finished: Texture creation took 3,673s
[16:25:13] [Client thread/DEBUG] [FML/]: Bar Step: Reloading Texture Manager - minecraft:textures/atlas/blocks.png took 12,791s
[16:25:13] [Client thread/DEBUG] [FML/]: Bar Step: Reloading Texture Manager - minecraft:textures/font/ascii.png took 0,009s
[16:25:13] [Client thread/DEBUG] [FML/]: Bar Step: Reloading Texture Manager - minecraft:dynamic/lightMap_1 took 0,000s
[16:25:13] [Client thread/DEBUG] [FML/]: Bar Step: Reloading Texture Manager - minecraft:textures/font/ascii_sga.png took 0,001s
[16:25:14] [Client thread/DEBUG] [FML/]: Bar Finished: Texture Loading took 1,347s
[16:25:14] [Client thread/DEBUG] [FML/]: Bar Finished: Mipmap generation took 0,063s
[16:25:16] [Client thread/DEBUG] [FML/]: Bar Finished: Texture stitching took 1,830s
[16:25:16] [Client thread/DEBUG] [FML/]: Bar Finished: Texture creation took 1,893s
[16:25:16] [Client thread/DEBUG] [FML/]: Bar Step: Reloading Texture Manager - minecraft:textures/atlas/items.png took 3,309s
[16:25:16] [Client thread/DEBUG] [FML/]: Bar Finished: Reloading Texture Manager took 16,111s
[16:25:16] [Client thread/INFO] [STDOUT/]: [paulscode.sound.SoundSystemLogger:message:69]: 
[16:25:16] [Client thread/INFO] [STDOUT/]: [paulscode.sound.SoundSystemLogger:message:69]: SoundSystem shutting down...
[16:25:16] [Client thread/INFO] [STDOUT/]: [paulscode.sound.SoundSystemLogger:importantMessage:90]:     Author: Paul Lamb, www.paulscode.com
[16:25:16] [Client thread/INFO] [STDOUT/]: [paulscode.sound.SoundSystemLogger:message:69]: 
[16:25:16] [Sound Library Loader/INFO] [STDOUT/]: [paulscode.sound.SoundSystemLogger:message:69]: 
[16:25:16] [Sound Library Loader/INFO] [STDOUT/]: [paulscode.sound.SoundSystemLogger:message:69]: Starting up SoundSystem...
[16:25:16] [Thread-14/INFO] [STDOUT/]: [paulscode.sound.SoundSystemLogger:message:69]: Initializing LWJGL OpenAL
[16:25:16] [Thread-14/INFO] [STDOUT/]: [paulscode.sound.SoundSystemLogger:message:69]:     (The LWJGL binding of OpenAL.  For more information, see http://www.lwjgl.org)
[16:25:17] [Thread-14/INFO] [STDOUT/]: [paulscode.sound.SoundSystemLogger:message:69]: OpenAL initialized.
[16:25:17] [Client thread/DEBUG] [FML/]: Bar Finished: Reloading took 16,790s
[16:25:17] [Client thread/DEBUG] [FML/]: Bar Step: Loading Resources - Reloading listeners took 16,790s
[16:25:17] [Client thread/DEBUG] [FML/]: Bar Finished: Loading Resources took 16,828s
[16:25:17] [Client thread/DEBUG] [Forge Mod Loader/]: Mod Forge Mod Loader is missing a pack.mcmeta file, substituting a dummy one
[16:25:17] [Client thread/DEBUG] [Minecraft Forge/]: Mod Minecraft Forge is missing a pack.mcmeta file, substituting a dummy one
[16:25:17] [Client thread/DEBUG] [NotEnoughItems/]: Mod NotEnoughItems is missing a pack.mcmeta file, substituting a dummy one
[16:25:17] [Client thread/DEBUG] [HTGT6/]: Mod HTGT6 is missing a pack.mcmeta file, substituting a dummy one
[16:25:17] [Client thread/DEBUG] [Industrial Craft Classic/]: Mod Industrial Craft Classic is missing a pack.mcmeta file, substituting a dummy one
[16:25:17] [Client thread/DEBUG] [IC2 Classic Detection Helper/]: Mod IC2 Classic Detection Helper is missing a pack.mcmeta file, substituting a dummy one
[16:25:17] [Client thread/DEBUG] [NEI Addons: Developer Tools/]: Mod NEI Addons: Developer Tools is missing a pack.mcmeta file, substituting a dummy one
[16:25:17] [Client thread/DEBUG] [NEI Addons: Applied Energistics 2/]: Mod NEI Addons: Applied Energistics 2 is missing a pack.mcmeta file, substituting a dummy one
[16:25:17] [Client thread/DEBUG] [NEI Addons: Botany/]: Mod NEI Addons: Botany is missing a pack.mcmeta file, substituting a dummy one
[16:25:17] [Client thread/DEBUG] [NEI Addons: Forestry/]: Mod NEI Addons: Forestry is missing a pack.mcmeta file, substituting a dummy one
[16:25:17] [Client thread/DEBUG] [NEI Addons: Crafting Tables/]: Mod NEI Addons: Crafting Tables is missing a pack.mcmeta file, substituting a dummy one
[16:25:17] [Client thread/DEBUG] [NEI Addons/]: Mod NEI Addons is missing a pack.mcmeta file, substituting a dummy one
[16:25:17] [Client thread/DEBUG] [NEI Addons: Ex Nihilo/]: Mod NEI Addons: Ex Nihilo is missing a pack.mcmeta file, substituting a dummy one
[16:25:17] [Client thread/DEBUG] [FML/]: Bar Finished: Loading took 37,120s
[16:25:17] [Client thread/ERROR] [TEXTURE ERRORS/]: +=+=+=+=+=+=+=+=+=+=+=+=+=+=+=+=+=+=+=+=+=+=+=+=+=
[16:25:17] [Client thread/ERROR] [TEXTURE ERRORS/]: The following texture errors were found.
[16:25:17] [Client thread/ERROR] [TEXTURE ERRORS/]: ==================================================
[16:25:17] [Client thread/ERROR] [TEXTURE ERRORS/]:   DOMAIN minecraft
[16:25:17] [Client thread/ERROR] [TEXTURE ERRORS/]: --------------------------------------------------
[16:25:17] [Client thread/ERROR] [TEXTURE ERRORS/]:   domain minecraft is missing 1 texture
[16:25:17] [Client thread/ERROR] [TEXTURE ERRORS/]:     domain minecraft has 3 locations:
[16:25:17] [Client thread/ERROR] [TEXTURE ERRORS/]:       unknown resourcepack type net.minecraft.client.resources.DefaultResourcePack : Default
[16:25:17] [Client thread/ERROR] [TEXTURE ERRORS/]:       mod FML resources at C:\Users\brawl\.gradle\caches\minecraft\net\minecraftforge\forge\1.7.10-10.13.4.1614-1.7.10\forgeSrc-1.7.10-10.13.4.1614-1.7.10.jar
[16:25:17] [Client thread/ERROR] [TEXTURE ERRORS/]:       mod Forge resources at C:\Users\brawl\.gradle\caches\minecraft\net\minecraftforge\forge\1.7.10-10.13.4.1614-1.7.10\forgeSrc-1.7.10-10.13.4.1614-1.7.10.jar
[16:25:17] [Client thread/ERROR] [TEXTURE ERRORS/]: -------------------------
[16:25:17] [Client thread/ERROR] [TEXTURE ERRORS/]:     The missing resources for domain minecraft are:
[16:25:17] [Client thread/ERROR] [TEXTURE ERRORS/]:       textures/items/MISSING_ICON_ITEM_4530_WoodPlate.png
[16:25:17] [Client thread/ERROR] [TEXTURE ERRORS/]: -------------------------
[16:25:17] [Client thread/ERROR] [TEXTURE ERRORS/]:     No other errors exist for domain minecraft
[16:25:17] [Client thread/ERROR] [TEXTURE ERRORS/]: ==================================================
[16:25:17] [Client thread/ERROR] [TEXTURE ERRORS/]: ==================================================
[16:25:17] [Client thread/ERROR] [TEXTURE ERRORS/]:   DOMAIN htgt6
[16:25:17] [Client thread/ERROR] [TEXTURE ERRORS/]: --------------------------------------------------
[16:25:17] [Client thread/ERROR] [TEXTURE ERRORS/]:   domain htgt6 is missing 14 textures
[16:25:17] [Client thread/ERROR] [TEXTURE ERRORS/]:     domain htgt6 has 1 location:
[16:25:17] [Client thread/ERROR] [TEXTURE ERRORS/]:       mod HTGT6 resources at C:\Users\brawl\Desktop\mods\HTGT-6\build\libs\HiTech6_V_1.0.4_Build_.jar
[16:25:17] [Client thread/ERROR] [TEXTURE ERRORS/]: -------------------------
[16:25:17] [Client thread/ERROR] [TEXTURE ERRORS/]:     The missing resources for domain htgt6 are:
[16:25:17] [Client thread/ERROR] [TEXTURE ERRORS/]:       textures/items/itemQuantumPartLeggins.png
[16:25:17] [Client thread/ERROR] [TEXTURE ERRORS/]:       textures/items/itemChipEnergycrystall.png
[16:25:17] [Client thread/ERROR] [TEXTURE ERRORS/]:       textures/items/itemQuantumPartHelmet.png
[16:25:17] [Client thread/ERROR] [TEXTURE ERRORS/]:       textures/items/itemChipDiamond.png
[16:25:17] [Client thread/ERROR] [TEXTURE ERRORS/]:       textures/items/itemChipLapatron.png
[16:25:17] [Client thread/ERROR] [TEXTURE ERRORS/]:       textures/items/NovaCrystalDust.png
[16:25:17] [Client thread/ERROR] [TEXTURE ERRORS/]:       textures/items/itemQuantumPartChestplate.png
[16:25:17] [Client thread/ERROR] [TEXTURE ERRORS/]:       textures/items/itemChipGold.png
[16:25:17] [Client thread/ERROR] [TEXTURE ERRORS/]:       textures/items/itemQuantumPartBoots.png
[16:25:17] [Client thread/ERROR] [TEXTURE ERRORS/]:       textures/items/itemRawLapatron.png
[16:25:17] [Client thread/ERROR] [TEXTURE ERRORS/]:       textures/items/itemDustLapatron.png
[16:25:17] [Client thread/ERROR] [TEXTURE ERRORS/]:       textures/items/itemChipEmerald.png
[16:25:17] [Client thread/ERROR] [TEXTURE ERRORS/]:       textures/items/RocketSchema1.png
[16:25:17] [Client thread/ERROR] [TEXTURE ERRORS/]:       textures/items/NovaCrystalAlloyIngot.png
[16:25:17] [Client thread/ERROR] [TEXTURE ERRORS/]: -------------------------
[16:25:17] [Client thread/ERROR] [TEXTURE ERRORS/]:     No other errors exist for domain htgt6
[16:25:17] [Client thread/ERROR] [TEXTURE ERRORS/]: ==================================================
[16:25:17] [Client thread/ERROR] [TEXTURE ERRORS/]: ==================================================
[16:25:17] [Client thread/ERROR] [TEXTURE ERRORS/]:   DOMAIN gregapi
[16:25:17] [Client thread/ERROR] [TEXTURE ERRORS/]: --------------------------------------------------
[16:25:17] [Client thread/ERROR] [TEXTURE ERRORS/]:   domain gregapi is missing 1 texture
[16:25:17] [Client thread/ERROR] [TEXTURE ERRORS/]:     domain gregapi has 3 locations:
[16:25:17] [Client thread/ERROR] [TEXTURE ERRORS/]:       mod gregapi resources at C:\Users\brawl\Desktop\mods\HTGT-6\libs\GregTech6-Unofficial-dev.jar
[16:25:17] [Client thread/ERROR] [TEXTURE ERRORS/]:       mod gregapi_post resources at C:\Users\brawl\Desktop\mods\HTGT-6\libs\GregTech6-Unofficial-dev.jar
[16:25:17] [Client thread/ERROR] [TEXTURE ERRORS/]:       mod gregtech resources at C:\Users\brawl\Desktop\mods\HTGT-6\libs\GregTech6-Unofficial-dev.jar
[16:25:17] [Client thread/ERROR] [TEXTURE ERRORS/]: -------------------------
[16:25:17] [Client thread/ERROR] [TEXTURE ERRORS/]:     The missing resources for domain gregapi are:
[16:25:17] [Client thread/ERROR] [TEXTURE ERRORS/]:       textures/blocks/overlays/characters/lp.png
[16:25:17] [Client thread/ERROR] [TEXTURE ERRORS/]: -------------------------
[16:25:17] [Client thread/ERROR] [TEXTURE ERRORS/]:     No other errors exist for domain gregapi
[16:25:17] [Client thread/ERROR] [TEXTURE ERRORS/]: ==================================================
[16:25:17] [Client thread/ERROR] [TEXTURE ERRORS/]: +=+=+=+=+=+=+=+=+=+=+=+=+=+=+=+=+=+=+=+=+=+=+=+=+=
[16:25:17] [Sound Library Loader/INFO] [STDOUT/]: [paulscode.sound.SoundSystemLogger:message:69]: 
[16:25:20] [Server thread/TRACE] [gregapi/gregapi]: Sending event FMLServerAboutToStartEvent to mod gregapi
[16:25:20] [Server thread/TRACE] [gregapi/gregapi]: Sent event FMLServerAboutToStartEvent to mod gregapi
[16:25:20] [Server thread/DEBUG] [FML/]: Bar Step: ServerAboutToStart - Greg-API took 0,000s
[16:25:20] [Server thread/TRACE] [mcp/mcp]: Sending event FMLServerAboutToStartEvent to mod mcp
[16:25:20] [Server thread/TRACE] [mcp/mcp]: Sent event FMLServerAboutToStartEvent to mod mcp
[16:25:20] [Server thread/DEBUG] [FML/]: Bar Step: ServerAboutToStart - Minecraft Coder Pack took 0,000s
[16:25:20] [Server thread/TRACE] [FML/FML]: Sending event FMLServerAboutToStartEvent to mod FML
[16:25:20] [Server thread/TRACE] [FML/FML]: Sent event FMLServerAboutToStartEvent to mod FML
[16:25:20] [Server thread/DEBUG] [FML/]: Bar Step: ServerAboutToStart - Forge Mod Loader took 0,000s
[16:25:20] [Server thread/TRACE] [Forge/Forge]: Sending event FMLServerAboutToStartEvent to mod Forge
[16:25:20] [Server thread/TRACE] [Forge/Forge]: Sent event FMLServerAboutToStartEvent to mod Forge
[16:25:20] [Server thread/DEBUG] [FML/]: Bar Step: ServerAboutToStart - Minecraft Forge took 0,000s
[16:25:20] [Server thread/TRACE] [CodeChickenCore/CodeChickenCore]: Sending event FMLServerAboutToStartEvent to mod CodeChickenCore
[16:25:20] [Server thread/TRACE] [CodeChickenCore/CodeChickenCore]: Sent event FMLServerAboutToStartEvent to mod CodeChickenCore
[16:25:20] [Server thread/DEBUG] [FML/]: Bar Step: ServerAboutToStart - CodeChicken Core took 0,000s
[16:25:20] [Server thread/TRACE] [NotEnoughItems/NotEnoughItems]: Sending event FMLServerAboutToStartEvent to mod NotEnoughItems
[16:25:20] [Server thread/TRACE] [NotEnoughItems/NotEnoughItems]: Sent event FMLServerAboutToStartEvent to mod NotEnoughItems
[16:25:20] [Server thread/DEBUG] [FML/]: Bar Step: ServerAboutToStart - NotEnoughItems took 0,000s
[16:25:20] [Server thread/TRACE] [GT_ASM/GT_ASM]: Sending event FMLServerAboutToStartEvent to mod GT_ASM
[16:25:20] [Server thread/TRACE] [GT_ASM/GT_ASM]: Sent event FMLServerAboutToStartEvent to mod GT_ASM
[16:25:20] [Server thread/DEBUG] [FML/]: Bar Step: ServerAboutToStart - Greg-ASM® took 0,000s
[16:25:20] [Server thread/TRACE] [IC2/IC2]: Sending event FMLServerAboutToStartEvent to mod IC2
[16:25:20] [Server thread/TRACE] [IC2/IC2]: Sent event FMLServerAboutToStartEvent to mod IC2
[16:25:20] [Server thread/DEBUG] [FML/]: Bar Step: ServerAboutToStart - Industrial Craft Classic took 0,000s
[16:25:20] [Server thread/TRACE] [IC2-Classic-Spmod/IC2-Classic-Spmod]: Sending event FMLServerAboutToStartEvent to mod IC2-Classic-Spmod
[16:25:20] [Server thread/TRACE] [IC2-Classic-Spmod/IC2-Classic-Spmod]: Sent event FMLServerAboutToStartEvent to mod IC2-Classic-Spmod
[16:25:20] [Server thread/DEBUG] [FML/]: Bar Step: ServerAboutToStart - IC2 Classic Detection Helper took 0,000s
[16:25:20] [Server thread/TRACE] [NEIAddons/NEIAddons]: Sending event FMLServerAboutToStartEvent to mod NEIAddons
[16:25:20] [Server thread/TRACE] [NEIAddons/NEIAddons]: Sent event FMLServerAboutToStartEvent to mod NEIAddons
[16:25:20] [Server thread/DEBUG] [FML/]: Bar Step: ServerAboutToStart - NEI Addons took 0,000s
[16:25:20] [Server thread/TRACE] [NEIAddons|Developer/NEIAddons|Developer]: Sending event FMLServerAboutToStartEvent to mod NEIAddons|Developer
[16:25:20] [Server thread/TRACE] [NEIAddons|Developer/NEIAddons|Developer]: Sent event FMLServerAboutToStartEvent to mod NEIAddons|Developer
[16:25:20] [Server thread/DEBUG] [FML/]: Bar Step: ServerAboutToStart - NEI Addons: Developer Tools took 0,000s
[16:25:20] [Server thread/TRACE] [NEIAddons|AppEng/NEIAddons|AppEng]: Sending event FMLServerAboutToStartEvent to mod NEIAddons|AppEng
[16:25:20] [Server thread/TRACE] [NEIAddons|AppEng/NEIAddons|AppEng]: Sent event FMLServerAboutToStartEvent to mod NEIAddons|AppEng
[16:25:20] [Server thread/DEBUG] [FML/]: Bar Step: ServerAboutToStart - NEI Addons: Applied Energistics 2 took 0,000s
[16:25:20] [Server thread/TRACE] [NEIAddons|Botany/NEIAddons|Botany]: Sending event FMLServerAboutToStartEvent to mod NEIAddons|Botany
[16:25:20] [Server thread/TRACE] [NEIAddons|Botany/NEIAddons|Botany]: Sent event FMLServerAboutToStartEvent to mod NEIAddons|Botany
[16:25:20] [Server thread/DEBUG] [FML/]: Bar Step: ServerAboutToStart - NEI Addons: Botany took 0,000s
[16:25:20] [Server thread/TRACE] [NEIAddons|Forestry/NEIAddons|Forestry]: Sending event FMLServerAboutToStartEvent to mod NEIAddons|Forestry
[16:25:20] [Server thread/TRACE] [NEIAddons|Forestry/NEIAddons|Forestry]: Sent event FMLServerAboutToStartEvent to mod NEIAddons|Forestry
[16:25:20] [Server thread/DEBUG] [FML/]: Bar Step: ServerAboutToStart - NEI Addons: Forestry took 0,000s
[16:25:20] [Server thread/TRACE] [NEIAddons|CraftingTables/NEIAddons|CraftingTables]: Sending event FMLServerAboutToStartEvent to mod NEIAddons|CraftingTables
[16:25:20] [Server thread/TRACE] [NEIAddons|CraftingTables/NEIAddons|CraftingTables]: Sent event FMLServerAboutToStartEvent to mod NEIAddons|CraftingTables
[16:25:20] [Server thread/DEBUG] [FML/]: Bar Step: ServerAboutToStart - NEI Addons: Crafting Tables took 0,000s
[16:25:20] [Server thread/TRACE] [NEIAddons|ExNihilo/NEIAddons|ExNihilo]: Sending event FMLServerAboutToStartEvent to mod NEIAddons|ExNihilo
[16:25:20] [Server thread/TRACE] [NEIAddons|ExNihilo/NEIAddons|ExNihilo]: Sent event FMLServerAboutToStartEvent to mod NEIAddons|ExNihilo
[16:25:20] [Server thread/DEBUG] [FML/]: Bar Step: ServerAboutToStart - NEI Addons: Ex Nihilo took 0,000s
[16:25:20] [Server thread/TRACE] [neiintegration/neiintegration]: Sending event FMLServerAboutToStartEvent to mod neiintegration
[16:25:20] [Server thread/TRACE] [neiintegration/neiintegration]: Sent event FMLServerAboutToStartEvent to mod neiintegration
[16:25:20] [Server thread/DEBUG] [FML/]: Bar Step: ServerAboutToStart - NEI Integration took 0,000s
[16:25:20] [Server thread/TRACE] [HTGT6/HTGT6]: Sending event FMLServerAboutToStartEvent to mod HTGT6
[16:25:20] [Server thread/TRACE] [HTGT6/HTGT6]: Sent event FMLServerAboutToStartEvent to mod HTGT6
[16:25:20] [Server thread/DEBUG] [FML/]: Bar Step: ServerAboutToStart - HTGT6 took 0,000s
[16:25:20] [Server thread/TRACE] [gregapi_post/gregapi_post]: Sending event FMLServerAboutToStartEvent to mod gregapi_post
[16:25:20] [Server thread/TRACE] [gregapi_post/gregapi_post]: Sent event FMLServerAboutToStartEvent to mod gregapi_post
[16:25:20] [Server thread/DEBUG] [FML/]: Bar Step: ServerAboutToStart - Greg-API-Post took 0,000s
[16:25:20] [Server thread/TRACE] [gregtech/gregtech]: Sending event FMLServerAboutToStartEvent to mod gregtech
[16:25:20] [Server thread/TRACE] [gregtech/gregtech]: Sent event FMLServerAboutToStartEvent to mod gregtech
[16:25:20] [Server thread/DEBUG] [FML/]: Bar Step: ServerAboutToStart - GregTech 6 Unofficial took 0,000s
[16:25:20] [Server thread/DEBUG] [FML/]: Bar Finished: ServerAboutToStart took 0,005s
[16:25:20] [Server thread/INFO] [FML/]: Injecting existing block and item data into this server instance
[16:25:20] [Server thread/DEBUG] [FML/]: Registry consistency check successful
[16:25:20] [Server thread/DEBUG] [FML/]: Fixed block id mismatch HTGT6:HullIV: 1027 (init) -> 185 (map).
[16:25:20] [Server thread/DEBUG] [FML/]: Fixed block id mismatch gregtech:gt.meta.ore.small.blackgranite: 240 (init) -> 411 (map).
[16:25:20] [Server thread/DEBUG] [FML/]: Fixed block id mismatch IC2:nuke: 192 (init) -> 212 (map).
[16:25:20] [Server thread/DEBUG] [FML/]: Fixed block id mismatch HTGT6:HullLV: 1014 (init) -> 166 (map).
[16:25:20] [Server thread/DEBUG] [FML/]: Fixed block id mismatch gregtech:gt.meta.machine.quadruple: 217 (init) -> 747 (map).
[16:25:20] [Server thread/DEBUG] [FML/]: Fixed block id mismatch HTGT6:PCcube: 1018 (init) -> 176 (map).
[16:25:20] [Server thread/DEBUG] [FML/]: Fixed block id mismatch gregtech:gt.meta.ore.broken.limestone: 438 (init) -> 486 (map).
[16:25:20] [Server thread/DEBUG] [FML/]: Fixed block id mismatch HTGT6:HullEV: 1026 (init) -> 184 (map).
[16:25:20] [Server thread/DEBUG] [FML/]: Fixed block id mismatch gregtech:gt.stone.basalt: 251 (init) -> 504 (map).
[16:25:20] [Server thread/DEBUG] [FML/]: Fixed block id mismatch IC2:blockPersonal: 199 (init) -> 219 (map).
[16:25:20] [Server thread/DEBUG] [FML/]: Fixed block id mismatch HTGT6:HullMAX: 1032 (init) -> 190 (map).
[16:25:20] [Server thread/DEBUG] [FML/]: Fixed block id mismatch gregtech:gt.block.concrete.slab.0: 562 (init) -> 566 (map).
[16:25:20] [Server thread/DEBUG] [FML/]: Fixed block id mismatch gregtech:gt.block.concrete.slab.2: 564 (init) -> 569 (map).
[16:25:20] [Server thread/DEBUG] [FML/]: Fixed block id mismatch gregtech:gt.block.concrete.slab.1: 563 (init) -> 565 (map).
[16:25:20] [Server thread/DEBUG] [FML/]: Fixed block id mismatch gregtech:gt.block.concrete.slab.4: 566 (init) -> 571 (map).
[16:25:20] [Server thread/DEBUG] [FML/]: Fixed block id mismatch gregtech:gt.block.concrete.slab.3: 565 (init) -> 567 (map).
[16:25:20] [Server thread/DEBUG] [FML/]: Fixed block id mismatch gregtech:gt.block.concrete.slab.5: 567 (init) -> 570 (map).
[16:25:20] [Server thread/DEBUG] [FML/]: Fixed block id mismatch gregtech:gt.meta.ore.small.netherrack: 715 (init) -> 770 (map).
[16:25:20] [Server thread/DEBUG] [FML/]: Fixed block id mismatch gregtech:gt.stone.prismarine.dark: 530 (init) -> 729 (map).
[16:25:20] [Server thread/DEBUG] [FML/]: Fixed block id mismatch gregtech:gt.meta.ore.normal.marble: 427 (init) -> 573 (map).
[16:25:20] [Server thread/DEBUG] [FML/]: Fixed block id mismatch gregtech:gt.block.concrete.reinforced.slab.0: 569 (init) -> 761 (map).
[16:25:20] [Server thread/DEBUG] [FML/]: Fixed block id mismatch gregtech:gt.block.concrete.reinforced.slab.1: 570 (init) -> 738 (map).
[16:25:20] [Server thread/DEBUG] [FML/]: Fixed block id mismatch gregtech:gt.block.concrete.reinforced.slab.2: 571 (init) -> 741 (map).
[16:25:20] [Server thread/DEBUG] [FML/]: Fixed block id mismatch gregtech:gt.block.concrete.reinforced.slab.3: 572 (init) -> 744 (map).
[16:25:20] [Server thread/DEBUG] [FML/]: Fixed block id mismatch gregtech:gt.block.concrete.reinforced.slab.4: 573 (init) -> 750 (map).
[16:25:20] [Server thread/DEBUG] [FML/]: Fixed block id mismatch gregtech:gt.block.concrete.reinforced.slab.5: 574 (init) -> 610 (map).
[16:25:20] [Server thread/DEBUG] [FML/]: Fixed block id mismatch gregtech:gt.stone.granite.black: 231 (init) -> 239 (map).
[16:25:20] [Server thread/DEBUG] [FML/]: Fixed block id mismatch HTGT6:HullLUV: 1028 (init) -> 186 (map).
[16:25:20] [Server thread/DEBUG] [FML/]: Fixed block id mismatch gregtech:gt.meta.ore.small.chisel.granite: 910 (init) -> 1016 (map).
[16:25:20] [Server thread/DEBUG] [FML/]: Fixed block id mismatch gregtech:gt.meta.storage.plate: 212 (init) -> 764 (map).
[16:25:20] [Server thread/DEBUG] [FML/]: Fixed block id mismatch HTGT6:HullUV: 1030 (init) -> 188 (map).
[16:25:20] [Server thread/DEBUG] [FML/]: Fixed block id mismatch gregtech:gt.meta.ore.small.andesite: 469 (init) -> 574 (map).
[16:25:20] [Server thread/DEBUG] [FML/]: Fixed block id mismatch IC2:reinforcedGlass: 185 (init) -> 205 (map).
[16:25:20] [Server thread/DEBUG] [FML/]: Fixed block id mismatch gregtech:gt.meta.crate.ingot: 222 (init) -> 249 (map).
[16:25:20] [Server thread/DEBUG] [FML/]: Fixed block id mismatch IC2:uraniumOre: 201 (init) -> 221 (map).
[16:25:20] [Server thread/DEBUG] [FML/]: Fixed block id mismatch HTGT6:AcidicOsmium: 1021 (init) -> 179 (map).
[16:25:20] [Server thread/DEBUG] [FML/]: Fixed block id mismatch HTGT6:KalliumSuplhate: 1025 (init) -> 183 (map).
[16:25:20] [Server thread/DEBUG] [FML/]: Fixed block id mismatch gregtech:gt.stone.granite.red.slab.0: 242 (init) -> 481 (map).
[16:25:20] [Server thread/DEBUG] [FML/]: Fixed block id mismatch gregtech:gt.stone.granite.red.slab.1: 243 (init) -> 479 (map).
[16:25:20] [Server thread/DEBUG] [FML/]: Fixed block id mismatch gregtech:gt.stone.granite.red.slab.2: 244 (init) -> 483 (map).
[16:25:20] [Server thread/DEBUG] [FML/]: Fixed block id mismatch gregtech:gt.stone.granite.red.slab.3: 245 (init) -> 482 (map).
[16:25:20] [Server thread/DEBUG] [FML/]: Fixed block id mismatch gregtech:gt.stone.granite.red.slab.4: 246 (init) -> 485 (map).
[16:25:20] [Server thread/DEBUG] [FML/]: Fixed block id mismatch gregtech:gt.stone.granite.red.slab.5: 247 (init) -> 484 (map).
[16:25:20] [Server thread/DEBUG] [FML/]: Fixed block id mismatch gregtech:gt.meta.crate.plate: 223 (init) -> 233 (map).
[16:25:20] [Server thread/DEBUG] [FML/]: Fixed block id mismatch gregtech:gt.meta.ore.broken.min.schist: 975 (init) -> 1030 (map).
[16:25:20] [Server thread/DEBUG] [FML/]: Fixed block id mismatch gregtech:gt.meta.ore.broken.greenschist: 488 (init) -> 502 (map).
[16:25:20] [Server thread/DEBUG] [FML/]: Fixed block id mismatch gregtech:gt.stone.kimberlite.slab.4: 505 (init) -> 511 (map).
[16:25:20] [Server thread/DEBUG] [FML/]: Fixed block id mismatch gregtech:gt.stone.kimberlite.slab.5: 506 (init) -> 512 (map).
[16:25:20] [Server thread/DEBUG] [FML/]: Fixed block id mismatch gregtech:gt.stone.kimberlite.slab.0: 501 (init) -> 530 (map).
[16:25:20] [Server thread/DEBUG] [FML/]: Fixed block id mismatch gregtech:gt.stone.kimberlite.slab.1: 502 (init) -> 562 (map).
[16:25:20] [Server thread/DEBUG] [FML/]: Fixed block id mismatch gregtech:gt.stone.kimberlite.slab.2: 503 (init) -> 564 (map).
[16:25:20] [Server thread/DEBUG] [FML/]: Fixed block id mismatch gregtech:gt.stone.kimberlite.slab.3: 504 (init) -> 506 (map).
[16:25:20] [Server thread/DEBUG] [FML/]: Fixed block id mismatch gregtech:gt.meta.ore.small.marble: 429 (init) -> 469 (map).
[16:25:20] [Server thread/DEBUG] [FML/]: Fixed block id mismatch gregtech:gt.meta.crate.plateGem: 224 (init) -> 231 (map).
[16:25:20] [Server thread/DEBUG] [FML/]: Fixed block id mismatch HTGT6:assembler: 1012 (init) -> 228 (map).
[16:25:20] [Server thread/DEBUG] [FML/]: Fixed block id mismatch IC2:constructionFoamWallTextured: 207 (init) -> 227 (map).
[16:25:20] [Server thread/DEBUG] [FML/]: Fixed block id mismatch gregtech:gt.meta.storage.dust: 210 (init) -> 427 (map).
[16:25:20] [Server thread/DEBUG] [FML/]: Fixed block id mismatch gregtech:gt.meta.crate.64.ingot: 228 (init) -> 236 (map).
[16:25:20] [Server thread/DEBUG] [FML/]: Fixed block id mismatch HTGT6:ULVhull: 1013 (init) -> 165 (map).
[16:25:20] [Server thread/DEBUG] [FML/]: Fixed block id mismatch gregtech:gt.meta.ore.normal.blackgranite: 238 (init) -> 438 (map).
[16:25:20] [Server thread/DEBUG] [FML/]: Fixed block id mismatch gregtech:gt.meta.storage.plateGem: 213 (init) -> 414 (map).
[16:25:20] [Server thread/DEBUG] [FML/]: Fixed block id mismatch IC2:scaffold: 169 (init) -> 195 (map).
[16:25:20] [Server thread/DEBUG] [FML/]: Fixed block id mismatch HTGT6:HullPUV: 1031 (init) -> 189 (map).
[16:25:20] [Server thread/DEBUG] [FML/]: Fixed block id mismatch gregtech:gt.stone.granite.black.slab.5: 237 (init) -> 244 (map).
[16:25:20] [Server thread/DEBUG] [FML/]: Fixed block id mismatch gregtech:gt.stone.granite.black.slab.1: 233 (init) -> 246 (map).
[16:25:20] [Server thread/DEBUG] [FML/]: Fixed block id mismatch gregtech:gt.stone.granite.black.slab.2: 234 (init) -> 241 (map).
[16:25:20] [Server thread/DEBUG] [FML/]: Fixed block id mismatch gregtech:gt.stone.granite.black.slab.3: 235 (init) -> 242 (map).
[16:25:20] [Server thread/DEBUG] [FML/]: Fixed block id mismatch gregtech:gt.stone.granite.black.slab.4: 236 (init) -> 243 (map).
[16:25:20] [Server thread/DEBUG] [FML/]: Fixed block id mismatch gregtech:gt.stone.granite.black.slab.0: 232 (init) -> 245 (map).
[16:25:20] [Server thread/DEBUG] [FML/]: Fixed block id mismatch IC2:reinforcedDoorBlock: 184 (init) -> 204 (map).
[16:25:20] [Server thread/DEBUG] [FML/]: Fixed block id mismatch gregtech:gt.meta.crate.dust: 221 (init) -> 234 (map).
[16:25:20] [Server thread/DEBUG] [FML/]: Fixed block id mismatch IC2:blockElectric: 182 (init) -> 202 (map).
[16:25:20] [Server thread/DEBUG] [FML/]: Fixed block id mismatch IC2:blockGenerator: 200 (init) -> 220 (map).
[16:25:20] [Server thread/DEBUG] [FML/]: Fixed block id mismatch gregtech:gt.meta.crate.gem: 220 (init) -> 428 (map).
[16:25:20] [Server thread/DEBUG] [FML/]: Fixed block id mismatch IC2:rubberSapling: 195 (init) -> 215 (map).
[16:25:20] [Server thread/DEBUG] [FML/]: Fixed block id mismatch gregtech:gt.stone.quartzite.slab.0: 511 (init) -> 640 (map).
[16:25:20] [Server thread/DEBUG] [FML/]: Fixed block id mismatch IC2:blockBarrel: 166 (init) -> 192 (map).
[16:25:20] [Server thread/DEBUG] [FML/]: Fixed block id mismatch gregtech:gt.stone.quartzite.slab.1: 512 (init) -> 630 (map).
[16:25:20] [Server thread/DEBUG] [FML/]: Fixed block id mismatch IC2:rubberWood: 197 (init) -> 217 (map).
[16:25:20] [Server thread/DEBUG] [FML/]: Fixed block id mismatch HTGT6:RutheniumSalt: 1022 (init) -> 180 (map).
[16:25:20] [Server thread/DEBUG] [FML/]: Fixed block id mismatch HTGT6:HelemaLiquid: 1019 (init) -> 177 (map).
[16:25:20] [Server thread/DEBUG] [FML/]: Fixed block id mismatch gregtech:gt.meta.machine: 215 (init) -> 251 (map).
[16:25:20] [Server thread/DEBUG] [FML/]: Fixed block id mismatch gregtech:gt.stone.granite.red: 241 (init) -> 776 (map).
[16:25:20] [Server thread/DEBUG] [FML/]: Fixed block id mismatch gregtech:gt.meta.crate.64.raw: 225 (init) -> 498 (map).
[16:25:20] [Server thread/DEBUG] [FML/]: Fixed block id mismatch IC2:industrialTNT: 193 (init) -> 213 (map).
[16:25:20] [Server thread/DEBUG] [FML/]: Fixed block id mismatch IC2:cableBlock: 183 (init) -> 203 (map).
[16:25:20] [Server thread/DEBUG] [FML/]: Fixed block id mismatch gregtech:gt.block.beam.a.fireproof: 630 (init) -> 732 (map).
[16:25:20] [Server thread/DEBUG] [FML/]: Fixed block id mismatch IC2:tinOre: 202 (init) -> 222 (map).
[16:25:20] [Server thread/DEBUG] [FML/]: Fixed block id mismatch gregtech:gt.meta.crate.64.dust: 227 (init) -> 232 (map).
[16:25:20] [Server thread/DEBUG] [FML/]: Fixed block id mismatch IC2:ironFence: 187 (init) -> 207 (map).
[16:25:20] [Server thread/DEBUG] [FML/]: Fixed block id mismatch IC2:ironScaffold: 165 (init) -> 191 (map).
[16:25:20] [Server thread/DEBUG] [FML/]: Fixed block id mismatch IC2:Converter: 205 (init) -> 225 (map).
[16:25:20] [Server thread/DEBUG] [FML/]: Fixed block id mismatch HTGT6:TriniumFluoirite: 1020 (init) -> 178 (map).
[16:25:20] [Server thread/DEBUG] [FML/]: Fixed block id mismatch IC2:blockMetal: 179 (init) -> 199 (map).
[16:25:20] [Server thread/DEBUG] [FML/]: Fixed block id mismatch gregtech:gt.meta.ore.broken.marble: 428 (init) -> 563 (map).
[16:25:20] [Server thread/DEBUG] [FML/]: Fixed block id mismatch IC2:constructionFoamWall: 176 (init) -> 196 (map).
[16:25:20] [Server thread/DEBUG] [FML/]: Fixed block id mismatch gregtech:gt.meta.ore.normal.bop.shale: 941 (init) -> 1019 (map).
[16:25:20] [Server thread/DEBUG] [FML/]: Fixed block id mismatch IC2:blockMachine: 204 (init) -> 224 (map).
[16:25:20] [Server thread/DEBUG] [FML/]: Fixed block id mismatch HTGT6:PalladiumSollution: 1023 (init) -> 181 (map).
[16:25:20] [Server thread/DEBUG] [FML/]: Fixed block id mismatch gregtech:gt.block.rail.booster.tungstensteel: 689 (init) -> 1027 (map).
[16:25:20] [Server thread/DEBUG] [FML/]: Fixed block id mismatch IC2:rubberLeaves: 196 (init) -> 216 (map).
[16:25:20] [Server thread/DEBUG] [FML/]: Fixed block id mismatch IC2:miningPipe: 180 (init) -> 200 (map).
[16:25:20] [Server thread/DEBUG] [FML/]: Fixed block id mismatch IC2:copperOre: 203 (init) -> 223 (map).
[16:25:20] [Server thread/DEBUG] [FML/]: Fixed block id mismatch gregtech:gt.meta.crate.64.plateGem: 230 (init) -> 572 (map).
[16:25:20] [Server thread/DEBUG] [FML/]: Fixed block id mismatch gregtech:gt.stone.greenschist.slab.3: 484 (init) -> 726 (map).
[16:25:20] [Server thread/DEBUG] [FML/]: Fixed block id mismatch gregtech:gt.stone.greenschist.slab.4: 485 (init) -> 689 (map).
[16:25:20] [Server thread/DEBUG] [FML/]: Fixed block id mismatch gregtech:gt.stone.greenschist.slab.5: 486 (init) -> 697 (map).
[16:25:20] [Server thread/DEBUG] [FML/]: Fixed block id mismatch gregtech:gt.stone.greenschist.slab.0: 481 (init) -> 715 (map).
[16:25:20] [Server thread/DEBUG] [FML/]: Fixed block id mismatch gregtech:gt.stone.greenschist.slab.1: 482 (init) -> 718 (map).
[16:25:20] [Server thread/DEBUG] [FML/]: Fixed block id mismatch gregtech:gt.stone.greenschist.slab.2: 483 (init) -> 723 (map).
[16:25:20] [Server thread/DEBUG] [FML/]: Fixed block id mismatch gregtech:gt.block.rail.detector.titanium: 697 (init) -> 779 (map).
[16:25:20] [Server thread/DEBUG] [FML/]: Fixed block id mismatch gregtech:gt.meta.ore.broken.redgranite: 249 (init) -> 1020 (map).
[16:25:20] [Server thread/DEBUG] [FML/]: Fixed block id mismatch gregtech:gt.meta.ore.broken.eb.stone.6: 741 (init) -> 782 (map).
[16:25:20] [Server thread/DEBUG] [FML/]: Fixed block id mismatch gregtech:gt.meta.ore.broken.eb.stone.5: 738 (init) -> 1012 (map).
[16:25:20] [Server thread/DEBUG] [FML/]: Fixed block id mismatch gregtech:gt.meta.ore.broken.eb.stone.4: 735 (init) -> 975 (map).
[16:25:20] [Server thread/DEBUG] [FML/]: Fixed block id mismatch gregtech:gt.meta.ore.broken.eb.stone.3: 732 (init) -> 1029 (map).
[16:25:20] [Server thread/DEBUG] [FML/]: Fixed block id mismatch IC2:ChargePad-Classic: 206 (init) -> 226 (map).
[16:25:20] [Server thread/DEBUG] [FML/]: Fixed block id mismatch gregtech:gt.meta.ore.broken.eb.stone.9: 750 (init) -> 1021 (map).
[16:25:20] [Server thread/DEBUG] [FML/]: Fixed block id mismatch gregtech:gt.meta.ore.broken.eb.stone.8: 747 (init) -> 1017 (map).
[16:25:20] [Server thread/DEBUG] [FML/]: Fixed block id mismatch gregtech:gt.meta.ore.broken.eb.stone.7: 744 (init) -> 910 (map).
[16:25:20] [Server thread/DEBUG] [FML/]: Fixed block id mismatch gregtech:gt.meta.ore.broken.eb.stone.2: 729 (init) -> 1028 (map).
[16:25:20] [Server thread/DEBUG] [FML/]: Fixed block id mismatch gregtech:gt.meta.ore.broken.eb.stone.1: 726 (init) -> 1032 (map).
[16:25:20] [Server thread/DEBUG] [FML/]: Fixed block id mismatch gregtech:gt.meta.ore.broken.eb.stone.0: 723 (init) -> 1031 (map).
[16:25:20] [Server thread/DEBUG] [FML/]: Fixed block id mismatch gregtech:gt.meta.storage.gem: 209 (init) -> 230 (map).
[16:25:20] [Server thread/DEBUG] [FML/]: Fixed block id mismatch gregtech:gt.meta.ore.broken.diorite: 458 (init) -> 467 (map).
[16:25:20] [Server thread/DEBUG] [FML/]: Fixed block id mismatch HTGT6:PlatinumSollution: 1024 (init) -> 182 (map).
[16:25:20] [Server thread/DEBUG] [FML/]: Fixed block id mismatch gregtech:gt.meta.ore.broken.blueschist: 498 (init) -> 1026 (map).
[16:25:20] [Server thread/DEBUG] [FML/]: Fixed block id mismatch gregtech:gt.block.bale.crop: 610 (init) -> 767 (map).
[16:25:20] [Server thread/DEBUG] [FML/]: Fixed block id mismatch IC2:constructionFoam: 177 (init) -> 197 (map).
[16:25:20] [Server thread/DEBUG] [FML/]: Fixed block id mismatch gregtech:gt.meta.storage.ingot: 211 (init) -> 238 (map).
[16:25:20] [Server thread/DEBUG] [FML/]: Fixed block id mismatch gregtech:gt.meta.storage.raw: 208 (init) -> 237 (map).
[16:25:20] [Server thread/DEBUG] [FML/]: Fixed block id mismatch gregtech:gt.meta.ore.small.komatiite: 479 (init) -> 735 (map).
[16:25:20] [Server thread/DEBUG] [FML/]: Fixed block id mismatch gregtech:gt.stone.marble: 414 (init) -> 503 (map).
[16:25:20] [Server thread/DEBUG] [FML/]: Fixed block id mismatch gregtech:gt.meta.machine.double: 216 (init) -> 235 (map).
[16:25:20] [Server thread/DEBUG] [FML/]: Fixed block id mismatch IC2:rubberTrampoline: 189 (init) -> 209 (map).
[16:25:20] [Server thread/DEBUG] [FML/]: Fixed block id mismatch IC2:resinBlock: 194 (init) -> 214 (map).
[16:25:20] [Server thread/DEBUG] [FML/]: Fixed block id mismatch IC2:crop: 167 (init) -> 193 (map).
[16:25:20] [Server thread/DEBUG] [FML/]: Fixed block id mismatch IC2:reinforcedStone: 186 (init) -> 206 (map).
[16:25:20] [Server thread/DEBUG] [FML/]: Fixed block id mismatch HTGT6:hullHV: 1016 (init) -> 168 (map).
[16:25:20] [Server thread/DEBUG] [FML/]: Fixed block id mismatch gregtech:gt.meta.ore.normal.andesite: 467 (init) -> 501 (map).
[16:25:20] [Server thread/DEBUG] [FML/]: Fixed block id mismatch gregtech:gt.meta.ore.broken.blackgranite: 239 (init) -> 429 (map).
[16:25:20] [Server thread/DEBUG] [FML/]: Fixed block id mismatch gregtech:gt.meta.ore.normal.basalt: 411 (init) -> 458 (map).
[16:25:20] [Server thread/DEBUG] [FML/]: Fixed block id mismatch IC2:blockMachine2: 178 (init) -> 198 (map).
[16:25:20] [Server thread/DEBUG] [FML/]: Fixed block id mismatch IC2:miningPipeTip: 198 (init) -> 218 (map).
[16:25:20] [Server thread/DEBUG] [FML/]: Fixed block id mismatch HTGT6:hullMV: 1015 (init) -> 167 (map).
[16:25:20] [Server thread/DEBUG] [FML/]: Fixed block id mismatch gregtech:gt.block.beam.3.fireproof: 640 (init) -> 941 (map).
[16:25:20] [Server thread/DEBUG] [FML/]: Fixed block id mismatch gregtech:gt.meta.crate.64.plate: 229 (init) -> 247 (map).
[16:25:20] [Server thread/DEBUG] [FML/]: Fixed block id mismatch HTGT6:HullZPM: 1029 (init) -> 187 (map).
[16:25:20] [Server thread/DEBUG] [FML/]: Fixed block id mismatch gregtech:gt.meta.ore.normal.ub.igneous.7: 782 (init) -> 1013 (map).
[16:25:20] [Server thread/DEBUG] [FML/]: Fixed block id mismatch gregtech:gt.meta.ore.normal.ub.igneous.6: 779 (init) -> 1014 (map).
[16:25:20] [Server thread/DEBUG] [FML/]: Fixed block id mismatch gregtech:gt.meta.ore.normal.ub.igneous.5: 776 (init) -> 1015 (map).
[16:25:20] [Server thread/DEBUG] [FML/]: Fixed block id mismatch gregtech:gt.meta.crate.raw: 219 (init) -> 488 (map).
[16:25:20] [Server thread/DEBUG] [FML/]: Fixed block id mismatch gregtech:gt.meta.ore.normal.ub.igneous.4: 773 (init) -> 1018 (map).
[16:25:20] [Server thread/DEBUG] [FML/]: Fixed block id mismatch gregtech:gt.meta.ore.normal.ub.igneous.3: 770 (init) -> 1022 (map).
[16:25:20] [Server thread/DEBUG] [FML/]: Fixed block id mismatch gregtech:gt.meta.ore.normal.ub.igneous.2: 767 (init) -> 1023 (map).
[16:25:20] [Server thread/DEBUG] [FML/]: Fixed block id mismatch gregtech:gt.meta.ore.normal.ub.igneous.1: 764 (init) -> 1024 (map).
[16:25:20] [Server thread/DEBUG] [FML/]: Fixed block id mismatch gregtech:gt.meta.ore.normal.ub.igneous.0: 761 (init) -> 1025 (map).
[16:25:20] [Server thread/DEBUG] [FML/]: Fixed block id mismatch IC2:dynamiteStick: 191 (init) -> 211 (map).
[16:25:20] [Server thread/DEBUG] [FML/]: Fixed block id mismatch HTGT6:BoronGlass1: 1017 (init) -> 169 (map).
[16:25:20] [Server thread/DEBUG] [FML/]: Fixed block id mismatch IC2:dynamiteStickWithRemote: 190 (init) -> 210 (map).
[16:25:20] [Server thread/DEBUG] [FML/]: Fixed block id mismatch IC2:LuminatorMultipartBlock: 181 (init) -> 201 (map).
[16:25:20] [Server thread/DEBUG] [FML/]: Fixed block id mismatch gregtech:gt.meta.crate.64.gem: 226 (init) -> 229 (map).
[16:25:20] [Server thread/DEBUG] [FML/]: Fixed block id mismatch IC2:reactorChamber: 188 (init) -> 208 (map).
[16:25:20] [Server thread/DEBUG] [FML/]: Fixed block id mismatch gregtech:gt.meta.storage.solid: 214 (init) -> 505 (map).
[16:25:20] [Server thread/DEBUG] [FML/]: Fixed block id mismatch gregtech:gt.meta.machine.dense: 218 (init) -> 240 (map).
[16:25:20] [Server thread/DEBUG] [FML/]: Fixed block id mismatch IC2:luminator: 168 (init) -> 194 (map).
[16:25:20] [Server thread/DEBUG] [FML/]: Fixed block id mismatch gregtech:gt.meta.ore.small.sand: 718 (init) -> 773 (map).
[16:25:20] [Server thread/DEBUG] [FML/]: Fixed item id mismatch gregtech:gt.meta.plateDouble: 4380 (init) -> 4484 (map).
[16:25:20] [Server thread/DEBUG] [FML/]: Fixed item id mismatch HTGT6:IVcoil: 4468 (init) -> 4110 (map).
[16:25:20] [Server thread/DEBUG] [FML/]: Fixed item id mismatch IC2:constructionFoam: 177 (init) -> 197 (map).
[16:25:20] [Server thread/DEBUG] [FML/]: Fixed item id mismatch IC2:item.itemIngotAlloy: 4264 (init) -> 4407 (map).
[16:25:20] [Server thread/DEBUG] [FML/]: Fixed item id mismatch HTGT6:BeeCoin: 4504 (init) -> 4146 (map).
[16:25:20] [Server thread/DEBUG] [FML/]: Fixed item id mismatch IC2:item.itemTFBPChilling: 4163 (init) -> 4306 (map).
[16:25:20] [Server thread/DEBUG] [FML/]: Fixed item id mismatch IC2:item.itemScannerAdv: 4238 (init) -> 4381 (map).
[16:25:20] [Server thread/DEBUG] [FML/]: Fixed item id mismatch IC2:item.itemArmorAlloyBoots: 4298 (init) -> 4441 (map).
[16:25:20] [Server thread/DEBUG] [FML/]: Fixed item id mismatch HTGT6:itemQuantumPartLeggins: 4568 (init) -> 4210 (map).
[16:25:20] [Server thread/DEBUG] [FML/]: Fixed item id mismatch HTGT6:itemWaferCPU: 4587 (init) -> 4229 (map).
[16:25:20] [Server thread/DEBUG] [FML/]: Fixed item id mismatch HTGT6:CelestialTitaniumGear: 4481 (init) -> 4123 (map).
[16:25:20] [Server thread/DEBUG] [FML/]: Fixed item id mismatch gregtech:gt.meta.gemFlawed: 4362 (init) -> 4515 (map).
[16:25:20] [Server thread/DEBUG] [FML/]: Fixed item id mismatch gregtech:gt.armor.hazmat.heat.legs: 4326 (init) -> 4482 (map).
[16:25:20] [Server thread/DEBUG] [FML/]: Fixed item id mismatch gregtech:gt.armor.hazmat.universal.chest: 4337 (init) -> 4509 (map).
[16:25:20] [Server thread/DEBUG] [FML/]: Fixed item id mismatch IC2:item.itemDustBronze: 4270 (init) -> 4413 (map).
[16:25:20] [Server thread/DEBUG] [FML/]: Fixed item id mismatch gregtech:gt.armor.hazmat.insect.chest: 4317 (init) -> 4583 (map).
[16:25:20] [Server thread/DEBUG] [FML/]: Fixed item id mismatch gregtech:gt.meta.machine: 215 (init) -> 251 (map).
[16:25:20] [Server thread/DEBUG] [FML/]: Fixed item id mismatch IC2:item.reactorPlating: 4224 (init) -> 4367 (map).
[16:25:20] [Server thread/DEBUG] [FML/]: Fixed item id mismatch IC2:Converter: 205 (init) -> 225 (map).
[16:25:20] [Server thread/DEBUG] [FML/]: Fixed item id mismatch gregtech:gt.meta.plateQuintuple: 4383 (init) -> 4470 (map).
[16:25:20] [Server thread/DEBUG] [FML/]: Fixed item id mismatch gregtech:gt.multiitem.books: 4346 (init) -> 4586 (map).
[16:25:20] [Server thread/DEBUG] [FML/]: Fixed item id mismatch HTGT6:itemInductiveCoil: 4536 (init) -> 4178 (map).
[16:25:20] [Server thread/DEBUG] [FML/]: Fixed item id mismatch IC2:constructionFoamWall: 176 (init) -> 196 (map).
[16:25:20] [Server thread/DEBUG] [FML/]: Fixed item id mismatch IC2:item.itemCoffeeBeans: 4134 (init) -> 4277 (map).
[16:25:20] [Server thread/DEBUG] [FML/]: Fixed item id mismatch HTGT6:BoronGlassDust1: 4557 (init) -> 4199 (map).
[16:25:20] [Server thread/DEBUG] [FML/]: Fixed item id mismatch IC2:item.itemNightvisionGoggles: 4099 (init) -> 4242 (map).
[16:25:20] [Server thread/DEBUG] [FML/]: Fixed item id mismatch HTGT6:itemWaferIC: 4589 (init) -> 4231 (map).
[16:25:20] [Server thread/DEBUG] [FML/]: Fixed item id mismatch IC2:item.fluid.steam: 4283 (init) -> 4426 (map).
[16:25:20] [Server thread/DEBUG] [FML/]: Fixed item id mismatch HTGT6:WizardyCoin: 4509 (init) -> 4151 (map).
[16:25:20] [Server thread/DEBUG] [FML/]: Fixed item id mismatch IC2:item.itemArmorHazmatHelmet: 4103 (init) -> 4246 (map).
[16:25:20] [Server thread/DEBUG] [FML/]: Fixed item id mismatch IC2:item.itemBarrel: 4129 (init) -> 4272 (map).
[16:25:20] [Server thread/DEBUG] [FML/]: Fixed item id mismatch HTGT6:PalladiumSollution: 1023 (init) -> 181 (map).
[16:25:20] [Server thread/DEBUG] [FML/]: Fixed item id mismatch gregtech:gt.meta.ore.normal.ub.igneous.7: 782 (init) -> 1013 (map).
[16:25:20] [Server thread/DEBUG] [FML/]: Fixed item id mismatch gregtech:gt.meta.ore.normal.ub.igneous.6: 779 (init) -> 1014 (map).
[16:25:20] [Server thread/DEBUG] [FML/]: Fixed item id mismatch gregtech:gt.meta.ore.normal.ub.igneous.5: 776 (init) -> 1015 (map).
[16:25:20] [Server thread/DEBUG] [FML/]: Fixed item id mismatch gregtech:gt.meta.ore.normal.ub.igneous.4: 773 (init) -> 1018 (map).
[16:25:20] [Server thread/DEBUG] [FML/]: Fixed item id mismatch gregtech:gt.meta.ore.normal.ub.igneous.3: 770 (init) -> 1022 (map).
[16:25:20] [Server thread/DEBUG] [FML/]: Fixed item id mismatch gregtech:gt.meta.ore.normal.ub.igneous.2: 767 (init) -> 1023 (map).
[16:25:20] [Server thread/DEBUG] [FML/]: Fixed item id mismatch gregtech:gt.meta.ore.normal.ub.igneous.1: 764 (init) -> 1024 (map).
[16:25:20] [Server thread/DEBUG] [FML/]: Fixed item id mismatch gregtech:gt.meta.ingotDouble: 4372 (init) -> 4474 (map).
[16:25:20] [Server thread/DEBUG] [FML/]: Fixed item id mismatch gregtech:gt.meta.ore.normal.ub.igneous.0: 761 (init) -> 1025 (map).
[16:25:20] [Server thread/DEBUG] [FML/]: Fixed item id mismatch HTGT6:itemADVSMDTransistor: 4544 (init) -> 4186 (map).
[16:25:20] [Server thread/DEBUG] [FML/]: Fixed item id mismatch IC2:crop: 167 (init) -> 193 (map).
[16:25:20] [Server thread/DEBUG] [FML/]: Fixed item id mismatch IC2:item.itemIngotSilver: 4277 (init) -> 4420 (map).
[16:25:20] [Server thread/DEBUG] [FML/]: Fixed item id mismatch IC2:item.reactorHeatSwitch: 4223 (init) -> 4366 (map).
[16:25:20] [Server thread/DEBUG] [FML/]: Fixed item id mismatch gregtech:gt.meta.toolHeadRawPickaxe: 4415 (init) -> 4486 (map).
[16:25:20] [Server thread/DEBUG] [FML/]: Fixed item id mismatch gregtech:gt.meta.ore.small.chisel.granite: 910 (init) -> 1016 (map).
[16:25:20] [Server thread/DEBUG] [FML/]: Fixed item id mismatch IC2:item.itemToolPainterPink: 4180 (init) -> 4323 (map).
[16:25:20] [Server thread/DEBUG] [FML/]: Fixed item id mismatch gregtech:gt.block.beam.a.fireproof: 630 (init) -> 732 (map).
[16:25:20] [Server thread/DEBUG] [FML/]: Fixed item id mismatch HTGT6:BlacksmithCoin: 4506 (init) -> 4148 (map).
[16:25:20] [Server thread/DEBUG] [FML/]: Fixed item id mismatch HTGT6:ZPMCirc: 4500 (init) -> 4142 (map).
[16:25:20] [Server thread/DEBUG] [FML/]: Fixed item id mismatch IC2:item.itemToolPainterLime: 4179 (init) -> 4322 (map).
[16:25:20] [Server thread/DEBUG] [FML/]: Fixed item id mismatch IC2:ChargePad-Classic: 206 (init) -> 226 (map).
[16:25:20] [Server thread/DEBUG] [FML/]: Fixed item id mismatch IC2:item.itemBatRECharged: 4261 (init) -> 4404 (map).
[16:25:20] [Server thread/DEBUG] [FML/]: Fixed item id mismatch IC2:ironFence: 187 (init) -> 207 (map).
[16:25:20] [Server thread/DEBUG] [FML/]: Fixed item id mismatch IC2:item.reactorVentSpread: 4111 (init) -> 4254 (map).
[16:25:20] [Server thread/DEBUG] [FML/]: Fixed item id mismatch IC2:copperOre: 203 (init) -> 223 (map).
[16:25:20] [Server thread/DEBUG] [FML/]: Fixed item id mismatch IC2:item.itemDustSilver: 4150 (init) -> 4293 (map).
[16:25:20] [Server thread/DEBUG] [FML/]: Fixed item id mismatch gregtech:gt.stone.quartzite.slab.1: 512 (init) -> 630 (map).
[16:25:20] [Server thread/DEBUG] [FML/]: Fixed item id mismatch gregtech:gt.stone.quartzite.slab.0: 511 (init) -> 640 (map).
[16:25:20] [Server thread/DEBUG] [FML/]: Fixed item id mismatch HTGT6:dustRhSo4: 4595 (init) -> 4237 (map).
[16:25:20] [Server thread/DEBUG] [FML/]: Fixed item id mismatch HTGT6:InfinityCoin: 4518 (init) -> 4160 (map).
[16:25:20] [Server thread/DEBUG] [FML/]: Fixed item id mismatch HTGT6:RocketSchema1: 4474 (init) -> 4116 (map).
[16:25:20] [Server thread/DEBUG] [FML/]: Fixed item id mismatch HTGT6:itemCPU: 4588 (init) -> 4230 (map).
[16:25:20] [Server thread/DEBUG] [FML/]: Fixed item id mismatch IC2:item.itemCellWaterElectro: 4200 (init) -> 4343 (map).
[16:25:20] [Server thread/DEBUG] [FML/]: Fixed item id mismatch IC2:item.itemCropanalyzer: 4143 (init) -> 4286 (map).
[16:25:20] [Server thread/DEBUG] [FML/]: Fixed item id mismatch HTGT6:itemCarbonChestplate: 4560 (init) -> 4202 (map).
[16:25:20] [Server thread/DEBUG] [FML/]: Fixed item id mismatch IC2:item.itemPartCoalChunk: 4156 (init) -> 4299 (map).
[16:25:20] [Server thread/DEBUG] [FML/]: Fixed item id mismatch gregtech:gt.meta.springSmall: 4394 (init) -> 4576 (map).
[16:25:20] [Server thread/DEBUG] [FML/]: Fixed item id mismatch gregtech:gt.meta.arrowGtPlastic: 4450 (init) -> 4570 (map).
[16:25:20] [Server thread/DEBUG] [FML/]: Fixed item id mismatch gregtech:gt.meta.crate.64.plateGem: 230 (init) -> 572 (map).
[16:25:20] [Server thread/DEBUG] [FML/]: Fixed item id mismatch gregtech:gt.meta.chemtube: 4412 (init) -> 4525 (map).
[16:25:20] [Server thread/DEBUG] [FML/]: Fixed item id mismatch gregtech:gt.meta.toolHeadRawUniversalSpade: 4440 (init) -> 4555 (map).
[16:25:20] [Server thread/DEBUG] [FML/]: Fixed item id mismatch gregtech:gt.meta.ingotQuadruple: 4374 (init) -> 4472 (map).
[16:25:20] [Server thread/DEBUG] [FML/]: Fixed item id mismatch IC2:item.scrapMetalChunk: 4281 (init) -> 4424 (map).
[16:25:20] [Server thread/DEBUG] [FML/]: Fixed item id mismatch HTGT6:ZPMSocket: 4489 (init) -> 4131 (map).
[16:25:20] [Server thread/DEBUG] [FML/]: Fixed item id mismatch IC2:item.itemAdvancedSolarHelmet: 4278 (init) -> 4421 (map).
[16:25:20] [Server thread/DEBUG] [FML/]: Fixed item id mismatch gregtech:gt.meta.storage.solid: 214 (init) -> 505 (map).
[16:25:20] [Server thread/DEBUG] [FML/]: Fixed item id mismatch gregtech:gt.meta.storage.raw: 208 (init) -> 237 (map).
[16:25:20] [Server thread/DEBUG] [FML/]: Fixed item id mismatch HTGT6:dustEurope: 4477 (init) -> 4119 (map).
[16:25:20] [Server thread/DEBUG] [FML/]: Fixed item id mismatch IC2:item.itemArmorQuantumBoots: 4191 (init) -> 4334 (map).
[16:25:20] [Server thread/DEBUG] [FML/]: Fixed item id mismatch IC2:item.itemArmorBronzeChestplate: 4213 (init) -> 4356 (map).
[16:25:20] [Server thread/DEBUG] [FML/]: Fixed item id mismatch HTGT6:itemChipEnergycrystall: 4574 (init) -> 4216 (map).
[16:25:20] [Server thread/DEBUG] [FML/]: Fixed item id mismatch IC2:item.reactorHeatpack: 4109 (init) -> 4252 (map).
[16:25:20] [Server thread/DEBUG] [FML/]: Fixed item id mismatch IC2:item.itemToolPainterBlue: 4185 (init) -> 4328 (map).
[16:25:20] [Server thread/DEBUG] [FML/]: Fixed item id mismatch IC2:item.itemIngotTin: 4266 (init) -> 4409 (map).
[16:25:20] [Server thread/DEBUG] [FML/]: Fixed item id mismatch gregtech:gt.meta.toolHeadDrill: 4436 (init) -> 4569 (map).
[16:25:20] [Server thread/DEBUG] [FML/]: Fixed item id mismatch IC2:item.itemArmorJetpackElectric: 4228 (init) -> 4371 (map).
[16:25:20] [Server thread/DEBUG] [FML/]: Fixed item id mismatch IC2:item.reactorUraniumDual: 4123 (init) -> 4266 (map).
[16:25:20] [Server thread/DEBUG] [FML/]: Fixed item id mismatch gregtech:gt.armor.hazmat.biochemgas.boots: 4335 (init) -> 4503 (map).
[16:25:20] [Server thread/DEBUG] [FML/]: Fixed item id mismatch IC2:item.itemBatCrystal: 4260 (init) -> 4403 (map).
[16:25:20] [Server thread/DEBUG] [FML/]: Fixed item id mismatch gregtech:gt.block.rail.booster.tungstensteel: 689 (init) -> 1027 (map).
[16:25:20] [Server thread/DEBUG] [FML/]: Fixed item id mismatch IC2:reinforcedStone: 186 (init) -> 206 (map).
[16:25:20] [Server thread/DEBUG] [FML/]: Fixed item id mismatch IC2:item.itemRubber: 4235 (init) -> 4378 (map).
[16:25:20] [Server thread/DEBUG] [FML/]: Fixed item id mismatch gregtech:gt.meta.crate.64.gem: 226 (init) -> 229 (map).
[16:25:20] [Server thread/DEBUG] [FML/]: Fixed item id mismatch IC2:item.reactorHeatSwitchCore: 4117 (init) -> 4260 (map).
[16:25:20] [Server thread/DEBUG] [FML/]: Fixed item id mismatch IC2:item.itemDustIron: 4274 (init) -> 4417 (map).
[16:25:20] [Server thread/DEBUG] [FML/]: Fixed item id mismatch HTGT6:SpaceTravelersCoin: 4512 (init) -> 4154 (map).
[16:25:20] [Server thread/DEBUG] [FML/]: Fixed item id mismatch HTGT6:SlayerCoin: 4510 (init) -> 4152 (map).
[16:25:20] [Server thread/DEBUG] [FML/]: Fixed item id mismatch gregtech:gt.meta.crate.raw: 219 (init) -> 488 (map).
[16:25:20] [Server thread/DEBUG] [FML/]: Fixed item id mismatch HTGT6:UVCirc: 4482 (init) -> 4124 (map).
[16:25:20] [Server thread/DEBUG] [FML/]: Fixed item id mismatch gregtech:gt.metatool.01: 4340 (init) -> 4465 (map).
[16:25:20] [Server thread/DEBUG] [FML/]: Fixed item id mismatch IC2:reinforcedGlass: 185 (init) -> 205 (map).
[16:25:20] [Server thread/DEBUG] [FML/]: Fixed item id mismatch gregtech:gt.meta.toolHeadRawAxe: 4424 (init) -> 4494 (map).
[16:25:20] [Server thread/DEBUG] [FML/]: Fixed item id mismatch IC2:item.itemArmorRubBoots: 4230 (init) -> 4373 (map).
[16:25:20] [Server thread/DEBUG] [FML/]: Fixed item id mismatch IC2:item.itemPartAlloy: 4206 (init) -> 4349 (map).
[16:25:20] [Server thread/DEBUG] [FML/]: Fixed item id mismatch gregtech:gt.armor.hazmat.frost.chest: 4321 (init) -> 4510 (map).
[16:25:20] [Server thread/DEBUG] [FML/]: Fixed item id mismatch IC2:item.itemToolPainterCyan: 4183 (init) -> 4326 (map).
[16:25:20] [Server thread/DEBUG] [FML/]: Fixed item id mismatch IC2:item.itemIngotBronze: 4265 (init) -> 4408 (map).
[16:25:20] [Server thread/DEBUG] [FML/]: Fixed item id mismatch HTGT6:RocketTerminalT1: 4519 (init) -> 4161 (map).
[16:25:20] [Server thread/DEBUG] [FML/]: Fixed item id mismatch IC2:item.itemToolBronzeHoe: 4215 (init) -> 4358 (map).
[16:25:20] [Server thread/DEBUG] [FML/]: Fixed item id mismatch HTGT6:itemCarbonBoots: 4562 (init) -> 4204 (map).
[16:25:20] [Server thread/DEBUG] [FML/]: Fixed item id mismatch HTGT6:itemDildo: 4576 (init) -> 4218 (map).
[16:25:20] [Server thread/DEBUG] [FML/]: Fixed item id mismatch HTGT6:itemWafer4: 4584 (init) -> 4226 (map).
[16:25:20] [Server thread/DEBUG] [FML/]: Fixed item id mismatch HTGT6:itemWafer3: 4583 (init) -> 4225 (map).
[16:25:20] [Server thread/DEBUG] [FML/]: Fixed item id mismatch IC2:item.itemSolarHelmet: 4137 (init) -> 4280 (map).
[16:25:20] [Server thread/DEBUG] [FML/]: Fixed item id mismatch gregtech:gt.multiitem.biology: 4349 (init) -> 4531 (map).
[16:25:20] [Server thread/DEBUG] [FML/]: Fixed item id mismatch HTGT6:itemWafer2: 4582 (init) -> 4224 (map).
[16:25:20] [Server thread/DEBUG] [FML/]: Fixed item id mismatch HTGT6:itemWafer1: 4581 (init) -> 4223 (map).
[16:25:20] [Server thread/DEBUG] [FML/]: Fixed item id mismatch IC2:blockMachine2: 178 (init) -> 198 (map).
[16:25:20] [Server thread/DEBUG] [FML/]: Fixed item id mismatch HTGT6:vacuumtube: 4527 (init) -> 4169 (map).
[16:25:20] [Server thread/DEBUG] [FML/]: Fixed item id mismatch gregtech:gt.meta.toolHeadRawAxeDouble: 4426 (init) -> 4467 (map).
[16:25:20] [Server thread/DEBUG] [FML/]: Fixed item id mismatch IC2:item.itemUpgradeContainer: 4311 (init) -> 4454 (map).
[16:25:20] [Server thread/DEBUG] [FML/]: Fixed item id mismatch HTGT6:itemRawLapatron: 4565 (init) -> 4207 (map).
[16:25:20] [Server thread/DEBUG] [FML/]: Fixed item id mismatch HTGT6:AcidicOsmium: 1021 (init) -> 179 (map).
[16:25:20] [Server thread/DEBUG] [FML/]: Fixed item id mismatch HTGT6:CompositeT3: 4495 (init) -> 4137 (map).
[16:25:20] [Server thread/DEBUG] [FML/]: Fixed item id mismatch HTGT6:CompositeT2: 4494 (init) -> 4136 (map).
[16:25:20] [Server thread/DEBUG] [FML/]: Fixed item id mismatch HTGT6:UVcoil: 4465 (init) -> 4107 (map).
[16:25:20] [Server thread/DEBUG] [FML/]: Fixed item id mismatch HTGT6:CompositeT1: 4493 (init) -> 4135 (map).
[16:25:20] [Server thread/DEBUG] [FML/]: Fixed item id mismatch HTGT6:CompositeT6: 4498 (init) -> 4140 (map).
[16:25:20] [Server thread/DEBUG] [FML/]: Fixed item id mismatch gregtech:gt.meta.gemChipped: 4361 (init) -> 4468 (map).
[16:25:20] [Server thread/DEBUG] [FML/]: Fixed item id mismatch HTGT6:CompositeT5: 4497 (init) -> 4139 (map).
[16:25:20] [Server thread/DEBUG] [FML/]: Fixed item id mismatch HTGT6:CompositeT4: 4496 (init) -> 4138 (map).
[16:25:20] [Server thread/DEBUG] [FML/]: Fixed item id mismatch gregtech:gt.meta.gem: 4363 (init) -> 4597 (map).
[16:25:20] [Server thread/DEBUG] [FML/]: Fixed item id mismatch gregtech:gt.meta.toolHeadChainsaw: 4437 (init) -> 4475 (map).
[16:25:20] [Server thread/DEBUG] [FML/]: Fixed item id mismatch HTGT6:PlutoDust: 4490 (init) -> 4132 (map).
[16:25:20] [Server thread/DEBUG] [FML/]: Fixed item id mismatch IC2:item.itemArmorJetpackNuclear: 4279 (init) -> 4422 (map).
[16:25:20] [Server thread/DEBUG] [FML/]: Fixed item id mismatch IC2:item.itemElectricVent: 4314 (init) -> 4457 (map).
[16:25:20] [Server thread/DEBUG] [FML/]: Fixed item id mismatch gregtech:gt.meta.ore.broken.redgranite: 249 (init) -> 1020 (map).
[16:25:20] [Server thread/DEBUG] [FML/]: Fixed item id mismatch IC2:item.itemCellBioRef: 4246 (init) -> 4389 (map).
[16:25:20] [Server thread/DEBUG] [FML/]: Fixed item id mismatch IC2:item.beer: 4128 (init) -> 4271 (map).
[16:25:20] [Server thread/DEBUG] [FML/]: Fixed item id mismatch HTGT6:QuantinumGear: 4483 (init) -> 4125 (map).
[16:25:20] [Server thread/DEBUG] [FML/]: Fixed item id mismatch IC2:item.itemCoin: 4205 (init) -> 4348 (map).
[16:25:20] [Server thread/DEBUG] [FML/]: Fixed item id mismatch IC2:item.reactorCoolantSix: 4120 (init) -> 4263 (map).
[16:25:20] [Server thread/DEBUG] [FML/]: Fixed item id mismatch HTGT6:KalliumSuplhate: 1025 (init) -> 183 (map).
[16:25:20] [Server thread/DEBUG] [FML/]: Fixed item id mismatch HTGT6:NovaCrystall: 4485 (init) -> 4127 (map).
[16:25:20] [Server thread/DEBUG] [FML/]: Fixed item id mismatch IC2:item.itemGrinPowder: 4127 (init) -> 4270 (map).
[16:25:20] [Server thread/DEBUG] [FML/]: Fixed item id mismatch gregtech:gt.meta.ore.broken.min.schist: 975 (init) -> 1030 (map).
[16:25:20] [Server thread/DEBUG] [FML/]: Fixed item id mismatch IC2:item.itemScanner: 4239 (init) -> 4382 (map).
[16:25:20] [Server thread/DEBUG] [FML/]: Fixed item id mismatch IC2:luminator: 168 (init) -> 194 (map).
[16:25:20] [Server thread/DEBUG] [FML/]: Fixed item id mismatch HTGT6:DustCallisto: 4486 (init) -> 4128 (map).
[16:25:20] [Server thread/DEBUG] [FML/]: Fixed item id mismatch IC2:item.itemColdTea: 4293 (init) -> 4436 (map).
[16:25:20] [Server thread/DEBUG] [FML/]: Fixed item id mismatch IC2:item.reactorCoolantSimple: 4225 (init) -> 4368 (map).
[16:25:20] [Server thread/DEBUG] [FML/]: Fixed item id mismatch HTGT6:dustOsIr: 4596 (init) -> 4238 (map).
[16:25:20] [Server thread/DEBUG] [FML/]: Fixed item id mismatch HTGT6:dustMercury: 4479 (init) -> 4121 (map).
[16:25:20] [Server thread/DEBUG] [FML/]: Fixed item id mismatch gregtech:gt.meta.toolHeadRawSaw: 4434 (init) -> 4508 (map).
[16:25:20] [Server thread/DEBUG] [FML/]: Fixed item id mismatch gregtech:gt.block.bale.crop: 610 (init) -> 767 (map).
[16:25:20] [Server thread/DEBUG] [FML/]: Fixed item id mismatch IC2:item.scrapMetalBlade: 4282 (init) -> 4425 (map).
[16:25:20] [Server thread/DEBUG] [FML/]: Fixed item id mismatch gregtech:gt.armor.hazmat.frost.head: 4320 (init) -> 4543 (map).
[16:25:20] [Server thread/DEBUG] [FML/]: Fixed item id mismatch IC2:item.itemSpecialFertilizer: 4304 (init) -> 4447 (map).
[16:25:20] [Server thread/DEBUG] [FML/]: Fixed item id mismatch gregapi:gt.display.fluid: 4096 (init) -> 4552 (map).
[16:25:20] [Server thread/DEBUG] [FML/]: Fixed item id mismatch gregtech:gt.meta.toolHeadShovel: 4421 (init) -> 4512 (map).
[16:25:20] [Server thread/DEBUG] [FML/]: Fixed item id mismatch HTGT6:DEcoin: 4517 (init) -> 4159 (map).
[16:25:20] [Server thread/DEBUG] [FML/]: Fixed item id mismatch gregtech:gt.meta.gearGt: 4390 (init) -> 4560 (map).
[16:25:20] [Server thread/DEBUG] [FML/]: Fixed item id mismatch HTGT6:dustRukan: 4455 (init) -> 4097 (map).
[16:25:20] [Server thread/DEBUG] [FML/]: Fixed item id mismatch IC2:blockPersonal: 199 (init) -> 219 (map).
[16:25:20] [Server thread/DEBUG] [FML/]: Fixed item id mismatch HTGT6:itemADVSMDdiode: 4543 (init) -> 4185 (map).
[16:25:20] [Server thread/DEBUG] [FML/]: Fixed item id mismatch gregtech:gt.meta.rotor: 4391 (init) -> 4545 (map).
[16:25:20] [Server thread/DEBUG] [FML/]: Fixed item id mismatch HTGT6:GlassTube: 4526 (init) -> 4168 (map).
[16:25:20] [Server thread/DEBUG] [FML/]: Fixed item id mismatch gregtech:gt.meta.storage.ingot: 211 (init) -> 238 (map).
[16:25:20] [Server thread/DEBUG] [FML/]: Fixed item id mismatch gregtech:gt.meta.bulletGtSmall: 4451 (init) -> 4565 (map).
[16:25:20] [Server thread/DEBUG] [FML/]: Fixed item id mismatch gregtech:gt.meta.bolt: 4398 (init) -> 4540 (map).
[16:25:20] [Server thread/DEBUG] [FML/]: Fixed item id mismatch IC2:item.itemToolBronzeAxe: 4218 (init) -> 4361 (map).
[16:25:20] [Server thread/DEBUG] [FML/]: Fixed item id mismatch gregtech:gt.meta.bulletGtMedium: 4452 (init) -> 4537 (map).
[16:25:20] [Server thread/DEBUG] [FML/]: Fixed item id mismatch gregtech:gt.meta.ore.small.komatiite: 479 (init) -> 735 (map).
[16:25:20] [Server thread/DEBUG] [FML/]: Fixed item id mismatch IC2:item.itemFuelPlantBall: 4243 (init) -> 4386 (map).
[16:25:20] [Server thread/DEBUG] [FML/]: Fixed item id mismatch IC2:item.itemTinCanFilled: 4240 (init) -> 4383 (map).
[16:25:20] [Server thread/DEBUG] [FML/]: Fixed item id mismatch IC2:dynamiteStick: 191 (init) -> 211 (map).
[16:25:20] [Server thread/DEBUG] [FML/]: Fixed item id mismatch IC2:item.reactorCondensatorLap: 4104 (init) -> 4247 (map).
[16:25:20] [Server thread/DEBUG] [FML/]: Fixed item id mismatch IC2:resinBlock: 194 (init) -> 214 (map).
[16:25:20] [Server thread/DEBUG] [FML/]: Fixed item id mismatch gregtech:gt.meta.dust: 4350 (init) -> 4542 (map).
[16:25:20] [Server thread/DEBUG] [FML/]: Fixed item id mismatch HTGT6:Govno: 4492 (init) -> 4134 (map).
[16:25:20] [Server thread/DEBUG] [FML/]: Fixed item id mismatch gregtech:gt.meta.toolHeadRawPlow: 4444 (init) -> 4462 (map).
[16:25:20] [Server thread/DEBUG] [FML/]: Fixed item id mismatch IC2:item.itemPartCarbonMesh: 4171 (init) -> 4314 (map).
[16:25:20] [Server thread/DEBUG] [FML/]: Fixed item id mismatch HTGT6:EVcoil: 4469 (init) -> 4111 (map).
[16:25:20] [Server thread/DEBUG] [FML/]: Fixed item id mismatch gregtech:gt.stone.granite.black.slab.5: 237 (init) -> 244 (map).
[16:25:20] [Server thread/DEBUG] [FML/]: Fixed item id mismatch gregtech:gt.stone.granite.black.slab.4: 236 (init) -> 243 (map).
[16:25:20] [Server thread/DEBUG] [FML/]: Fixed item id mismatch gregtech:gt.meta.chunkGt: 4369 (init) -> 4492 (map).
[16:25:20] [Server thread/DEBUG] [FML/]: Fixed item id mismatch gregtech:gt.meta.plantGtFiber: 4409 (init) -> 4562 (map).
[16:25:20] [Server thread/DEBUG] [FML/]: Fixed item id mismatch gregtech:gt.stone.granite.black.slab.1: 233 (init) -> 246 (map).
[16:25:20] [Server thread/DEBUG] [FML/]: Fixed item id mismatch gregtech:gt.stone.granite.black.slab.0: 232 (init) -> 245 (map).
[16:25:20] [Server thread/DEBUG] [FML/]: Fixed item id mismatch gregtech:gt.stone.granite.black.slab.3: 235 (init) -> 242 (map).
[16:25:20] [Server thread/DEBUG] [FML/]: Fixed item id mismatch gregtech:gt.stone.granite.black.slab.2: 234 (init) -> 241 (map).
[16:25:20] [Server thread/DEBUG] [FML/]: Fixed item id mismatch HTGT6:itemSMDCapacitor: 4540 (init) -> 4182 (map).
[16:25:20] [Server thread/DEBUG] [FML/]: Fixed item id mismatch IC2:item.itemPartIndustrialDiamond: 4155 (init) -> 4298 (map).
[16:25:20] [Server thread/DEBUG] [FML/]: Fixed item id mismatch gregtech:gt.stone.granite.red: 241 (init) -> 776 (map).
[16:25:20] [Server thread/DEBUG] [FML/]: Fixed item id mismatch IC2:item.itemToolPainterWhite: 4174 (init) -> 4317 (map).
[16:25:20] [Server thread/DEBUG] [FML/]: Fixed item id mismatch gregtech:gt.meta.toolHeadHammer: 4430 (init) -> 4529 (map).
[16:25:20] [Server thread/DEBUG] [FML/]: Fixed item id mismatch IC2:uraniumOre: 201 (init) -> 221 (map).
[16:25:20] [Server thread/DEBUG] [FML/]: Fixed item id mismatch HTGT6:MVcoil: 4471 (init) -> 4113 (map).
[16:25:20] [Server thread/DEBUG] [FML/]: Fixed item id mismatch gregtech:gt.block.rail.detector.titanium: 697 (init) -> 779 (map).
[16:25:20] [Server thread/DEBUG] [FML/]: Fixed item id mismatch gregtech:gt.meta.stick: 4392 (init) -> 4596 (map).
[16:25:20] [Server thread/DEBUG] [FML/]: Fixed item id mismatch gregtech:gt.meta.ring: 4400 (init) -> 4516 (map).
[16:25:20] [Server thread/DEBUG] [FML/]: Fixed item id mismatch IC2:rubberWood: 197 (init) -> 217 (map).
[16:25:20] [Server thread/DEBUG] [FML/]: Fixed item id mismatch IC2:item.itemNanoSaber: 4168 (init) -> 4311 (map).
[16:25:20] [Server thread/DEBUG] [FML/]: Fixed item id mismatch gregtech:gt.meta.dustTiny: 4352 (init) -> 4506 (map).
[16:25:20] [Server thread/DEBUG] [FML/]: Fixed item id mismatch gregtech:gt.meta.ore.broken.diorite: 458 (init) -> 467 (map).
[16:25:20] [Server thread/DEBUG] [FML/]: Fixed item id mismatch gregtech:gt.meta.ore.broken.limestone: 438 (init) -> 486 (map).
[16:25:20] [Server thread/DEBUG] [FML/]: Fixed item id mismatch IC2:item.itemToolPainterPurple: 4184 (init) -> 4327 (map).
[16:25:20] [Server thread/DEBUG] [FML/]: Fixed item id mismatch HTGT6:LVCOIL: 4472 (init) -> 4114 (map).
[16:25:20] [Server thread/DEBUG] [FML/]: Fixed item id mismatch IC2:item.itemFuelCanEmpty: 4250 (init) -> 4393 (map).
[16:25:20] [Server thread/DEBUG] [FML/]: Fixed item id mismatch gregtech:gt.meta.toolHeadSaw: 4435 (init) -> 4574 (map).
[16:25:20] [Server thread/DEBUG] [FML/]: Fixed item id mismatch IC2:item.itemQuantumArmorJetpack: 4309 (init) -> 4452 (map).
[16:25:20] [Server thread/DEBUG] [FML/]: Fixed item id mismatch HTGT6:itemChipGold: 4572 (init) -> 4214 (map).
[16:25:20] [Server thread/DEBUG] [FML/]: Fixed item id mismatch gregtech:gt.meta.ore.small.marble: 429 (init) -> 469 (map).
[16:25:20] [Server thread/DEBUG] [FML/]: Fixed item id mismatch gregtech:gt.meta.toolHeadFile: 4431 (init) -> 4558 (map).
[16:25:20] [Server thread/DEBUG] [FML/]: Fixed item id mismatch gregtech:gt.meta.machine.double: 216 (init) -> 235 (map).
[16:25:20] [Server thread/DEBUG] [FML/]: Fixed item id mismatch IC2:item.itemArmorBronzeHelmet: 4214 (init) -> 4357 (map).
[16:25:20] [Server thread/DEBUG] [FML/]: Fixed item id mismatch IC2:item.itemBiomeTFBP: 4302 (init) -> 4445 (map).
[16:25:20] [Server thread/DEBUG] [FML/]: Fixed item id mismatch IC2:item.itemArmorNanoLegs: 4196 (init) -> 4339 (map).
[16:25:20] [Server thread/DEBUG] [FML/]: Fixed item id mismatch HTGT6:itemOpticalCirctBoard: 4554 (init) -> 4196 (map).
[16:25:20] [Server thread/DEBUG] [FML/]: Fixed item id mismatch IC2:item.itemCellUranEmpty: 4220 (init) -> 4363 (map).
[16:25:20] [Server thread/DEBUG] [FML/]: Fixed item id mismatch HTGT6:CircuitPlate: 4529 (init) -> 4171 (map).
[16:25:20] [Server thread/DEBUG] [FML/]: Fixed item id mismatch IC2:item.itemMatter: 4207 (init) -> 4350 (map).
[16:25:20] [Server thread/DEBUG] [FML/]: Fixed item id mismatch gregtech:gt.armor.hazmat.insect.boots: 4319 (init) -> 4499 (map).
[16:25:20] [Server thread/DEBUG] [FML/]: Fixed item id mismatch IC2:item.itemOreUran: 4262 (init) -> 4405 (map).
[16:25:20] [Server thread/DEBUG] [FML/]: Fixed item id mismatch IC2:item.itemTeaLeaf: 4292 (init) -> 4435 (map).
[16:25:20] [Server thread/DEBUG] [FML/]: Fixed item id mismatch HTGT6:WoodPlate: 4530 (init) -> 4172 (map).
[16:25:20] [Server thread/DEBUG] [FML/]: Fixed item id mismatch HTGT6:LUVcoil: 4467 (init) -> 4109 (map).
[16:25:20] [Server thread/DEBUG] [FML/]: Fixed item id mismatch HTGT6:HelemaLiquid: 1019 (init) -> 177 (map).
[16:25:20] [Server thread/DEBUG] [FML/]: Fixed item id mismatch IC2:scaffold: 169 (init) -> 195 (map).
[16:25:20] [Server thread/DEBUG] [FML/]: Fixed item id mismatch gregtech:gt.block.beam.3.fireproof: 640 (init) -> 941 (map).
[16:25:20] [Server thread/DEBUG] [FML/]: Fixed item id mismatch HTGT6:FireclayBrick: 4523 (init) -> 4165 (map).
[16:25:20] [Server thread/DEBUG] [FML/]: Fixed item id mismatch gregapi:gt.integrated_circuit: 4097 (init) -> 4464 (map).
[16:25:20] [Server thread/DEBUG] [FML/]: Fixed item id mismatch HTGT6:BoronGlass1: 1017 (init) -> 169 (map).
[16:25:20] [Server thread/DEBUG] [FML/]: Fixed item id mismatch IC2:item.itemPartCarbonFibre: 4172 (init) -> 4315 (map).
[16:25:20] [Server thread/DEBUG] [FML/]: Fixed item id mismatch IC2:item.itemFuelCoalCmpr: 4244 (init) -> 4387 (map).
[16:25:20] [Server thread/DEBUG] [FML/]: Fixed item id mismatch HTGT6:ULVhull: 1013 (init) -> 165 (map).
[16:25:20] [Server thread/DEBUG] [FML/]: Fixed item id mismatch gregtech:gt.multiitem.bumblebee: 4347 (init) -> 4533 (map).
[16:25:20] [Server thread/DEBUG] [FML/]: Fixed item id mismatch IC2:item.itemOreIridium: 4148 (init) -> 4291 (map).
[16:25:20] [Server thread/DEBUG] [FML/]: Fixed item id mismatch HTGT6:rotorQuantinum: 4460 (init) -> 4102 (map).
[16:25:20] [Server thread/DEBUG] [FML/]: Fixed item id mismatch IC2:item.reactorUraniumQuad: 4122 (init) -> 4265 (map).
[16:25:20] [Server thread/DEBUG] [FML/]: Fixed item id mismatch gregtech:gt.stone.greenschist.slab.2: 483 (init) -> 723 (map).
[16:25:20] [Server thread/DEBUG] [FML/]: Fixed item id mismatch gregtech:gt.stone.greenschist.slab.3: 484 (init) -> 726 (map).
[16:25:20] [Server thread/DEBUG] [FML/]: Fixed item id mismatch gregtech:gt.stone.greenschist.slab.4: 485 (init) -> 689 (map).
[16:25:20] [Server thread/DEBUG] [FML/]: Fixed item id mismatch gregtech:gt.stone.greenschist.slab.5: 486 (init) -> 697 (map).
[16:25:20] [Server thread/DEBUG] [FML/]: Fixed item id mismatch gregtech:gt.stone.greenschist.slab.0: 481 (init) -> 715 (map).
[16:25:20] [Server thread/DEBUG] [FML/]: Fixed item id mismatch gregtech:gt.meta.dustImpure: 4354 (init) -> 4498 (map).
[16:25:20] [Server thread/DEBUG] [FML/]: Fixed item id mismatch gregtech:gt.stone.greenschist.slab.1: 482 (init) -> 718 (map).
[16:25:20] [Server thread/DEBUG] [FML/]: Fixed item id mismatch IC2:item.itemDynamiteSticky: 4233 (init) -> 4376 (map).
[16:25:20] [Server thread/DEBUG] [FML/]: Fixed item id mismatch gregtech:gt.meta.gemExquisite: 4365 (init) -> 4575 (map).
[16:25:20] [Server thread/DEBUG] [FML/]: Fixed item id mismatch gregtech:gt.meta.ore.normal.andesite: 467 (init) -> 501 (map).
[16:25:20] [Server thread/DEBUG] [FML/]: Fixed item id mismatch IC2:item.itemObsidianDust: 4289 (init) -> 4432 (map).
[16:25:20] [Server thread/DEBUG] [FML/]: Fixed item id mismatch gregtech:gt.meta.plantGtWart: 4411 (init) -> 4473 (map).
[16:25:20] [Server thread/DEBUG] [FML/]: Fixed item id mismatch gregtech:gt.meta.wireFine: 4404 (init) -> 4459 (map).
[16:25:20] [Server thread/DEBUG] [FML/]: Fixed item id mismatch gregtech:gt.meta.toolHeadAxe: 4425 (init) -> 4551 (map).
[16:25:20] [Server thread/DEBUG] [FML/]: Fixed item id mismatch gregtech:gt.meta.nugget: 4368 (init) -> 4517 (map).
[16:25:20] [Server thread/DEBUG] [FML/]: Fixed item id mismatch gregtech:gt.meta.ore.broken.blackgranite: 239 (init) -> 429 (map).
[16:25:20] [Server thread/DEBUG] [FML/]: Fixed item id mismatch IC2:item.itemHarz: 4236 (init) -> 4379 (map).
[16:25:20] [Server thread/DEBUG] [FML/]: Fixed item id mismatch HTGT6:itemDisplay: 4521 (init) -> 4163 (map).
[16:25:20] [Server thread/DEBUG] [FML/]: Fixed item id mismatch IC2:item.itemCellEmpty: 4256 (init) -> 4399 (map).
[16:25:20] [Server thread/DEBUG] [FML/]: Fixed item id mismatch IC2:item.itemObscurator: 4307 (init) -> 4450 (map).
[16:25:20] [Server thread/DEBUG] [FML/]: Fixed item id mismatch IC2:item.itemArmorNanoChestplate: 4197 (init) -> 4340 (map).
[16:25:20] [Server thread/DEBUG] [FML/]: Fixed item id mismatch HTGT6:HullPUV: 1031 (init) -> 189 (map).
[16:25:20] [Server thread/DEBUG] [FML/]: Fixed item id mismatch IC2:item.itemFoamSprayer: 4151 (init) -> 4294 (map).
[16:25:20] [Server thread/DEBUG] [FML/]: Fixed item id mismatch gregtech:gt.armor.hazmat.heat.chest: 4325 (init) -> 4581 (map).
[16:25:20] [Server thread/DEBUG] [FML/]: Fixed item id mismatch HTGT6:itemPlasticCircBoard: 4533 (init) -> 4175 (map).
[16:25:20] [Server thread/DEBUG] [FML/]: Fixed item id mismatch IC2:item.itemArmorHazmatChestplate: 4102 (init) -> 4245 (map).
[16:25:20] [Server thread/DEBUG] [FML/]: Fixed item id mismatch gregtech:gt.meta.casingSmall: 4403 (init) -> 4483 (map).
[16:25:20] [Server thread/DEBUG] [FML/]: Fixed item id mismatch IC2:item.itemCellUranEnriched: 4221 (init) -> 4364 (map).
[16:25:20] [Server thread/DEBUG] [FML/]: Fixed item id mismatch gregtech:gt.armor.hazmat.heat.head: 4324 (init) -> 4520 (map).
[16:25:20] [Server thread/DEBUG] [FML/]: Fixed item id mismatch HTGT6:rotorCelTit: 4462 (init) -> 4104 (map).
[16:25:20] [Server thread/DEBUG] [FML/]: Fixed item id mismatch gregtech:gt.meta.crate.plate: 223 (init) -> 233 (map).
[16:25:20] [Server thread/DEBUG] [FML/]: Fixed item id mismatch HTGT6:basicSieve: 4524 (init) -> 4166 (map).
[16:25:20] [Server thread/DEBUG] [FML/]: Fixed item id mismatch HTGT6:itemQuantumPartChestplate: 4567 (init) -> 4209 (map).
[16:25:20] [Server thread/DEBUG] [FML/]: Fixed item id mismatch IC2:item.itemToolBronzeSword: 4217 (init) -> 4360 (map).
[16:25:20] [Server thread/DEBUG] [FML/]: Fixed item id mismatch HTGT6:dustPdNH: 4594 (init) -> 4236 (map).
[16:25:20] [Server thread/DEBUG] [FML/]: Fixed item id mismatch IC2:item.itemFuelCoalDust: 4245 (init) -> 4388 (map).
[16:25:20] [Server thread/DEBUG] [FML/]: Fixed item id mismatch gregtech:gt.meta.toolHeadAxeDouble: 4427 (init) -> 4536 (map).
[16:25:20] [Server thread/DEBUG] [FML/]: Fixed item id mismatch HTGT6:HiTech6Coin: 4511 (init) -> 4153 (map).
[16:25:20] [Server thread/DEBUG] [FML/]: Fixed item id mismatch gregtech:gt.meta.toolHeadRawSword: 4413 (init) -> 4530 (map).
[16:25:20] [Server thread/DEBUG] [FML/]: Fixed item id mismatch HTGT6:RutheniumSalt: 1022 (init) -> 180 (map).
[16:25:20] [Server thread/DEBUG] [FML/]: Fixed item id mismatch IC2:item.itemFuelPlantCmpr: 4242 (init) -> 4385 (map).
[16:25:20] [Server thread/DEBUG] [FML/]: Fixed item id mismatch IC2:industrialTNT: 193 (init) -> 213 (map).
[16:25:20] [Server thread/DEBUG] [FML/]: Fixed item id mismatch IC2:item.itemRemote: 4232 (init) -> 4375 (map).
[16:25:20] [Server thread/DEBUG] [FML/]: Fixed item id mismatch IC2:item.itemArmorAlloyHelmet: 4300 (init) -> 4443 (map).
[16:25:20] [Server thread/DEBUG] [FML/]: Fixed item id mismatch IC2:blockBarrel: 166 (init) -> 192 (map).
[16:25:20] [Server thread/DEBUG] [FML/]: Fixed item id mismatch IC2:item.itemArmorNanoHelmet: 4198 (init) -> 4341 (map).
[16:25:20] [Server thread/DEBUG] [FML/]: Fixed item id mismatch HTGT6:dustPdKeNiCu: 4592 (init) -> 4234 (map).
[16:25:20] [Server thread/DEBUG] [FML/]: Fixed item id mismatch IC2:item.itemArmorQuantumChestplate: 4193 (init) -> 4336 (map).
[16:25:20] [Server thread/DEBUG] [FML/]: Fixed item id mismatch gregtech:gt.meta.crate.64.plate: 229 (init) -> 247 (map).
[16:25:20] [Server thread/DEBUG] [FML/]: Fixed item id mismatch gregtech:gt.meta.scrapGt: 4386 (init) -> 4519 (map).
[16:25:20] [Server thread/DEBUG] [FML/]: Fixed item id mismatch IC2:item.reactorSteamVent: 4284 (init) -> 4427 (map).
[16:25:20] [Server thread/DEBUG] [FML/]: Fixed item id mismatch IC2:item.itemDoorAlloy: 4204 (init) -> 4347 (map).
[16:25:20] [Server thread/DEBUG] [FML/]: Fixed item id mismatch gregtech:gt.meta.plantGtBlossom: 4408 (init) -> 4564 (map).
[16:25:20] [Server thread/DEBUG] [FML/]: Fixed item id mismatch IC2:item.itemWeedEx: 4126 (init) -> 4269 (map).
[16:25:20] [Server thread/DEBUG] [FML/]: Fixed item id mismatch IC2:item.itemToolPainterBrown: 4186 (init) -> 4329 (map).
[16:25:20] [Server thread/DEBUG] [FML/]: Fixed item id mismatch gregtech:gt.meta.toolHeadWrench: 4438 (init) -> 4547 (map).
[16:25:20] [Server thread/DEBUG] [FML/]: Fixed item id mismatch IC2:item.itemTFBPDesertification: 4162 (init) -> 4305 (map).
[16:25:20] [Server thread/DEBUG] [FML/]: Fixed item id mismatch HTGT6:DustGanym: 4488 (init) -> 4130 (map).
[16:25:20] [Server thread/DEBUG] [FML/]: Fixed item id mismatch IC2:item.itemCoolant: 4124 (init) -> 4267 (map).
[16:25:20] [Server thread/DEBUG] [FML/]: Fixed item id mismatch IC2:item.itemTinCan: 4241 (init) -> 4384 (map).
[16:25:20] [Server thread/DEBUG] [FML/]: Fixed item id mismatch IC2:dynamiteStickWithRemote: 190 (init) -> 210 (map).
[16:25:20] [Server thread/DEBUG] [FML/]: Fixed item id mismatch HTGT6:PlatinumSollution: 1024 (init) -> 182 (map).
[16:25:20] [Server thread/DEBUG] [FML/]: Fixed item id mismatch IC2:item.ic2cable: 4203 (init) -> 4346 (map).
[16:25:20] [Server thread/DEBUG] [FML/]: Fixed item id mismatch gregtech:gt.meta.ore.broken.marble: 428 (init) -> 563 (map).
[16:25:20] [Server thread/DEBUG] [FML/]: Fixed item id mismatch IC2:blockGenerator: 200 (init) -> 220 (map).
[16:25:20] [Server thread/DEBUG] [FML/]: Fixed item id mismatch gregtech:gt.stone.kimberlite.slab.0: 501 (init) -> 530 (map).
[16:25:20] [Server thread/DEBUG] [FML/]: Fixed item id mismatch IC2:item.itemToolDDrill: 4253 (init) -> 4396 (map).
[16:25:20] [Server thread/DEBUG] [FML/]: Fixed item id mismatch gregtech:gt.stone.kimberlite.slab.4: 505 (init) -> 511 (map).
[16:25:20] [Server thread/DEBUG] [FML/]: Fixed item id mismatch gregtech:gt.stone.kimberlite.slab.3: 504 (init) -> 506 (map).
[16:25:20] [Server thread/DEBUG] [FML/]: Fixed item id mismatch gregtech:gt.stone.kimberlite.slab.2: 503 (init) -> 564 (map).
[16:25:20] [Server thread/DEBUG] [FML/]: Fixed item id mismatch gregtech:gt.stone.kimberlite.slab.1: 502 (init) -> 562 (map).
[16:25:20] [Server thread/DEBUG] [FML/]: Fixed item id mismatch gregtech:gt.stone.kimberlite.slab.5: 506 (init) -> 512 (map).
[16:25:20] [Server thread/DEBUG] [FML/]: Fixed item id mismatch HTGT6:HullLUV: 1028 (init) -> 186 (map).
[16:25:20] [Server thread/DEBUG] [FML/]: Fixed item id mismatch HTGT6:ModLogo: 4484 (init) -> 4126 (map).
[16:25:20] [Server thread/DEBUG] [FML/]: Fixed item id mismatch gregtech:gt.multiitem.technological: 4341 (init) -> 4485 (map).
[16:25:20] [Server thread/DEBUG] [FML/]: Fixed item id mismatch IC2:item.reactorVentDiamond: 4110 (init) -> 4253 (map).
[16:25:20] [Server thread/DEBUG] [FML/]: Fixed item id mismatch IC2:item.reactorVentGold: 4112 (init) -> 4255 (map).
[16:25:20] [Server thread/DEBUG] [FML/]: Fixed item id mismatch HTGT6:Resistor: 4528 (init) -> 4170 (map).
[16:25:20] [Server thread/DEBUG] [FML/]: Fixed item id mismatch HTGT6:itemCrystallCirctBoard: 4553 (init) -> 4195 (map).
[16:25:20] [Server thread/DEBUG] [FML/]: Fixed item id mismatch gregtech:gt.armor.hazmat.radiation.boots: 4331 (init) -> 4481 (map).
[16:25:20] [Server thread/DEBUG] [FML/]: Fixed item id mismatch HTGT6:IngotASTitanium: 4475 (init) -> 4117 (map).
[16:25:20] [Server thread/DEBUG] [FML/]: Fixed item id mismatch gregtech:gt.meta.ore.normal.bop.shale: 941 (init) -> 1019 (map).
[16:25:20] [Server thread/DEBUG] [FML/]: Fixed item id mismatch gregtech:gt.meta.foil: 4402 (init) -> 4563 (map).
[16:25:20] [Server thread/DEBUG] [FML/]: Fixed item id mismatch IC2:item.itemArmorJetpack: 4229 (init) -> 4372 (map).
[16:25:20] [Server thread/DEBUG] [FML/]: Fixed item id mismatch IC2:item.itemArmorQuantumHelmet: 4194 (init) -> 4337 (map).
[16:25:20] [Server thread/DEBUG] [FML/]: Fixed item id mismatch gregtech:gt.meta.round: 4397 (init) -> 4582 (map).
[16:25:20] [Server thread/DEBUG] [FML/]: Fixed item id mismatch HTGT6:itemLivingCirctBoard: 4555 (init) -> 4197 (map).
[16:25:20] [Server thread/DEBUG] [FML/]: Fixed item id mismatch gregtech:gt.meta.toolHeadConstructionPickaxe: 4418 (init) -> 4554 (map).
[16:25:20] [Server thread/DEBUG] [FML/]: Fixed item id mismatch IC2:item.itemCellCoalRef: 4247 (init) -> 4390 (map).
[16:25:20] [Server thread/DEBUG] [FML/]: Fixed item id mismatch gregtech:gt.armor.hazmat.biochemgas.chest: 4333 (init) -> 4578 (map).
[16:25:20] [Server thread/DEBUG] [FML/]: Fixed item id mismatch HTGT6:itemChipEmerald: 4573 (init) -> 4215 (map).
[16:25:20] [Server thread/DEBUG] [FML/]: Fixed item id mismatch HTGT6:itemMAXcircBoard: 4556 (init) -> 4198 (map).
[16:25:20] [Server thread/DEBUG] [FML/]: Fixed item id mismatch IC2:item.itemFuelCan: 4251 (init) -> 4394 (map).
[16:25:20] [Server thread/DEBUG] [FML/]: Fixed item id mismatch IC2:item.itemToolMeter: 4201 (init) -> 4344 (map).
[16:25:20] [Server thread/DEBUG] [FML/]: Fixed item id mismatch gregtech:gt.meta.ore.small.sand: 718 (init) -> 773 (map).
[16:25:20] [Server thread/DEBUG] [FML/]: Fixed item id mismatch IC2:LuminatorMultipartBlock: 181 (init) -> 201 (map).
[16:25:20] [Server thread/DEBUG] [FML/]: Fixed item id mismatch HTGT6:HullEV: 1026 (init) -> 184 (map).
[16:25:20] [Server thread/DEBUG] [FML/]: Fixed item id mismatch HTGT6:hullBattery: 4531 (init) -> 4173 (map).
[16:25:20] [Server thread/DEBUG] [FML/]: Fixed item id mismatch IC2:item.itemArmorNanoBoots: 4195 (init) -> 4338 (map).
[16:25:20] [Server thread/DEBUG] [FML/]: Fixed item id mismatch HTGT6:HullMAX: 1032 (init) -> 190 (map).
[16:25:20] [Server thread/DEBUG] [FML/]: Fixed item id mismatch gregtech:gt.multiitem.physics: 4348 (init) -> 4463 (map).
[16:25:20] [Server thread/DEBUG] [FML/]: Fixed item id mismatch gregtech:gt.meta.crushedTiny: 4356 (init) -> 4527 (map).
[16:25:20] [Server thread/DEBUG] [FML/]: Fixed item id mismatch IC2:item.reactorVentCore: 4113 (init) -> 4256 (map).
[16:25:20] [Server thread/DEBUG] [FML/]: Fixed item id mismatch gregtech:gt.multiitem.bottles: 4345 (init) -> 4567 (map).
[16:25:20] [Server thread/DEBUG] [FML/]: Fixed item id mismatch IC2:miningPipe: 180 (init) -> 200 (map).
[16:25:20] [Server thread/DEBUG] [FML/]: Fixed item id mismatch HTGT6:itemADVSMDCapacitor: 4545 (init) -> 4187 (map).
[16:25:20] [Server thread/DEBUG] [FML/]: Fixed item id mismatch gregtech:gt.meta.storage.plateGem: 213 (init) -> 414 (map).
[16:25:20] [Server thread/DEBUG] [FML/]: Fixed item id mismatch IC2:item.itemTerraformerBiomeBlueprint: 4301 (init) -> 4444 (map).
[16:25:20] [Server thread/DEBUG] [FML/]: Fixed item id mismatch gregtech:gt.meta.ore.normal.basalt: 411 (init) -> 458 (map).
[16:25:20] [Server thread/DEBUG] [FML/]: Fixed item id mismatch HTGT6:NovaCrystalAlloy: 4501 (init) -> 4143 (map).
[16:25:20] [Server thread/DEBUG] [FML/]: Fixed item id mismatch IC2:item.itemToolPainterBlack: 4189 (init) -> 4332 (map).
[16:25:20] [Server thread/DEBUG] [FML/]: Fixed item id mismatch gregtech:gt.armor.hazmat.biochemgas.head: 4332 (init) -> 4538 (map).
[16:25:20] [Server thread/DEBUG] [FML/]: Fixed item id mismatch HTGT6:advSieve: 4525 (init) -> 4167 (map).
[16:25:20] [Server thread/DEBUG] [FML/]: Fixed item id mismatch HTGT6:dustEnc: 4476 (init) -> 4118 (map).
[16:25:20] [Server thread/DEBUG] [FML/]: Fixed item id mismatch HTGT6:HullIV: 1027 (init) -> 185 (map).
[16:25:20] [Server thread/DEBUG] [FML/]: Fixed item id mismatch IC2:item.itemIngotUran: 4263 (init) -> 4406 (map).
[16:25:20] [Server thread/DEBUG] [FML/]: Fixed item id mismatch IC2:item.itemTreetap: 4231 (init) -> 4374 (map).
[16:25:20] [Server thread/DEBUG] [FML/]: Fixed item id mismatch IC2:item.itemMetaScanners: 4288 (init) -> 4431 (map).
[16:25:20] [Server thread/DEBUG] [FML/]: Fixed item id mismatch HTGT6:ULVcoil: 4473 (init) -> 4115 (map).
[16:25:20] [Server thread/DEBUG] [FML/]: Fixed item id mismatch IC2:item.itemBatRE: 4258 (init) -> 4401 (map).
[16:25:20] [Server thread/DEBUG] [FML/]: Fixed item id mismatch gregtech:gt.meta.toolHeadRawShovel: 4420 (init) -> 4568 (map).
[16:25:20] [Server thread/DEBUG] [FML/]: Fixed item id mismatch HTGT6:UnfFireclybrick: 4522 (init) -> 4164 (map).
[16:25:20] [Server thread/DEBUG] [FML/]: Fixed item id mismatch IC2:item.itemToolPainterGreen: 4187 (init) -> 4330 (map).
[16:25:20] [Server thread/DEBUG] [FML/]: Fixed item id mismatch gregtech:gt.armor.hazmat.radiation.head: 4328 (init) -> 4532 (map).
[16:25:20] [Server thread/DEBUG] [FML/]: Fixed item id mismatch gregtech:gt.stone.prismarine.dark: 530 (init) -> 729 (map).
[16:25:20] [Server thread/DEBUG] [FML/]: Fixed item id mismatch gregtech:gt.meta.toolHeadRawSense: 4442 (init) -> 4507 (map).
[16:25:20] [Server thread/DEBUG] [FML/]: Fixed item id mismatch HTGT6:INFIcoil: 4463 (init) -> 4105 (map).
[16:25:20] [Server thread/DEBUG] [FML/]: Fixed item id mismatch HTGT6:itemTransistor: 4535 (init) -> 4177 (map).
[16:25:20] [Server thread/DEBUG] [FML/]: Fixed item id mismatch HTGT6:itemOPSMDCapacitor: 4549 (init) -> 4191 (map).
[16:25:20] [Server thread/DEBUG] [FML/]: Fixed item id mismatch IC2:miningPipeTip: 198 (init) -> 218 (map).
[16:25:20] [Server thread/DEBUG] [FML/]: Fixed item id mismatch gregtech:gt.meta.ore.broken.greenschist: 488 (init) -> 502 (map).
[16:25:20] [Server thread/DEBUG] [FML/]: Fixed item id mismatch HTGT6:HullLV: 1014 (init) -> 166 (map).
[16:25:20] [Server thread/DEBUG] [FML/]: Fixed item id mismatch IC2:item.itemArmorAlloyChestplate: 4297 (init) -> 4440 (map).
[16:25:20] [Server thread/DEBUG] [FML/]: Fixed item id mismatch gregtech:gt.armor.hazmat.universal.head: 4336 (init) -> 4514 (map).
[16:25:20] [Server thread/DEBUG] [FML/]: Fixed item id mismatch IC2:blockElectric: 182 (init) -> 202 (map).
[16:25:20] [Server thread/DEBUG] [FML/]: Fixed item id mismatch IC2:noUsage: 4276 (init) -> 4419 (map).
[16:25:20] [Server thread/DEBUG] [FML/]: Fixed item id mismatch gregtech:gt.meta.storage.dust: 210 (init) -> 427 (map).
[16:25:20] [Server thread/DEBUG] [FML/]: Fixed item id mismatch IC2:item.itemArmorHazmatLeggings: 4101 (init) -> 4244 (map).
[16:25:20] [Server thread/DEBUG] [FML/]: Fixed item id mismatch gregtech:gt.meta.toolHeadPickaxe: 4416 (init) -> 4588 (map).
[16:25:20] [Server thread/DEBUG] [FML/]: Fixed item id mismatch gregtech:gt.meta.crate.ingot: 222 (init) -> 249 (map).
[16:25:20] [Server thread/DEBUG] [FML/]: Fixed item id mismatch gregtech:gt.armor.hazmat.heat.boots: 4327 (init) -> 4479 (map).
[16:25:20] [Server thread/DEBUG] [FML/]: Fixed item id mismatch IC2:reinforcedDoorBlock: 184 (init) -> 204 (map).
[16:25:20] [Server thread/DEBUG] [FML/]: Fixed item id mismatch IC2:item.itemFlour: 4303 (init) -> 4446 (map).
[16:25:20] [Server thread/DEBUG] [FML/]: Fixed item id mismatch HTGT6:dustIrO: 4597 (init) -> 4239 (map).
[16:25:20] [Server thread/DEBUG] [FML/]: Fixed item id mismatch IC2:item.reactorSteamVentGold: 4286 (init) -> 4429 (map).
[16:25:20] [Server thread/DEBUG] [FML/]: Fixed item id mismatch IC2:item.itemTFBPIrrigation: 4164 (init) -> 4307 (map).
[16:25:20] [Server thread/DEBUG] [FML/]: Fixed item id mismatch IC2:item.itemToolPainter: 4190 (init) -> 4333 (map).
[16:25:20] [Server thread/DEBUG] [FML/]: Fixed item id mismatch HTGT6:ChunkloadingCoin: 4515 (init) -> 4157 (map).
[16:25:20] [Server thread/DEBUG] [FML/]: Fixed item id mismatch IC2:item.reactorCoolantTriple: 4121 (init) -> 4264 (map).
[16:25:20] [Server thread/DEBUG] [FML/]: Fixed item id mismatch HTGT6:assembler: 1012 (init) -> 228 (map).
[16:25:20] [Server thread/DEBUG] [FML/]: Fixed item id mismatch IC2:item.itemBatSU: 4257 (init) -> 4400 (map).
[16:25:20] [Server thread/DEBUG] [FML/]: Fixed item id mismatch gregtech:gt.meta.ore.normal.marble: 427 (init) -> 573 (map).
[16:25:20] [Server thread/DEBUG] [FML/]: Fixed item id mismatch HTGT6:dustPlemtis: 4454 (init) -> 4096 (map).
[16:25:20] [Server thread/DEBUG] [FML/]: Fixed item id mismatch gregtech:gt.meta.crushed: 4355 (init) -> 4593 (map).
[16:25:20] [Server thread/DEBUG] [FML/]: Fixed item id mismatch IC2:item.itemToolPainterLightGrey: 4182 (init) -> 4325 (map).
[16:25:20] [Server thread/DEBUG] [FML/]: Fixed item id mismatch HTGT6:dustNiCu: 4599 (init) -> 4241 (map).
[16:25:20] [Server thread/DEBUG] [FML/]: Fixed item id mismatch IC2:item.itemPartPellet: 4152 (init) -> 4295 (map).
[16:25:20] [Server thread/DEBUG] [FML/]: Fixed item id mismatch HTGT6:HVcoil: 4470 (init) -> 4112 (map).
[16:25:20] [Server thread/DEBUG] [FML/]: Fixed item id mismatch gregtech:gt.meta.ingot: 4370 (init) -> 4522 (map).
[16:25:20] [Server thread/DEBUG] [FML/]: Fixed item id mismatch gregtech:gt.meta.crate.gem: 220 (init) -> 428 (map).
[16:25:20] [Server thread/DEBUG] [FML/]: Fixed item id mismatch gregtech:gt.armor.hazmat.insect.legs: 4318 (init) -> 4594 (map).
[16:25:20] [Server thread/DEBUG] [FML/]: Fixed item id mismatch HTGT6:itemEpoxidCircBoard: 4552 (init) -> 4194 (map).
[16:25:20] [Server thread/DEBUG] [FML/]: Fixed item id mismatch gregtech:gt.meta.toolHeadRawArrow: 4447 (init) -> 4511 (map).
[16:25:20] [Server thread/DEBUG] [FML/]: Fixed item id mismatch IC2:blockMetal: 179 (init) -> 199 (map).
[16:25:20] [Server thread/DEBUG] [FML/]: Fixed item id mismatch IC2:item.itemChargePadUpgrade: 4308 (init) -> 4451 (map).
[16:25:20] [Server thread/DEBUG] [FML/]: Fixed item id mismatch IC2:rubberLeaves: 196 (init) -> 216 (map).
[16:25:20] [Server thread/DEBUG] [FML/]: Fixed item id mismatch gregtech:gt.meta.toolHeadScrewdriver: 4439 (init) -> 4587 (map).
[16:25:20] [Server thread/DEBUG] [FML/]: Fixed item id mismatch gregtech:gt.meta.ingotQuintuple: 4375 (init) -> 4460 (map).
[16:25:20] [Server thread/DEBUG] [FML/]: Fixed item id mismatch gregtech:gt.meta.toolHeadBuzzSaw: 4446 (init) -> 4550 (map).
[16:25:20] [Server thread/DEBUG] [FML/]: Fixed item id mismatch IC2:item.itemToolWrench: 4202 (init) -> 4345 (map).
[16:25:20] [Server thread/DEBUG] [FML/]: Fixed item id mismatch IC2:item.itemPartCarbonPlate: 4170 (init) -> 4313 (map).
[16:25:20] [Server thread/DEBUG] [FML/]: Fixed item id mismatch HTGT6:PCcube: 1018 (init) -> 176 (map).
[16:25:20] [Server thread/DEBUG] [FML/]: Fixed item id mismatch IC2:item.coffee: 4131 (init) -> 4274 (map).
[16:25:20] [Server thread/DEBUG] [FML/]: Fixed item id mismatch HTGT6:HullUV: 1030 (init) -> 188 (map).
[16:25:20] [Server thread/DEBUG] [FML/]: Fixed item id mismatch IC2:item.itemArmorNuclearCombindedJetpack: 4306 (init) -> 4449 (map).
[16:25:20] [Server thread/DEBUG] [FML/]: Fixed item id mismatch gregtech:gt.block.concrete.slab.1: 563 (init) -> 565 (map).
[16:25:20] [Server thread/DEBUG] [FML/]: Fixed item id mismatch IC2:item.itemIngotAdvIron: 4268 (init) -> 4411 (map).
[16:25:20] [Server thread/DEBUG] [FML/]: Fixed item id mismatch gregtech:gt.block.concrete.slab.0: 562 (init) -> 566 (map).
[16:25:20] [Server thread/DEBUG] [FML/]: Fixed item id mismatch gregtech:gt.block.concrete.slab.3: 565 (init) -> 567 (map).
[16:25:20] [Server thread/DEBUG] [FML/]: Fixed item id mismatch IC2:item.itemToolPainterCloud: 4177 (init) -> 4320 (map).
[16:25:20] [Server thread/DEBUG] [FML/]: Fixed item id mismatch gregtech:gt.block.concrete.slab.2: 564 (init) -> 569 (map).
[16:25:20] [Server thread/DEBUG] [FML/]: Fixed item id mismatch gregtech:gt.block.concrete.slab.5: 567 (init) -> 570 (map).
[16:25:20] [Server thread/DEBUG] [FML/]: Fixed item id mismatch gregtech:gt.block.concrete.slab.4: 566 (init) -> 571 (map).
[16:25:20] [Server thread/DEBUG] [FML/]: Fixed item id mismatch IC2:cableBlock: 183 (init) -> 203 (map).
[16:25:20] [Server thread/DEBUG] [FML/]: Fixed item id mismatch gregtech:gt.meta.bulletGtLarge: 4453 (init) -> 4592 (map).
[16:25:20] [Server thread/DEBUG] [FML/]: Fixed item id mismatch HTGT6:itemOPSMDdiode: 4548 (init) -> 4190 (map).
[16:25:20] [Server thread/DEBUG] [FML/]: Fixed item id mismatch gregtech:gt.meta.gemLegendary: 4366 (init) -> 4480 (map).
[16:25:20] [Server thread/DEBUG] [FML/]: Fixed item id mismatch IC2:item.itemIngotCopper: 4267 (init) -> 4410 (map).
[16:25:20] [Server thread/DEBUG] [FML/]: Fixed item id mismatch IC2:item.reactorHeatSwitchDiamond: 4115 (init) -> 4258 (map).
[16:25:20] [Server thread/DEBUG] [FML/]: Fixed item id mismatch HTGT6:dustKeNiCu: 4598 (init) -> 4240 (map).
[16:25:20] [Server thread/DEBUG] [FML/]: Fixed item id mismatch HTGT6:Qeye: 4503 (init) -> 4145 (map).
[16:25:20] [Server thread/DEBUG] [FML/]: Fixed item id mismatch HTGT6:TriniumFluoirite: 1020 (init) -> 178 (map).
[16:25:20] [Server thread/DEBUG] [FML/]: Fixed item id mismatch gregtech:gt.stone.basalt: 251 (init) -> 504 (map).
[16:25:20] [Server thread/DEBUG] [FML/]: Fixed item id mismatch HTGT6:SteamPunkCoin: 4508 (init) -> 4150 (map).
[16:25:20] [Server thread/DEBUG] [FML/]: Fixed item id mismatch HTGT6:itemMonocrystall4: 4580 (init) -> 4222 (map).
[16:25:20] [Server thread/DEBUG] [FML/]: Fixed item id mismatch HTGT6:itemMonocrystall3: 4579 (init) -> 4221 (map).
[16:25:20] [Server thread/DEBUG] [FML/]: Fixed item id mismatch gregtech:gt.stone.granite.black: 231 (init) -> 239 (map).
[16:25:20] [Server thread/DEBUG] [FML/]: Fixed item id mismatch HTGT6:HullZPM: 1029 (init) -> 187 (map).
[16:25:20] [Server thread/DEBUG] [FML/]: Fixed item id mismatch HTGT6:itemMonocrystall2: 4578 (init) -> 4220 (map).
[16:25:20] [Server thread/DEBUG] [FML/]: Fixed item id mismatch IC2:item.itemCellWater: 4237 (init) -> 4380 (map).
[16:25:20] [Server thread/DEBUG] [FML/]: Fixed item id mismatch HTGT6:itemMonocrystall1: 4577 (init) -> 4219 (map).
[16:25:20] [Server thread/DEBUG] [FML/]: Fixed item id mismatch gregtech:gt.block.concrete.reinforced.slab.0: 569 (init) -> 761 (map).
[16:25:20] [Server thread/DEBUG] [FML/]: Fixed item id mismatch gregtech:gt.block.concrete.reinforced.slab.2: 571 (init) -> 741 (map).
[16:25:20] [Server thread/DEBUG] [FML/]: Fixed item id mismatch gregtech:gt.block.concrete.reinforced.slab.1: 570 (init) -> 738 (map).
[16:25:20] [Server thread/DEBUG] [FML/]: Fixed item id mismatch gregtech:gt.meta.plantGtBerry: 4407 (init) -> 4528 (map).
[16:25:20] [Server thread/DEBUG] [FML/]: Fixed item id mismatch IC2:item.itemHops: 4130 (init) -> 4273 (map).
[16:25:20] [Server thread/DEBUG] [FML/]: Fixed item id mismatch IC2:item.reactorPlatingHeat: 4119 (init) -> 4262 (map).
[16:25:20] [Server thread/DEBUG] [FML/]: Fixed item id mismatch IC2:constructionFoamWallTextured: 207 (init) -> 227 (map).
[16:25:20] [Server thread/DEBUG] [FML/]: Fixed item id mismatch IC2:item.itemCellBio: 4248 (init) -> 4391 (map).
[16:25:20] [Server thread/DEBUG] [FML/]: Fixed item id mismatch IC2:item.itemToolMiningLaser: 4227 (init) -> 4370 (map).
[16:25:20] [Server thread/DEBUG] [FML/]: Fixed item id mismatch HTGT6:itemMonitor: 4520 (init) -> 4162 (map).
[16:25:20] [Server thread/DEBUG] [FML/]: Fixed item id mismatch IC2:item.itemCellLava: 4255 (init) -> 4398 (map).
[16:25:20] [Server thread/DEBUG] [FML/]: Fixed item id mismatch IC2:item.itemDustCopper: 4272 (init) -> 4415 (map).
[16:25:20] [Server thread/DEBUG] [FML/]: Fixed item id mismatch IC2:item.reactorIsotopeCell: 4222 (init) -> 4365 (map).
[16:25:20] [Server thread/DEBUG] [FML/]: Fixed item id mismatch IC2:item.itemPartCircuitAdv: 4209 (init) -> 4352 (map).
[16:25:20] [Server thread/DEBUG] [FML/]: Fixed item id mismatch IC2:item.itemToolDrill: 4254 (init) -> 4397 (map).
[16:25:20] [Server thread/DEBUG] [FML/]: Fixed item id mismatch HTGT6:itemSMDResistor: 4537 (init) -> 4179 (map).
[16:25:20] [Server thread/DEBUG] [FML/]: Fixed item id mismatch IC2:item.itemCoffeePowder: 4133 (init) -> 4276 (map).
[16:25:20] [Server thread/DEBUG] [FML/]: Fixed item id mismatch gregtech:gt.meta.plantGtTwig: 4410 (init) -> 4539 (map).
[16:25:20] [Server thread/DEBUG] [FML/]: Fixed item id mismatch HTGT6:itemSMDTransistor: 4539 (init) -> 4181 (map).
[16:25:20] [Server thread/DEBUG] [FML/]: Fixed item id mismatch gregtech:gt.block.concrete.reinforced.slab.4: 573 (init) -> 750 (map).
[16:25:20] [Server thread/DEBUG] [FML/]: Fixed item id mismatch gregtech:gt.block.concrete.reinforced.slab.3: 572 (init) -> 744 (map).
[16:25:20] [Server thread/DEBUG] [FML/]: Fixed item id mismatch HTGT6:itemIC: 4590 (init) -> 4232 (map).
[16:25:20] [Server thread/DEBUG] [FML/]: Fixed item id mismatch gregtech:gt.meta.lens: 4396 (init) -> 4495 (map).
[16:25:20] [Server thread/DEBUG] [FML/]: Fixed item id mismatch gregtech:gt.block.concrete.reinforced.slab.5: 574 (init) -> 610 (map).
[16:25:20] [Server thread/DEBUG] [FML/]: Fixed item id mismatch gregtech:gt.multiitem.food: 4344 (init) -> 4590 (map).
[16:25:20] [Server thread/DEBUG] [FML/]: Fixed item id mismatch gregtech:gt.meta.oreRaw: 4388 (init) -> 4461 (map).
[16:25:20] [Server thread/DEBUG] [FML/]: Fixed item id mismatch HTGT6:itemADVSMDResistor: 4542 (init) -> 4184 (map).
[16:25:20] [Server thread/DEBUG] [FML/]: Fixed item id mismatch IC2:item.itemTreetapElectric: 4144 (init) -> 4287 (map).
[16:25:20] [Server thread/DEBUG] [FML/]: Fixed item id mismatch IC2:item.reactorHeatSwitchSpread: 4116 (init) -> 4259 (map).
[16:25:20] [Server thread/DEBUG] [FML/]: Fixed item id mismatch gregtech:gt.meta.toolHeadRawSpade: 4422 (init) -> 4477 (map).
[16:25:20] [Server thread/DEBUG] [FML/]: Fixed item id mismatch IC2:item.itemTerraWart: 4135 (init) -> 4278 (map).
[16:25:20] [Server thread/DEBUG] [FML/]: Fixed item id mismatch HTGT6:itemRAM: 4586 (init) -> 4228 (map).
[16:25:20] [Server thread/DEBUG] [FML/]: Fixed item id mismatch IC2:item.itemDustTin: 4271 (init) -> 4414 (map).
[16:25:20] [Server thread/DEBUG] [FML/]: Fixed item id mismatch IC2:tinOre: 202 (init) -> 222 (map).
[16:25:20] [Server thread/DEBUG] [FML/]: Fixed item id mismatch gregtech:gt.meta.machine.quadruple: 217 (init) -> 747 (map).
[16:25:20] [Server thread/DEBUG] [FML/]: Fixed item id mismatch gregtech:gt.meta.arrowGtWood: 4449 (init) -> 4478 (map).
[16:25:20] [Server thread/DEBUG] [FML/]: Fixed item id mismatch IC2:item.itemCellHydrant: 4141 (init) -> 4284 (map).
[16:25:20] [Server thread/DEBUG] [FML/]: Fixed item id mismatch HTGT6:hullMV: 1015 (init) -> 167 (map).
[16:25:20] [Server thread/DEBUG] [FML/]: Fixed item id mismatch IC2:item.itemToolPainterRed: 4188 (init) -> 4331 (map).
[16:25:20] [Server thread/DEBUG] [FML/]: Fixed item id mismatch HTGT6:DustIO: 4487 (init) -> 4129 (map).
[16:25:20] [Server thread/DEBUG] [FML/]: Fixed item id mismatch HTGT6:dustPtCl: 4593 (init) -> 4235 (map).
[16:25:20] [Server thread/DEBUG] [FML/]: Fixed item id mismatch gregtech:gt.meta.plateDense: 4384 (init) -> 4535 (map).
[16:25:20] [Server thread/DEBUG] [FML/]: Fixed item id mismatch IC2:item.itemToolPainterOrange: 4175 (init) -> 4318 (map).
[16:25:20] [Server thread/DEBUG] [FML/]: Fixed item id mismatch IC2:item.itemToolWrenchElectric: 4160 (init) -> 4303 (map).
[16:25:20] [Server thread/DEBUG] [FML/]: Fixed item id mismatch HTGT6:rodCelTit: 4461 (init) -> 4103 (map).
[16:25:20] [Server thread/DEBUG] [FML/]: Fixed item id mismatch IC2:item.itemDustCoal: 4275 (init) -> 4418 (map).
[16:25:20] [Server thread/DEBUG] [FML/]: Fixed item id mismatch gregtech:gt.meta.crate.64.raw: 225 (init) -> 498 (map).
[16:25:20] [Server thread/DEBUG] [FML/]: Fixed item id mismatch IC2:item.itemScrapbox: 4159 (init) -> 4302 (map).
[16:25:20] [Server thread/DEBUG] [FML/]: Fixed item id mismatch IC2:item.itemFreq: 4154 (init) -> 4297 (map).
[16:25:20] [Server thread/DEBUG] [FML/]: Fixed item id mismatch IC2:item.itemArmorQuantumLegs: 4192 (init) -> 4335 (map).
[16:25:20] [Server thread/DEBUG] [FML/]: Fixed item id mismatch IC2:item.reactorVent: 4114 (init) -> 4257 (map).
[16:25:20] [Server thread/DEBUG] [FML/]: Fixed item id mismatch gregtech:gt.armor.hazmat.insect.head: 4316 (init) -> 4548 (map).
[16:25:20] [Server thread/DEBUG] [FML/]: Fixed item id mismatch IC2:item.itemMugEmpty: 4132 (init) -> 4275 (map).
[16:25:20] [Server thread/DEBUG] [FML/]: Fixed item id mismatch IC2:item.itemDustIronSmall: 4269 (init) -> 4412 (map).
[16:25:20] [Server thread/DEBUG] [FML/]: Fixed item id mismatch HTGT6:itemOPSMDResistor: 4547 (init) -> 4189 (map).
[16:25:20] [Server thread/DEBUG] [FML/]: Fixed item id mismatch IC2:item.itemArmorCFPack: 4149 (init) -> 4292 (map).
[16:25:20] [Server thread/DEBUG] [FML/]: Fixed item id mismatch gregtech:gt.meta.ore.broken.eb.stone.6: 741 (init) -> 782 (map).
[16:25:20] [Server thread/DEBUG] [FML/]: Fixed item id mismatch gregtech:gt.meta.ore.broken.eb.stone.7: 744 (init) -> 910 (map).
[16:25:20] [Server thread/DEBUG] [FML/]: Fixed item id mismatch IC2:blockMachine: 204 (init) -> 224 (map).
[16:25:20] [Server thread/DEBUG] [FML/]: Fixed item id mismatch gregtech:gt.meta.ore.broken.eb.stone.8: 747 (init) -> 1017 (map).
[16:25:20] [Server thread/DEBUG] [FML/]: Fixed item id mismatch HTGT6:explorersCoin: 4505 (init) -> 4147 (map).
[16:25:20] [Server thread/DEBUG] [FML/]: Fixed item id mismatch gregtech:gt.meta.ore.broken.eb.stone.9: 750 (init) -> 1021 (map).
[16:25:20] [Server thread/DEBUG] [FML/]: Fixed item id mismatch gregtech:gt.meta.ore.broken.blueschist: 498 (init) -> 1026 (map).
[16:25:20] [Server thread/DEBUG] [FML/]: Fixed item id mismatch gregtech:gt.meta.ore.broken.eb.stone.2: 729 (init) -> 1028 (map).
[16:25:20] [Server thread/DEBUG] [FML/]: Fixed item id mismatch gregtech:gt.meta.ore.broken.eb.stone.3: 732 (init) -> 1029 (map).
[16:25:20] [Server thread/DEBUG] [FML/]: Fixed item id mismatch gregtech:gt.meta.ore.broken.eb.stone.4: 735 (init) -> 975 (map).
[16:25:20] [Server thread/DEBUG] [FML/]: Fixed item id mismatch gregtech:gt.meta.ore.broken.eb.stone.5: 738 (init) -> 1012 (map).
[16:25:20] [Server thread/DEBUG] [FML/]: Fixed item id mismatch gregtech:gt.meta.ore.broken.eb.stone.0: 723 (init) -> 1031 (map).
[16:25:20] [Server thread/DEBUG] [FML/]: Fixed item id mismatch gregtech:gt.meta.ore.broken.eb.stone.1: 726 (init) -> 1032 (map).
[16:25:20] [Server thread/DEBUG] [FML/]: Fixed item id mismatch gregtech:gt.armor.hazmat.radiation.chest: 4329 (init) -> 4544 (map).
[16:25:20] [Server thread/DEBUG] [FML/]: Fixed item id mismatch IC2:item.itemObsidianBlade: 4291 (init) -> 4434 (map).
[16:25:20] [Server thread/DEBUG] [FML/]: Fixed item id mismatch IC2:item.itemTea: 4295 (init) -> 4438 (map).
[16:25:20] [Server thread/DEBUG] [FML/]: Fixed item id mismatch gregtech:gt.meta.crushedPurifiedTiny: 4358 (init) -> 4490 (map).
[16:25:20] [Server thread/DEBUG] [FML/]: Fixed item id mismatch gregtech:gt.meta.toolHeadSpade: 4423 (init) -> 4572 (map).
[16:25:20] [Server thread/DEBUG] [FML/]: Fixed item id mismatch HTGT6:itemSMDdiode: 4538 (init) -> 4180 (map).
[16:25:20] [Server thread/DEBUG] [FML/]: Fixed item id mismatch HTGT6:itemDustLapatron: 4564 (init) -> 4206 (map).
[16:25:20] [Server thread/DEBUG] [FML/]: Fixed item id mismatch IC2:item.itemDebug: 4125 (init) -> 4268 (map).
[16:25:20] [Server thread/DEBUG] [FML/]: Fixed item id mismatch HTGT6:itemOPSMDTransistor: 4550 (init) -> 4192 (map).
[16:25:20] [Server thread/DEBUG] [FML/]: Fixed item id mismatch gregtech:gt.meta.toolHeadRawHoe: 4428 (init) -> 4524 (map).
[16:25:20] [Server thread/DEBUG] [FML/]: Fixed item id mismatch gregtech:gt.meta.railGt: 4406 (init) -> 4566 (map).
[16:25:20] [Server thread/DEBUG] [FML/]: Fixed item id mismatch IC2:item.itemToolHoe: 4140 (init) -> 4283 (map).
[16:25:20] [Server thread/DEBUG] [FML/]: Fixed item id mismatch HTGT6:dustHelema: 4458 (init) -> 4100 (map).
[16:25:20] [Server thread/DEBUG] [FML/]: Fixed item id mismatch IC2:nuke: 192 (init) -> 212 (map).
[16:25:20] [Server thread/DEBUG] [FML/]: Fixed item id mismatch gregtech:gt.meta.crushedCentrifuged: 4359 (init) -> 4502 (map).
[16:25:20] [Server thread/DEBUG] [FML/]: Fixed item id mismatch gregtech:gt.meta.crushedCentrifugedTiny: 4360 (init) -> 4523 (map).
[16:25:20] [Server thread/DEBUG] [FML/]: Fixed item id mismatch gregtech:gt.meta.ingotHot: 4371 (init) -> 4556 (map).
[16:25:20] [Server thread/DEBUG] [FML/]: Fixed item id mismatch IC2:item.itemDynamite: 4234 (init) -> 4377 (map).
[16:25:20] [Server thread/DEBUG] [FML/]: Fixed item id mismatch gregtech:gt.meta.chain: 4401 (init) -> 4541 (map).
[16:25:20] [Server thread/DEBUG] [FML/]: Fixed item id mismatch IC2:item.itemArmorLappack: 4147 (init) -> 4290 (map).
[16:25:20] [Server thread/DEBUG] [FML/]: Fixed item id mismatch gregtech:gt.meta.crate.64.ingot: 228 (init) -> 236 (map).
[16:25:20] [Server thread/DEBUG] [FML/]: Fixed item id mismatch HTGT6:itemOPSMDInductiveCoil: 4551 (init) -> 4193 (map).
[16:25:20] [Server thread/DEBUG] [FML/]: Fixed item id mismatch gregtech:gt.multiitem.cans: 4343 (init) -> 4546 (map).
[16:25:20] [Server thread/DEBUG] [FML/]: Fixed item id mismatch gregtech:gt.meta.machine.dense: 218 (init) -> 240 (map).
[16:25:20] [Server thread/DEBUG] [FML/]: Fixed item id mismatch HTGT6:itemQuantumCrystall: 4570 (init) -> 4212 (map).
[16:25:20] [Server thread/DEBUG] [FML/]: Fixed item id mismatch HTGT6:itemNanoCrystall: 4563 (init) -> 4205 (map).
[16:25:20] [Server thread/DEBUG] [FML/]: Fixed item id mismatch IC2:item.itemScrapMetal: 4280 (init) -> 4423 (map).
[16:25:20] [Server thread/DEBUG] [FML/]: Fixed item id mismatch gregtech:gt.meta.toolHeadPickaxeGem: 4417 (init) -> 4595 (map).
[16:25:20] [Server thread/DEBUG] [FML/]: Fixed item id mismatch IC2:item.itemArmorCombinedJetpack: 4305 (init) -> 4448 (map).
[16:25:20] [Server thread/DEBUG] [FML/]: Fixed item id mismatch IC2:item.ic2upgrades: 4145 (init) -> 4288 (map).
[16:25:20] [Server thread/DEBUG] [FML/]: Fixed item id mismatch IC2:rubberSapling: 195 (init) -> 215 (map).
[16:25:20] [Server thread/DEBUG] [FML/]: Fixed item id mismatch gregtech:gt.meta.toolHeadArrow: 4448 (init) -> 4505 (map).
[16:25:20] [Server thread/DEBUG] [FML/]: Fixed item id mismatch IC2:item.itemCellCoal: 4249 (init) -> 4392 (map).
[16:25:20] [Server thread/DEBUG] [FML/]: Fixed item id mismatch gregtech:gt.meta.dustSmall: 4351 (init) -> 4577 (map).
[16:25:20] [Server thread/DEBUG] [FML/]: Fixed item id mismatch gregtech:gt.meta.toolHeadHoe: 4429 (init) -> 4573 (map).
[16:25:20] [Server thread/DEBUG] [FML/]: Fixed item id mismatch IC2:item.itemArmorAlloyLeggings: 4299 (init) -> 4442 (map).
[16:25:20] [Server thread/DEBUG] [FML/]: Fixed item id mismatch gregtech:gt.stone.marble: 414 (init) -> 503 (map).
[16:25:20] [Server thread/DEBUG] [FML/]: Fixed item id mismatch HTGT6:itemSMDInductiveCoil: 4541 (init) -> 4183 (map).
[16:25:20] [Server thread/DEBUG] [FML/]: Fixed item id mismatch gregtech:gt.meta.crushedPurified: 4357 (init) -> 4466 (map).
[16:25:20] [Server thread/DEBUG] [FML/]: Fixed item id mismatch IC2:rubberTrampoline: 189 (init) -> 209 (map).
[16:25:20] [Server thread/DEBUG] [FML/]: Fixed item id mismatch gregtech:gt.meta.ingotTriple: 4373 (init) -> 4497 (map).
[16:25:20] [Server thread/DEBUG] [FML/]: Fixed item id mismatch gregtech:gt.armor.hazmat.universal.boots: 4339 (init) -> 4599 (map).
[16:25:20] [Server thread/DEBUG] [FML/]: Fixed item id mismatch IC2:item.itemToolPainterMagenta: 4176 (init) -> 4319 (map).
[16:25:20] [Server thread/DEBUG] [FML/]: Fixed item id mismatch HTGT6:dustDomoce: 4457 (init) -> 4099 (map).
[16:25:20] [Server thread/DEBUG] [FML/]: Fixed item id mismatch IC2:item.reactorPlatingExplosive: 4118 (init) -> 4261 (map).
[16:25:20] [Server thread/DEBUG] [FML/]: Fixed item id mismatch IC2:item.reactorReflectorThick: 4107 (init) -> 4250 (map).
[16:25:20] [Server thread/DEBUG] [FML/]: Fixed item id mismatch HTGT6:NovaCrystalDust: 4502 (init) -> 4144 (map).
[16:25:20] [Server thread/DEBUG] [FML/]: Fixed item id mismatch IC2:item.reactorCondensator: 4106 (init) -> 4249 (map).
[16:25:20] [Server thread/DEBUG] [FML/]: Fixed item id mismatch HTGT6:itemQuantumPartHelmet: 4566 (init) -> 4208 (map).
[16:25:20] [Server thread/DEBUG] [FML/]: Fixed item id mismatch IC2:item.itemToolBronzeSpade: 4216 (init) -> 4359 (map).
[16:25:20] [Server thread/DEBUG] [FML/]: Fixed item id mismatch IC2:item.itemBatLamaCrystal: 4259 (init) -> 4402 (map).
[16:25:20] [Server thread/DEBUG] [FML/]: Fixed item id mismatch gregtech:gt.meta.toolHeadSense: 4443 (init) -> 4518 (map).
[16:25:20] [Server thread/DEBUG] [FML/]: Fixed item id mismatch IC2:item.reactorReflector: 4108 (init) -> 4251 (map).
[16:25:20] [Server thread/DEBUG] [FML/]: Fixed item id mismatch HTGT6:VelaADust: 4491 (init) -> 4133 (map).
[16:25:20] [Server thread/DEBUG] [FML/]: Fixed item id mismatch gregtech:gt.meta.storage.plate: 212 (init) -> 764 (map).
[16:25:20] [Server thread/DEBUG] [FML/]: Fixed item id mismatch IC2:item.itemToolCutter: 4173 (init) -> 4316 (map).
[16:25:20] [Server thread/DEBUG] [FML/]: Fixed item id mismatch gregtech:gt.meta.plateTriple: 4381 (init) -> 4488 (map).
[16:25:20] [Server thread/DEBUG] [FML/]: Fixed item id mismatch HTGT6:itemADVSMDInductiveCoil: 4546 (init) -> 4188 (map).
[16:25:20] [Server thread/DEBUG] [FML/]: Fixed item id mismatch gregtech:gt.meta.crate.64.dust: 227 (init) -> 232 (map).
[16:25:20] [Server thread/DEBUG] [FML/]: Fixed item id mismatch gregtech:gt.meta.stickLong: 4393 (init) -> 4526 (map).
[16:25:20] [Server thread/DEBUG] [FML/]: Fixed item id mismatch IC2:item.itemToolPainterYellow: 4178 (init) -> 4321 (map).
[16:25:20] [Server thread/DEBUG] [FML/]: Fixed item id mismatch HTGT6:PUV1coil: 4464 (init) -> 4106 (map).
[16:25:20] [Server thread/DEBUG] [FML/]: Fixed item id mismatch HTGT6:hullHV: 1016 (init) -> 168 (map).
[16:25:20] [Server thread/DEBUG] [FML/]: Fixed item id mismatch IC2:item.itemTFBPCultivation: 4165 (init) -> 4308 (map).
[16:25:20] [Server thread/DEBUG] [FML/]: Fixed item id mismatch gregtech:gt.stone.granite.red.slab.0: 242 (init) -> 481 (map).
[16:25:20] [Server thread/DEBUG] [FML/]: Fixed item id mismatch gregtech:gt.stone.granite.red.slab.1: 243 (init) -> 479 (map).
[16:25:20] [Server thread/DEBUG] [FML/]: Fixed item id mismatch gregtech:gt.stone.granite.red.slab.2: 244 (init) -> 483 (map).
[16:25:20] [Server thread/DEBUG] [FML/]: Fixed item id mismatch gregtech:gt.stone.granite.red.slab.3: 245 (init) -> 482 (map).
[16:25:20] [Server thread/DEBUG] [FML/]: Fixed item id mismatch gregtech:gt.stone.granite.red.slab.4: 246 (init) -> 485 (map).
[16:25:20] [Server thread/DEBUG] [FML/]: Fixed item id mismatch gregtech:gt.stone.granite.red.slab.5: 247 (init) -> 484 (map).
[16:25:20] [Server thread/DEBUG] [FML/]: Fixed item id mismatch gregtech:gt.meta.toolHeadPlow: 4445 (init) -> 4549 (map).
[16:25:20] [Server thread/DEBUG] [FML/]: Fixed item id mismatch gregtech:gt.meta.ore.normal.blackgranite: 238 (init) -> 438 (map).
[16:25:20] [Server thread/DEBUG] [FML/]: Fixed item id mismatch gregtech:gt.multiitem.randomtools: 4342 (init) -> 4598 (map).
[16:25:20] [Server thread/DEBUG] [FML/]: Fixed item id mismatch HTGT6:BoronGlassPane1: 4558 (init) -> 4200 (map).
[16:25:20] [Server thread/DEBUG] [FML/]: Fixed item id mismatch gregtech:gt.meta.boule: 4367 (init) -> 4589 (map).
[16:25:20] [Server thread/DEBUG] [FML/]: Fixed item id mismatch gregtech:gt.meta.crate.plateGem: 224 (init) -> 231 (map).
[16:25:20] [Server thread/DEBUG] [FML/]: Fixed item id mismatch IC2:item.itemToolPainterDarkGrey: 4181 (init) -> 4324 (map).
[16:25:20] [Server thread/DEBUG] [FML/]: Fixed item id mismatch gregtech:gt.meta.dustDiv72: 4353 (init) -> 4559 (map).
[16:25:20] [Server thread/DEBUG] [FML/]: Fixed item id mismatch HTGT6:TechCoin: 4514 (init) -> 4156 (map).
[16:25:20] [Server thread/DEBUG] [FML/]: Fixed item id mismatch gregtech:gt.meta.plateGem: 4377 (init) -> 4513 (map).
[16:25:20] [Server thread/DEBUG] [FML/]: Fixed item id mismatch gregtech:gt.meta.screw: 4399 (init) -> 4591 (map).
[16:25:20] [Server thread/DEBUG] [FML/]: Fixed item id mismatch gregtech:gt.meta.gearGtSmall: 4389 (init) -> 4476 (map).
[16:25:20] [Server thread/DEBUG] [FML/]: Fixed item id mismatch gregtech:gt.meta.minecartWheels: 4405 (init) -> 4553 (map).
[16:25:20] [Server thread/DEBUG] [FML/]: Fixed item id mismatch gregtech:gt.meta.toolHeadUniversalSpade: 4441 (init) -> 4471 (map).
[16:25:20] [Server thread/DEBUG] [FML/]: Fixed item id mismatch gregtech:gt.meta.crate.dust: 221 (init) -> 234 (map).
[16:25:20] [Server thread/DEBUG] [FML/]: Fixed item id mismatch IC2:item.itemArmorBronzeBoots: 4211 (init) -> 4354 (map).
[16:25:20] [Server thread/DEBUG] [FML/]: Fixed item id mismatch HTGT6:ingotArcanite: 4459 (init) -> 4101 (map).
[16:25:20] [Server thread/DEBUG] [FML/]: Fixed item id mismatch IC2:item.itemToolbox: 4138 (init) -> 4281 (map).
[16:25:20] [Server thread/DEBUG] [FML/]: Fixed item id mismatch gregtech:gt.meta.plateGemTiny: 4376 (init) -> 4496 (map).
[16:25:20] [Server thread/DEBUG] [FML/]: Fixed item id mismatch HTGT6:AE2coin: 4516 (init) -> 4158 (map).
[16:25:20] [Server thread/DEBUG] [FML/]: Fixed item id mismatch gregtech:gt.meta.toolHeadRawChisel: 4432 (init) -> 4493 (map).
[16:25:20] [Server thread/DEBUG] [FML/]: Fixed item id mismatch HTGT6:itemCarbonleggins: 4561 (init) -> 4203 (map).
[16:25:20] [Server thread/DEBUG] [FML/]: Fixed item id mismatch IC2:item.itemPartIridium: 4167 (init) -> 4310 (map).
[16:25:20] [Server thread/DEBUG] [FML/]: Fixed item id mismatch IC2:item.itemArmorBatpack: 4199 (init) -> 4342 (map).
[16:25:20] [Server thread/DEBUG] [FML/]: Fixed item id mismatch IC2:item.itemNanoSaberActive: 4169 (init) -> 4312 (map).
[16:25:20] [Server thread/DEBUG] [FML/]: Fixed item id mismatch HTGT6:dustVenus: 4480 (init) -> 4122 (map).
[16:25:20] [Server thread/DEBUG] [FML/]: Fixed item id mismatch gregtech:gt.meta.plateCurved: 4385 (init) -> 4557 (map).
[16:25:20] [Server thread/DEBUG] [FML/]: Fixed item id mismatch IC2:item.itemDustGold: 4273 (init) -> 4416 (map).
[16:25:20] [Server thread/DEBUG] [FML/]: Fixed item id mismatch HTGT6:DustOsIrRhRu: 4591 (init) -> 4233 (map).
[16:25:20] [Server thread/DEBUG] [FML/]: Fixed item id mismatch IC2:item.itemTFBPMushroom: 4139 (init) -> 4282 (map).
[16:25:20] [Server thread/DEBUG] [FML/]: Fixed item id mismatch IC2:item.itemRawObsidianBlade: 4290 (init) -> 4433 (map).
[16:25:20] [Server thread/DEBUG] [FML/]: Fixed item id mismatch IC2:item.itemScrap: 4208 (init) -> 4351 (map).
[16:25:20] [Server thread/DEBUG] [FML/]: Fixed item id mismatch gregtech:gt.armor.hazmat.radiation.legs: 4330 (init) -> 4579 (map).
[16:25:20] [Server thread/DEBUG] [FML/]: Fixed item id mismatch IC2:item.itemFertilizer: 4142 (init) -> 4285 (map).
[16:25:20] [Server thread/DEBUG] [FML/]: Fixed item id mismatch gregtech:gt.meta.toolHeadBuilderwand: 4419 (init) -> 4584 (map).
[16:25:20] [Server thread/DEBUG] [FML/]: Fixed item id mismatch HTGT6:itemDiode: 4534 (init) -> 4176 (map).
[16:25:20] [Server thread/DEBUG] [FML/]: Fixed item id mismatch gregtech:gt.meta.rockGt: 4387 (init) -> 4491 (map).
[16:25:20] [Server thread/DEBUG] [FML/]: Fixed item id mismatch gregtech:gt.meta.gemFlawless: 4364 (init) -> 4561 (map).
[16:25:20] [Server thread/DEBUG] [FML/]: Fixed item id mismatch gregapi:gt.empty_slot: 4098 (init) -> 4521 (map).
[16:25:20] [Server thread/DEBUG] [FML/]: Fixed item id mismatch gregtech:gt.meta.toolHeadChisel: 4433 (init) -> 4585 (map).
[16:25:20] [Server thread/DEBUG] [FML/]: Fixed item id mismatch gregtech:gt.meta.ore.small.netherrack: 715 (init) -> 770 (map).
[16:25:20] [Server thread/DEBUG] [FML/]: Fixed item id mismatch IC2:item.itemStaticBoots: 4136 (init) -> 4279 (map).
[16:25:20] [Server thread/DEBUG] [FML/]: Fixed item id mismatch gregtech:gt.armor.hazmat.biochemgas.legs: 4334 (init) -> 4580 (map).
[16:25:20] [Server thread/DEBUG] [FML/]: Fixed item id mismatch HTGT6:itemChipDiamond: 4571 (init) -> 4213 (map).
[16:25:20] [Server thread/DEBUG] [FML/]: Fixed item id mismatch gregtech:gt.meta.ore.small.blackgranite: 240 (init) -> 411 (map).
[16:25:20] [Server thread/DEBUG] [FML/]: Fixed item id mismatch IC2:ironScaffold: 165 (init) -> 191 (map).
[16:25:20] [Server thread/DEBUG] [FML/]: Fixed item id mismatch IC2:item.itemCellAir: 4100 (init) -> 4243 (map).
[16:25:20] [Server thread/DEBUG] [FML/]: Fixed item id mismatch HTGT6:dustMunce: 4456 (init) -> 4098 (map).
[16:25:20] [Server thread/DEBUG] [FML/]: Fixed item id mismatch gregtech:gt.meta.ore.small.andesite: 469 (init) -> 574 (map).
[16:25:20] [Server thread/DEBUG] [FML/]: Fixed item id mismatch IC2:item.itemToolChainsaw: 4252 (init) -> 4395 (map).
[16:25:20] [Server thread/DEBUG] [FML/]: Fixed item id mismatch gregtech:gt.armor.hazmat.frost.legs: 4322 (init) -> 4504 (map).
[16:25:20] [Server thread/DEBUG] [FML/]: Fixed item id mismatch IC2:item.itemDepletedEnrichedUraniumCells: 4312 (init) -> 4455 (map).
[16:25:20] [Server thread/DEBUG] [FML/]: Fixed item id mismatch IC2:item.itemPartCoalBall: 4158 (init) -> 4301 (map).
[16:25:20] [Server thread/DEBUG] [FML/]: Fixed item id mismatch gregtech:gt.meta.plateQuadruple: 4382 (init) -> 4571 (map).
[16:25:20] [Server thread/DEBUG] [FML/]: Fixed item id mismatch IC2:item.itemCropSeed: 4146 (init) -> 4289 (map).
[16:25:20] [Server thread/DEBUG] [FML/]: Fixed item id mismatch IC2:item.itemPartCircuit: 4210 (init) -> 4353 (map).
[16:25:20] [Server thread/DEBUG] [FML/]: Fixed item id mismatch IC2:item.itemIceTea: 4296 (init) -> 4439 (map).
[16:25:20] [Server thread/DEBUG] [FML/]: Fixed item id mismatch HTGT6:itemWaferRAM: 4585 (init) -> 4227 (map).
[16:25:20] [Server thread/DEBUG] [FML/]: Fixed item id mismatch HTGT6:QuantinumIngot: 4499 (init) -> 4141 (map).
[16:25:20] [Server thread/DEBUG] [FML/]: Fixed item id mismatch gregtech:gt.armor.hazmat.universal.legs: 4338 (init) -> 4469 (map).
[16:25:20] [Server thread/DEBUG] [FML/]: Fixed item id mismatch HTGT6:coinFarmer: 4507 (init) -> 4149 (map).
[16:25:20] [Server thread/DEBUG] [FML/]: Fixed item id mismatch gregtech:gt.meta.plate: 4379 (init) -> 4487 (map).
[16:25:20] [Server thread/DEBUG] [FML/]: Fixed item id mismatch gregtech:gt.meta.storage.gem: 209 (init) -> 230 (map).
[16:25:20] [Server thread/DEBUG] [FML/]: Fixed item id mismatch IC2:item.itemTFBP: 4166 (init) -> 4309 (map).
[16:25:20] [Server thread/DEBUG] [FML/]: Fixed item id mismatch IC2:item.itemEnrichedUranStuff: 4313 (init) -> 4456 (map).
[16:25:20] [Server thread/DEBUG] [FML/]: Fixed item id mismatch IC2:item.itemEnrichedUraniumCells: 4310 (init) -> 4453 (map).
[16:25:20] [Server thread/DEBUG] [FML/]: Fixed item id mismatch gregtech:gt.meta.plateTiny: 4378 (init) -> 4501 (map).
[16:25:20] [Server thread/DEBUG] [FML/]: Fixed item id mismatch HTGT6:dustCeres: 4478 (init) -> 4120 (map).
[16:25:20] [Server thread/DEBUG] [FML/]: Fixed item id mismatch gregtech:gt.meta.spring: 4395 (init) -> 4500 (map).
[16:25:20] [Server thread/DEBUG] [FML/]: Fixed item id mismatch IC2:item.reactorSteamVentDiamond: 4287 (init) -> 4430 (map).
[16:25:20] [Server thread/DEBUG] [FML/]: Fixed item id mismatch gregtech:gt.meta.toolHeadSword: 4414 (init) -> 4489 (map).
[16:25:20] [Server thread/DEBUG] [FML/]: Fixed item id mismatch IC2:item.itemPartCoalBlock: 4157 (init) -> 4300 (map).
[16:25:20] [Server thread/DEBUG] [FML/]: Fixed item id mismatch IC2:item.itemArmorBronzeLegs: 4212 (init) -> 4355 (map).
[16:25:20] [Server thread/DEBUG] [FML/]: Fixed item id mismatch IC2:item.itemTFBPFlatification: 4161 (init) -> 4304 (map).
[16:25:20] [Server thread/DEBUG] [FML/]: Fixed item id mismatch IC2:item.reactorUraniumSimple: 4226 (init) -> 4369 (map).
[16:25:20] [Server thread/DEBUG] [FML/]: Fixed item id mismatch IC2:item.itemIC2Boats: 4315 (init) -> 4458 (map).
[16:25:20] [Server thread/DEBUG] [FML/]: Fixed item id mismatch gregtech:gt.armor.hazmat.frost.boots: 4323 (init) -> 4534 (map).
[16:25:20] [Server thread/DEBUG] [FML/]: Fixed item id mismatch IC2:item.itemPartDCP: 4105 (init) -> 4248 (map).
[16:25:20] [Server thread/DEBUG] [FML/]: Fixed item id mismatch HTGT6:coinChemicalist: 4513 (init) -> 4155 (map).
[16:25:20] [Server thread/DEBUG] [FML/]: Fixed item id mismatch HTGT6:ZPMcoil: 4466 (init) -> 4108 (map).
[16:25:20] [Server thread/DEBUG] [FML/]: Fixed item id mismatch IC2:item.itemBlackTea: 4294 (init) -> 4437 (map).
[16:25:20] [Server thread/DEBUG] [FML/]: Fixed item id mismatch IC2:reactorChamber: 188 (init) -> 208 (map).
[16:25:20] [Server thread/DEBUG] [FML/]: Fixed item id mismatch IC2:item.itemToolBronzePickaxe: 4219 (init) -> 4362 (map).
[16:25:20] [Server thread/DEBUG] [FML/]: Fixed item id mismatch HTGT6:itemQuantumPartBoots: 4569 (init) -> 4211 (map).
[16:25:20] [Server thread/DEBUG] [FML/]: Fixed item id mismatch HTGT6:itemChipLapatron: 4575 (init) -> 4217 (map).
[16:25:20] [Server thread/DEBUG] [FML/]: Fixed item id mismatch HTGT6:itemCarbonHelmet: 4559 (init) -> 4201 (map).
[16:25:20] [Server thread/DEBUG] [FML/]: Fixed item id mismatch HTGT6:hullBattery2: 4532 (init) -> 4174 (map).
[16:25:20] [Server thread/DEBUG] [FML/]: Fixed item id mismatch IC2:item.reactorSteamVentCore: 4285 (init) -> 4428 (map).
[16:25:20] [Server thread/DEBUG] [FML/]: Fixed item id mismatch IC2:item.itemDustClay: 4153 (init) -> 4296 (map).
[16:25:20] [Server thread/DEBUG] [FML/]: Registry consistency check successful
[16:25:20] [Server thread/TRACE] [gregapi/gregapi]: Sending event FMLModIdMappingEvent to mod gregapi
[16:25:20] [Server thread/TRACE] [gregapi/gregapi]: Sent event FMLModIdMappingEvent to mod gregapi
[16:25:20] [Server thread/DEBUG] [FML/]: Bar Step: ModIdMapping - Greg-API took 0,048s
[16:25:20] [Server thread/TRACE] [mcp/mcp]: Sending event FMLModIdMappingEvent to mod mcp
[16:25:20] [Server thread/TRACE] [mcp/mcp]: Sent event FMLModIdMappingEvent to mod mcp
[16:25:20] [Server thread/DEBUG] [FML/]: Bar Step: ModIdMapping - Minecraft Coder Pack took 0,000s
[16:25:20] [Server thread/TRACE] [FML/FML]: Sending event FMLModIdMappingEvent to mod FML
[16:25:20] [Server thread/TRACE] [FML/FML]: Sent event FMLModIdMappingEvent to mod FML
[16:25:20] [Server thread/DEBUG] [FML/]: Bar Step: ModIdMapping - Forge Mod Loader took 0,000s
[16:25:20] [Server thread/TRACE] [Forge/Forge]: Sending event FMLModIdMappingEvent to mod Forge
[16:25:20] [Server thread/TRACE] [Forge/Forge]: Sent event FMLModIdMappingEvent to mod Forge
[16:25:20] [Server thread/DEBUG] [FML/]: Bar Step: ModIdMapping - Minecraft Forge took 0,050s
[16:25:20] [Server thread/TRACE] [CodeChickenCore/CodeChickenCore]: Sending event FMLModIdMappingEvent to mod CodeChickenCore
[16:25:20] [Server thread/TRACE] [CodeChickenCore/CodeChickenCore]: Sent event FMLModIdMappingEvent to mod CodeChickenCore
[16:25:20] [Server thread/DEBUG] [FML/]: Bar Step: ModIdMapping - CodeChicken Core took 0,000s
[16:25:20] [Server thread/TRACE] [NotEnoughItems/NotEnoughItems]: Sending event FMLModIdMappingEvent to mod NotEnoughItems
[16:25:20] [Server thread/TRACE] [NotEnoughItems/NotEnoughItems]: Sent event FMLModIdMappingEvent to mod NotEnoughItems
[16:25:20] [Server thread/DEBUG] [FML/]: Bar Step: ModIdMapping - NotEnoughItems took 0,000s
[16:25:20] [Server thread/TRACE] [GT_ASM/GT_ASM]: Sending event FMLModIdMappingEvent to mod GT_ASM
[16:25:20] [Server thread/TRACE] [GT_ASM/GT_ASM]: Sent event FMLModIdMappingEvent to mod GT_ASM
[16:25:20] [Server thread/DEBUG] [FML/]: Bar Step: ModIdMapping - Greg-ASM® took 0,000s
[16:25:20] [Server thread/TRACE] [IC2/IC2]: Sending event FMLModIdMappingEvent to mod IC2
[16:25:20] [Server thread/TRACE] [IC2/IC2]: Sent event FMLModIdMappingEvent to mod IC2
[16:25:20] [Server thread/DEBUG] [FML/]: Bar Step: ModIdMapping - Industrial Craft Classic took 0,000s
[16:25:20] [Server thread/TRACE] [IC2-Classic-Spmod/IC2-Classic-Spmod]: Sending event FMLModIdMappingEvent to mod IC2-Classic-Spmod
[16:25:20] [Server thread/TRACE] [IC2-Classic-Spmod/IC2-Classic-Spmod]: Sent event FMLModIdMappingEvent to mod IC2-Classic-Spmod
[16:25:20] [Server thread/DEBUG] [FML/]: Bar Step: ModIdMapping - IC2 Classic Detection Helper took 0,000s
[16:25:20] [Server thread/TRACE] [NEIAddons/NEIAddons]: Sending event FMLModIdMappingEvent to mod NEIAddons
[16:25:20] [Server thread/TRACE] [NEIAddons/NEIAddons]: Sent event FMLModIdMappingEvent to mod NEIAddons
[16:25:20] [Server thread/DEBUG] [FML/]: Bar Step: ModIdMapping - NEI Addons took 0,000s
[16:25:20] [Server thread/TRACE] [NEIAddons|Developer/NEIAddons|Developer]: Sending event FMLModIdMappingEvent to mod NEIAddons|Developer
[16:25:20] [Server thread/TRACE] [NEIAddons|Developer/NEIAddons|Developer]: Sent event FMLModIdMappingEvent to mod NEIAddons|Developer
[16:25:20] [Server thread/DEBUG] [FML/]: Bar Step: ModIdMapping - NEI Addons: Developer Tools took 0,000s
[16:25:20] [Server thread/TRACE] [NEIAddons|AppEng/NEIAddons|AppEng]: Sending event FMLModIdMappingEvent to mod NEIAddons|AppEng
[16:25:20] [Server thread/TRACE] [NEIAddons|AppEng/NEIAddons|AppEng]: Sent event FMLModIdMappingEvent to mod NEIAddons|AppEng
[16:25:20] [Server thread/DEBUG] [FML/]: Bar Step: ModIdMapping - NEI Addons: Applied Energistics 2 took 0,000s
[16:25:20] [Server thread/TRACE] [NEIAddons|Botany/NEIAddons|Botany]: Sending event FMLModIdMappingEvent to mod NEIAddons|Botany
[16:25:20] [Server thread/TRACE] [NEIAddons|Botany/NEIAddons|Botany]: Sent event FMLModIdMappingEvent to mod NEIAddons|Botany
[16:25:20] [Server thread/DEBUG] [FML/]: Bar Step: ModIdMapping - NEI Addons: Botany took 0,000s
[16:25:20] [Server thread/TRACE] [NEIAddons|Forestry/NEIAddons|Forestry]: Sending event FMLModIdMappingEvent to mod NEIAddons|Forestry
[16:25:20] [Server thread/TRACE] [NEIAddons|Forestry/NEIAddons|Forestry]: Sent event FMLModIdMappingEvent to mod NEIAddons|Forestry
[16:25:20] [Server thread/DEBUG] [FML/]: Bar Step: ModIdMapping - NEI Addons: Forestry took 0,000s
[16:25:20] [Server thread/TRACE] [NEIAddons|CraftingTables/NEIAddons|CraftingTables]: Sending event FMLModIdMappingEvent to mod NEIAddons|CraftingTables
[16:25:20] [Server thread/TRACE] [NEIAddons|CraftingTables/NEIAddons|CraftingTables]: Sent event FMLModIdMappingEvent to mod NEIAddons|CraftingTables
[16:25:20] [Server thread/DEBUG] [FML/]: Bar Step: ModIdMapping - NEI Addons: Crafting Tables took 0,000s
[16:25:20] [Server thread/TRACE] [NEIAddons|ExNihilo/NEIAddons|ExNihilo]: Sending event FMLModIdMappingEvent to mod NEIAddons|ExNihilo
[16:25:20] [Server thread/TRACE] [NEIAddons|ExNihilo/NEIAddons|ExNihilo]: Sent event FMLModIdMappingEvent to mod NEIAddons|ExNihilo
[16:25:20] [Server thread/DEBUG] [FML/]: Bar Step: ModIdMapping - NEI Addons: Ex Nihilo took 0,000s
[16:25:20] [Server thread/TRACE] [neiintegration/neiintegration]: Sending event FMLModIdMappingEvent to mod neiintegration
[16:25:20] [Server thread/TRACE] [neiintegration/neiintegration]: Sent event FMLModIdMappingEvent to mod neiintegration
[16:25:20] [Server thread/DEBUG] [FML/]: Bar Step: ModIdMapping - NEI Integration took 0,000s
[16:25:20] [Server thread/TRACE] [HTGT6/HTGT6]: Sending event FMLModIdMappingEvent to mod HTGT6
[16:25:20] [Server thread/TRACE] [HTGT6/HTGT6]: Sent event FMLModIdMappingEvent to mod HTGT6
[16:25:20] [Server thread/DEBUG] [FML/]: Bar Step: ModIdMapping - HTGT6 took 0,000s
[16:25:20] [Server thread/TRACE] [gregapi_post/gregapi_post]: Sending event FMLModIdMappingEvent to mod gregapi_post
[16:25:20] [Server thread/TRACE] [gregapi_post/gregapi_post]: Sent event FMLModIdMappingEvent to mod gregapi_post
[16:25:20] [Server thread/DEBUG] [FML/]: Bar Step: ModIdMapping - Greg-API-Post took 0,000s
[16:25:20] [Server thread/TRACE] [gregtech/gregtech]: Sending event FMLModIdMappingEvent to mod gregtech
[16:25:20] [Server thread/TRACE] [gregtech/gregtech]: Sent event FMLModIdMappingEvent to mod gregtech
[16:25:20] [Server thread/DEBUG] [FML/]: Bar Step: ModIdMapping - GregTech 6 Unofficial took 0,000s
[16:25:20] [Server thread/DEBUG] [FML/]: Bar Finished: ModIdMapping took 0,099s
[16:25:20] [Server thread/INFO] [FML/]: Applying holder lookups
[16:25:20] [Server thread/INFO] [FML/]: Holder lookups applied
[16:25:20] [Server thread/DEBUG] [FML/]: Loading persistent fluid defaults from world
[16:25:20] [Server thread/DEBUG] [FML/]: The fluid gregtech:pomegranatesmoothie has been selected as the default fluid for pomegranatesmoothie
[16:25:20] [Server thread/DEBUG] [FML/]: The fluid gregtech:potion.nightvision.long has been selected as the default fluid for potion.nightvision.long
[16:25:20] [Server thread/DEBUG] [FML/]: The fluid gregtech:cfoam.yellow has been selected as the default fluid for cfoam.yellow
[16:25:20] [Server thread/DEBUG] [FML/]: The fluid gregtech:carbonmonoxide has been selected as the default fluid for carbonmonoxide
[16:25:20] [Server thread/DEBUG] [FML/]: The fluid gregtech:propylene has been selected as the default fluid for propylene
[16:25:20] [Server thread/DEBUG] [FML/]: The fluid HTGT6:htgt6:helemaliquid has been selected as the default fluid for htgt6:helemaliquid
[16:25:20] [Server thread/DEBUG] [FML/]: The fluid gregtech:molten.lithiumchloride has been selected as the default fluid for molten.lithiumchloride
[16:25:20] [Server thread/DEBUG] [FML/]: The fluid gregtech:binnie.juicepear has been selected as the default fluid for binnie.juicepear
[16:25:20] [Server thread/DEBUG] [FML/]: The fluid gregtech:binnie.juicepeach has been selected as the default fluid for binnie.juicepeach
[16:25:20] [Server thread/DEBUG] [FML/]: The fluid gregtech:fruitsmoothie has been selected as the default fluid for fruitsmoothie
[16:25:20] [Server thread/DEBUG] [FML/]: The fluid gregtech:dodecane has been selected as the default fluid for dodecane
[16:25:20] [Server thread/DEBUG] [FML/]: The fluid gregtech:chlorine has been selected as the default fluid for chlorine
[16:25:20] [Server thread/DEBUG] [FML/]: The fluid gregtech:binnie.mashgrain has been selected as the default fluid for binnie.mashgrain
[16:25:20] [Server thread/DEBUG] [FML/]: The fluid gregtech:molten.beryllium has been selected as the default fluid for molten.beryllium
[16:25:20] [Server thread/DEBUG] [FML/]: The fluid gregtech:molten.sodium has been selected as the default fluid for molten.sodium
[16:25:20] [Server thread/DEBUG] [FML/]: The fluid gregtech:molten.constantan has been selected as the default fluid for molten.constantan
[16:25:20] [Server thread/DEBUG] [FML/]: The fluid gregtech:potion.goldenapplejuice has been selected as the default fluid for potion.goldenapplejuice
[16:25:20] [Server thread/DEBUG] [FML/]: The fluid gregtech:grcmilk.milk has been selected as the default fluid for grcmilk.milk
[16:25:20] [Server thread/DEBUG] [FML/]: The fluid gregtech:potion.thick has been selected as the default fluid for potion.thick
[16:25:20] [Server thread/DEBUG] [FML/]: The fluid gregtech:phosphoruspentafluoride has been selected as the default fluid for phosphoruspentafluoride
[16:25:20] [Server thread/DEBUG] [FML/]: The fluid gregtech:lpg has been selected as the default fluid for lpg
[16:25:20] [Server thread/DEBUG] [FML/]: The fluid gregtech:glue has been selected as the default fluid for glue
[16:25:20] [Server thread/DEBUG] [FML/]: The fluid gregtech:chocolatemilk has been selected as the default fluid for chocolatemilk
[16:25:20] [Server thread/DEBUG] [FML/]: The fluid gregtech:ic2pahoehoelava has been selected as the default fluid for ic2pahoehoelava
[16:25:20] [Server thread/DEBUG] [FML/]: The fluid gregtech:ricevinegar has been selected as the default fluid for ricevinegar
[16:25:20] [Server thread/DEBUG] [FML/]: The fluid gregtech:glyceryl has been selected as the default fluid for glyceryl
[16:25:20] [Server thread/DEBUG] [FML/]: The fluid gregtech:solutionrichpa has been selected as the default fluid for solutionrichpa
[16:25:20] [Server thread/DEBUG] [FML/]: The fluid gregtech:aceticacid has been selected as the default fluid for aceticacid
[16:25:20] [Server thread/DEBUG] [FML/]: The fluid gregtech:cfoam.magenta has been selected as the default fluid for cfoam.magenta
[16:25:20] [Server thread/DEBUG] [FML/]: The fluid gregtech:tritiatedwater has been selected as the default fluid for tritiatedwater
[16:25:20] [Server thread/DEBUG] [FML/]: The fluid gregtech:strawberryjuice has been selected as the default fluid for strawberryjuice
[16:25:20] [Server thread/DEBUG] [FML/]: The fluid gregtech:molten.nikolinealloy has been selected as the default fluid for molten.nikolinealloy
[16:25:20] [Server thread/DEBUG] [FML/]: The fluid gregtech:potion.strength.long.splash has been selected as the default fluid for potion.strength.long.splash
[16:25:20] [Server thread/DEBUG] [FML/]: The fluid gregtech:cfoam.red has been selected as the default fluid for cfoam.red
[16:25:20] [Server thread/DEBUG] [FML/]: The fluid gregtech:molten.redstone has been selected as the default fluid for molten.redstone
[16:25:20] [Server thread/DEBUG] [FML/]: The fluid gregtech:redvitriol has been selected as the default fluid for redvitriol
[16:25:20] [Server thread/DEBUG] [FML/]: The fluid gregtech:coconutmilk has been selected as the default fluid for coconutmilk
[16:25:20] [Server thread/DEBUG] [FML/]: The fluid gregtech:slime has been selected as the default fluid for slime
[16:25:20] [Server thread/DEBUG] [FML/]: The fluid gregtech:potion.fireresistance.long.lingering has been selected as the default fluid for potion.fireresistance.long.lingering
[16:25:20] [Server thread/DEBUG] [FML/]: The fluid gregtech:dye.chemical.cyan has been selected as the default fluid for dye.chemical.cyan
[16:25:20] [Server thread/DEBUG] [FML/]: The fluid gregtech:hellderberryjuice has been selected as the default fluid for hellderberryjuice
[16:25:20] [Server thread/DEBUG] [FML/]: The fluid gregtech:molten.efrine has been selected as the default fluid for molten.efrine
[16:25:20] [Server thread/DEBUG] [FML/]: The fluid gregtech:polyvinylchloride has been selected as the default fluid for polyvinylchloride
[16:25:20] [Server thread/DEBUG] [FML/]: The fluid gregtech:netherair has been selected as the default fluid for netherair
[16:25:20] [Server thread/DEBUG] [FML/]: The fluid gregtech:molten.signalum has been selected as the default fluid for molten.signalum
[16:25:20] [Server thread/DEBUG] [FML/]: The fluid gregtech:dye.flower.lightgray has been selected as the default fluid for dye.flower.lightgray
[16:25:20] [Server thread/DEBUG] [FML/]: The fluid gregtech:apricotsmoothie has been selected as the default fluid for apricotsmoothie
[16:25:20] [Server thread/DEBUG] [FML/]: The fluid gregtech:canevinegar has been selected as the default fluid for canevinegar
[16:25:20] [Server thread/DEBUG] [FML/]: The fluid gregtech:hempoil has been selected as the default fluid for hempoil
[16:25:20] [Server thread/DEBUG] [FML/]: The fluid gregtech:ic2coolant has been selected as the default fluid for ic2coolant
[16:25:20] [Server thread/DEBUG] [FML/]: The fluid gregtech:binnie.whiskeywheat has been selected as the default fluid for binnie.whiskeywheat
[16:25:20] [Server thread/DEBUG] [FML/]: The fluid gregtech:molten.tungstentrioxide has been selected as the default fluid for molten.tungstentrioxide
[16:25:20] [Server thread/DEBUG] [FML/]: The fluid gregtech:molten.kreknorite has been selected as the default fluid for molten.kreknorite
[16:25:20] [Server thread/DEBUG] [FML/]: The fluid gregtech:dye.watermixed.magenta has been selected as the default fluid for dye.watermixed.magenta
[16:25:20] [Server thread/DEBUG] [FML/]: The fluid gregtech:dye.flower.red has been selected as the default fluid for dye.flower.red
[16:25:20] [Server thread/DEBUG] [FML/]: The fluid gregtech:cfoam.owned.green has been selected as the default fluid for cfoam.owned.green
[16:25:20] [Server thread/DEBUG] [FML/]: The fluid gregtech:molten.titaniumgold has been selected as the default fluid for molten.titaniumgold
[16:25:20] [Server thread/DEBUG] [FML/]: The fluid gregtech:potion.dragonblood has been selected as the default fluid for potion.dragonblood
[16:25:20] [Server thread/DEBUG] [FML/]: The fluid gregtech:molten.boron has been selected as the default fluid for molten.boron
[16:25:20] [Server thread/DEBUG] [FML/]: The fluid gregtech:potion.damage.strong.lingering has been selected as the default fluid for potion.damage.strong.lingering
[16:25:20] [Server thread/DEBUG] [FML/]: The fluid gregtech:potion.lemonade has been selected as the default fluid for potion.lemonade
[16:25:20] [Server thread/DEBUG] [FML/]: The fluid gregtech:molten.waxamnesic has been selected as the default fluid for molten.waxamnesic
[16:25:20] [Server thread/DEBUG] [FML/]: The fluid gregtech:molten.solderingalloy has been selected as the default fluid for molten.solderingalloy
[16:25:20] [Server thread/DEBUG] [FML/]: The fluid gregtech:soulsandoil has been selected as the default fluid for soulsandoil
[16:25:20] [Server thread/DEBUG] [FML/]: The fluid gregtech:binnie.winered has been selected as the default fluid for binnie.winered
[16:25:20] [Server thread/DEBUG] [FML/]: The fluid gregtech:molten.tungsten has been selected as the default fluid for molten.tungsten
[16:25:20] [Server thread/DEBUG] [FML/]: The fluid gregtech:molten.wroughtiron has been selected as the default fluid for molten.wroughtiron
[16:25:20] [Server thread/DEBUG] [FML/]: The fluid gregtech:enderair has been selected as the default fluid for enderair
[16:25:20] [Server thread/DEBUG] [FML/]: The fluid gregtech:absorptionliquidosru has been selected as the default fluid for absorptionliquidosru
[16:25:20] [Server thread/DEBUG] [FML/]: The fluid gregtech:molten hsla has been selected as the default fluid for molten hsla
[16:25:20] [Server thread/DEBUG] [FML/]: The fluid gregtech:molten.hematite has been selected as the default fluid for molten.hematite
[16:25:20] [Server thread/DEBUG] [FML/]: The fluid gregtech:molten.rubber has been selected as the default fluid for molten.rubber
[16:25:20] [Server thread/DEBUG] [FML/]: The fluid gregtech:molten.wax has been selected as the default fluid for molten.wax
[16:25:20] [Server thread/DEBUG] [FML/]: The fluid gregtech:benzene has been selected as the default fluid for benzene
[16:25:20] [Server thread/DEBUG] [FML/]: The fluid gregtech:molten.ruthenium has been selected as the default fluid for molten.ruthenium
[16:25:20] [Server thread/DEBUG] [FML/]: The fluid HTGT6:trinium_fluiride has been selected as the default fluid for trinium_fluiride
[16:25:20] [Server thread/DEBUG] [FML/]: The fluid gregtech:potion.regen.splash has been selected as the default fluid for potion.regen.splash
[16:25:20] [Server thread/DEBUG] [FML/]: The fluid gregtech:molten.meteorite has been selected as the default fluid for molten.meteorite
[16:25:20] [Server thread/DEBUG] [FML/]: The fluid gregtech:molten.yttrium has been selected as the default fluid for molten.yttrium
[16:25:20] [Server thread/DEBUG] [FML/]: The fluid gregtech:pineapplesmoothie has been selected as the default fluid for pineapplesmoothie
[16:25:20] [Server thread/DEBUG] [FML/]: The fluid gregtech:dichloroisopropanol has been selected as the default fluid for dichloroisopropanol
[16:25:20] [Server thread/DEBUG] [FML/]: The fluid gregtech:bromine has been selected as the default fluid for bromine
[16:25:20] [Server thread/DEBUG] [FML/]: The fluid gregtech:dye.watermixed.brown has been selected as the default fluid for dye.watermixed.brown
[16:25:20] [Server thread/DEBUG] [FML/]: The fluid gregtech:molten.enderiumbase has been selected as the default fluid for molten.enderiumbase
[16:25:20] [Server thread/DEBUG] [FML/]: The fluid gregtech:cfoam.lightblue has been selected as the default fluid for cfoam.lightblue
[16:25:20] [Server thread/DEBUG] [FML/]: The fluid gregtech:hydrogenperoxide has been selected as the default fluid for hydrogenperoxide
[16:25:20] [Server thread/DEBUG] [FML/]: The fluid gregtech:binnie.juicelemon has been selected as the default fluid for binnie.juicelemon
[16:25:20] [Server thread/DEBUG] [FML/]: The fluid gregtech:molten.potassiumcarbonate has been selected as the default fluid for molten.potassiumcarbonate
[16:25:20] [Server thread/DEBUG] [FML/]: The fluid gregtech:cfoam.owned.cyan has been selected as the default fluid for cfoam.owned.cyan
[16:25:20] [Server thread/DEBUG] [FML/]: The fluid gregtech:sdiesel has been selected as the default fluid for sdiesel
[16:25:20] [Server thread/DEBUG] [FML/]: The fluid gregtech:potion.fireresistance.long.splash has been selected as the default fluid for potion.fireresistance.long.splash
[16:25:20] [Server thread/DEBUG] [FML/]: The fluid gregtech:moltensodiumbisulfate has been selected as the default fluid for moltensodiumbisulfate
[16:25:20] [Server thread/DEBUG] [FML/]: The fluid gregtech:molten.uraniumtetrafluoride has been selected as the default fluid for molten.uraniumtetrafluoride
[16:25:20] [Server thread/DEBUG] [FML/]: The fluid gregtech:molten.abyssalnite has been selected as the default fluid for molten.abyssalnite
[16:25:20] [Server thread/DEBUG] [FML/]: The fluid gregtech:dye.watermixed.lightblue has been selected as the default fluid for dye.watermixed.lightblue
[16:25:20] [Server thread/DEBUG] [FML/]: The fluid gregtech:molten.meteoriciron has been selected as the default fluid for molten.meteoriciron
[16:25:20] [Server thread/DEBUG] [FML/]: The fluid gregtech:molten.batteryalloy has been selected as the default fluid for molten.batteryalloy
[16:25:20] [Server thread/DEBUG] [FML/]: The fluid gregtech:molten.trinium has been selected as the default fluid for molten.trinium
[16:25:20] [Server thread/DEBUG] [FML/]: The fluid gregtech:molten.ethaxium has been selected as the default fluid for molten.ethaxium
[16:25:20] [Server thread/DEBUG] [FML/]: The fluid gregtech:cfoam.white has been selected as the default fluid for cfoam.white
[16:25:20] [Server thread/DEBUG] [FML/]: The fluid gregtech:hexafluorosilicicacid has been selected as the default fluid for hexafluorosilicicacid
[16:25:20] [Server thread/DEBUG] [FML/]: The fluid gregtech:binnie.juicelime has been selected as the default fluid for binnie.juicelime
[16:25:20] [Server thread/DEBUG] [FML/]: The fluid gregtech:papayajuice has been selected as the default fluid for papayajuice
[16:25:20] [Server thread/DEBUG] [FML/]: The fluid gregtech:potion.slowness.long has been selected as the default fluid for potion.slowness.long
[16:25:20] [Server thread/DEBUG] [FML/]: The fluid gregtech:mangosmoothie has been selected as the default fluid for mangosmoothie
[16:25:20] [Server thread/DEBUG] [FML/]: The fluid gregtech:potion.invisibility.long.splash has been selected as the default fluid for potion.invisibility.long.splash
[16:25:20] [Server thread/DEBUG] [FML/]: The fluid gregtech:molten.hafnium has been selected as the default fluid for molten.hafnium
[16:25:20] [Server thread/DEBUG] [FML/]: The fluid gregtech:petrol has been selected as the default fluid for petrol
[16:25:20] [Server thread/DEBUG] [FML/]: The fluid gregtech:potion.fireresistance.long has been selected as the default fluid for potion.fireresistance.long
[16:25:20] [Server thread/DEBUG] [FML/]: The fluid gregtech:indigo has been selected as the default fluid for indigo
[16:25:20] [Server thread/DEBUG] [FML/]: The fluid gregtech:orangesmoothie has been selected as the default fluid for orangesmoothie
[16:25:20] [Server thread/DEBUG] [FML/]: The fluid gregtech:helium3 has been selected as the default fluid for helium3
[16:25:20] [Server thread/DEBUG] [FML/]: The fluid gregtech:strawberrysmoothie has been selected as the default fluid for strawberrysmoothie
[16:25:20] [Server thread/DEBUG] [FML/]: The fluid gregtech:maplesyrup has been selected as the default fluid for maplesyrup
[16:25:20] [Server thread/DEBUG] [FML/]: The fluid gregtech:vinylchloride has been selected as the default fluid for vinylchloride
[16:25:20] [Server thread/DEBUG] [FML/]: The fluid gregtech:molten.draconium has been selected as the default fluid for molten.draconium
[16:25:20] [Server thread/DEBUG] [FML/]: The fluid gregtech:ricardosanchez has been selected as the default fluid for ricardosanchez
[16:25:20] [Server thread/DEBUG] [FML/]: The fluid gregtech:restrictionendonuclease has been selected as the default fluid for restrictionendonuclease
[16:25:20] [Server thread/DEBUG] [FML/]: The fluid gregtech:dye.chemical.gray has been selected as the default fluid for dye.chemical.gray
[16:25:20] [Server thread/DEBUG] [FML/]: The fluid gregtech:blackvitriol has been selected as the default fluid for blackvitriol
[16:25:20] [Server thread/DEBUG] [FML/]: The fluid gregtech:blueberryjuice has been selected as the default fluid for blueberryjuice
[16:25:20] [Server thread/DEBUG] [FML/]: The fluid gregtech:molten.redsteel has been selected as the default fluid for molten.redsteel
[16:25:20] [Server thread/DEBUG] [FML/]: The fluid gregtech:molten.neutronium has been selected as the default fluid for molten.neutronium
[16:25:20] [Server thread/DEBUG] [FML/]: The fluid gregtech:molten.barium has been selected as the default fluid for molten.barium
[16:25:20] [Server thread/DEBUG] [FML/]: The fluid gregtech:dye.chemical.white has been selected as the default fluid for dye.chemical.white
[16:25:20] [Server thread/DEBUG] [FML/]: The fluid gregtech:figsmoothie has been selected as the default fluid for figsmoothie
[16:25:20] [Server thread/DEBUG] [FML/]: The fluid gregtech:molten.knightmetal has been selected as the default fluid for molten.knightmetal
[16:25:20] [Server thread/DEBUG] [FML/]: The fluid gregtech:potatojuice has been selected as the default fluid for potatojuice
[16:25:20] [Server thread/DEBUG] [FML/]: The fluid gregtech:molten.radium has been selected as the default fluid for molten.radium
[16:25:20] [Server thread/DEBUG] [FML/]: The fluid gregtech:carbondioxide has been selected as the default fluid for carbondioxide
[16:25:20] [Server thread/DEBUG] [FML/]: The fluid gregtech:potion.cafeaulait has been selected as the default fluid for potion.cafeaulait
[16:25:20] [Server thread/DEBUG] [FML/]: The fluid gregtech:agar has been selected as the default fluid for agar
[16:25:20] [Server thread/DEBUG] [FML/]: The fluid gregtech:potion.damage.strong.splash has been selected as the default fluid for potion.damage.strong.splash
[16:25:20] [Server thread/DEBUG] [FML/]: The fluid gregtech:cfoam.owned.red has been selected as the default fluid for cfoam.owned.red
[16:25:20] [Server thread/DEBUG] [FML/]: The fluid gregtech:potion.regen.long.splash has been selected as the default fluid for potion.regen.long.splash
[16:25:20] [Server thread/DEBUG] [FML/]: The fluid gregtech:uranium235hexafluoride has been selected as the default fluid for uranium235hexafluoride
[16:25:20] [Server thread/DEBUG] [FML/]: The fluid gregtech:anti-hydrogen has been selected as the default fluid for anti-hydrogen
[16:25:20] [Server thread/DEBUG] [FML/]: The fluid gregtech:molten.enderpearl has been selected as the default fluid for molten.enderpearl
[16:25:20] [Server thread/DEBUG] [FML/]: The fluid gregtech:peanutbutter has been selected as the default fluid for peanutbutter
[16:25:20] [Server thread/DEBUG] [FML/]: The fluid gregtech:anti-deuterium has been selected as the default fluid for anti-deuterium
[16:25:20] [Server thread/DEBUG] [FML/]: The fluid gregtech:ic2constructionfoam has been selected as the default fluid for ic2constructionfoam
[16:25:20] [Server thread/DEBUG] [FML/]: The fluid gregtech:binnie.mashcorn has been selected as the default fluid for binnie.mashcorn
[16:25:20] [Server thread/DEBUG] [FML/]: The fluid minecraft:water has been selected as the default fluid for water
[16:25:20] [Server thread/DEBUG] [FML/]: The fluid gregtech:molten.ironwood has been selected as the default fluid for molten.ironwood
[16:25:20] [Server thread/DEBUG] [FML/]: The fluid gregtech:dye.chemical.red has been selected as the default fluid for dye.chemical.red
[16:25:20] [Server thread/DEBUG] [FML/]: The fluid gregtech:hothelium has been selected as the default fluid for hothelium
[16:25:20] [Server thread/DEBUG] [FML/]: The fluid gregtech:binnie.juiceolive has been selected as the default fluid for binnie.juiceolive
[16:25:20] [Server thread/DEBUG] [FML/]: The fluid gregtech:cfoam.owned.lightblue has been selected as the default fluid for cfoam.owned.lightblue
[16:25:20] [Server thread/DEBUG] [FML/]: The fluid gregtech:molten.germanium has been selected as the default fluid for molten.germanium
[16:25:20] [Server thread/DEBUG] [FML/]: The fluid gregtech:potion.poison.strong has been selected as the default fluid for potion.poison.strong
[16:25:20] [Server thread/DEBUG] [FML/]: The fluid gregtech:ic2hotcoolant has been selected as the default fluid for ic2hotcoolant
[16:25:20] [Server thread/DEBUG] [FML/]: The fluid gregtech:mayo has been selected as the default fluid for mayo
[16:25:20] [Server thread/DEBUG] [FML/]: The fluid gregtech:molten.tellurium has been selected as the default fluid for molten.tellurium
[16:25:20] [Server thread/DEBUG] [FML/]: The fluid gregtech:molten.cobalt has been selected as the default fluid for molten.cobalt
[16:25:20] [Server thread/DEBUG] [FML/]: The fluid gregtech:sgasoil has been selected as the default fluid for sgasoil
[16:25:20] [Server thread/DEBUG] [FML/]: The fluid gregtech:binnie.rumdark has been selected as the default fluid for binnie.rumdark
[16:25:20] [Server thread/DEBUG] [FML/]: The fluid gregtech:potion.jump has been selected as the default fluid for potion.jump
[16:25:20] [Server thread/DEBUG] [FML/]: The fluid gregtech:potion.invisibility.long.lingering has been selected as the default fluid for potion.invisibility.long.lingering
[16:25:20] [Server thread/DEBUG] [FML/]: The fluid gregtech:potion.damage.lingering has been selected as the default fluid for potion.damage.lingering
[16:25:20] [Server thread/DEBUG] [FML/]: The fluid gregtech:molten.electrum has been selected as the default fluid for molten.electrum
[16:25:20] [Server thread/DEBUG] [FML/]: The fluid gregtech:dye.flower.yellow has been selected as the default fluid for dye.flower.yellow
[16:25:20] [Server thread/DEBUG] [FML/]: The fluid gregtech:dye.chemical.yellow has been selected as the default fluid for dye.chemical.yellow
[16:25:20] [Server thread/DEBUG] [FML/]: The fluid gregtech:coconutoil has been selected as the default fluid for coconutoil
[16:25:20] [Server thread/DEBUG] [FML/]: The fluid gregtech:edta has been selected as the default fluid for edta
[16:25:20] [Server thread/DEBUG] [FML/]: The fluid gregtech:cfoam.owned.black has been selected as the default fluid for cfoam.owned.black
[16:25:20] [Server thread/DEBUG] [FML/]: The fluid gregtech:molten.blacksteel has been selected as the default fluid for molten.blacksteel
[16:25:20] [Server thread/DEBUG] [FML/]: The fluid gregtech:binnie.juicecranberry has been selected as the default fluid for binnie.juicecranberry
[16:25:20] [Server thread/DEBUG] [FML/]: The fluid gregtech:soymilk has been selected as the default fluid for soymilk
[16:25:20] [Server thread/DEBUG] [FML/]: The fluid gregtech:binnie.juicewhitegrape has been selected as the default fluid for binnie.juicewhitegrape
[16:25:20] [Server thread/DEBUG] [FML/]: The fluid gregtech:elderberrysmoothie has been selected as the default fluid for elderberrysmoothie
[16:25:20] [Server thread/DEBUG] [FML/]: The fluid gregtech:liquidhydrogen has been selected as the default fluid for liquidhydrogen
[16:25:20] [Server thread/DEBUG] [FML/]: The fluid gregtech:ic2distilledwater has been selected as the default fluid for ic2distilledwater
[16:25:20] [Server thread/DEBUG] [FML/]: The fluid gregtech:molten.asphalt has been selected as the default fluid for molten.asphalt
[16:25:20] [Server thread/DEBUG] [FML/]: The fluid gregtech:molten.calciumchloride has been selected as the default fluid for molten.calciumchloride
[16:25:20] [Server thread/DEBUG] [FML/]: The fluid gregtech:mangojuice has been selected as the default fluid for mangojuice
[16:25:20] [Server thread/DEBUG] [FML/]: The fluid gregtech:molten.fierysteel has been selected as the default fluid for molten.fierysteel
[16:25:20] [Server thread/DEBUG] [FML/]: The fluid gregtech:grc.honey has been selected as the default fluid for grc.honey
[16:25:20] [Server thread/DEBUG] [FML/]: The fluid gregtech:methyllaurate has been selected as the default fluid for methyllaurate
[16:25:20] [Server thread/DEBUG] [FML/]: The fluid gregtech:molten.astatine has been selected as the default fluid for molten.astatine
[16:25:20] [Server thread/DEBUG] [FML/]: The fluid gregtech:dye.flower.magenta has been selected as the default fluid for dye.flower.magenta
[16:25:20] [Server thread/DEBUG] [FML/]: The fluid gregtech:dye.chemical.magenta has been selected as the default fluid for dye.chemical.magenta
[16:25:20] [Server thread/DEBUG] [FML/]: The fluid gregtech:uraniumhexafluoride has been selected as the default fluid for uraniumhexafluoride
[16:25:20] [Server thread/DEBUG] [FML/]: The fluid gregtech:wine has been selected as the default fluid for wine
[16:25:20] [Server thread/DEBUG] [FML/]: The fluid gregtech:binnie.winepineapple has been selected as the default fluid for binnie.winepineapple
[16:25:20] [Server thread/DEBUG] [FML/]: The fluid gregtech:chloroauricacid has been selected as the default fluid for chloroauricacid
[16:25:20] [Server thread/DEBUG] [FML/]: The fluid gregtech:cfoam.orange has been selected as the default fluid for cfoam.orange
[16:25:20] [Server thread/DEBUG] [FML/]: The fluid gregtech:molten.vanadium has been selected as the default fluid for molten.vanadium
[16:25:20] [Server thread/DEBUG] [FML/]: The fluid gregtech:molten.lithium has been selected as the default fluid for molten.lithium
[16:25:20] [Server thread/DEBUG] [FML/]: The fluid gregtech:laurylalcohol has been selected as the default fluid for laurylalcohol
[16:25:20] [Server thread/DEBUG] [FML/]: The fluid gregtech:molten.naquadria has been selected as the default fluid for molten.naquadria
[16:25:20] [Server thread/DEBUG] [FML/]: The fluid gregtech:binnie.juicegrapefruit has been selected as the default fluid for binnie.juicegrapefruit
[16:25:20] [Server thread/DEBUG] [FML/]: The fluid gregtech:molten.magnalium has been selected as the default fluid for molten.magnalium
[16:25:20] [Server thread/DEBUG] [FML/]: The fluid gregtech:molten.euphemium has been selected as the default fluid for molten.euphemium
[16:25:20] [Server thread/DEBUG] [FML/]: The fluid gregtech:dimethylcarbonate has been selected as the default fluid for dimethylcarbonate
[16:25:20] [Server thread/DEBUG] [FML/]: The fluid gregtech:dye.chemical.pink has been selected as the default fluid for dye.chemical.pink
[16:25:20] [Server thread/DEBUG] [FML/]: The fluid gregtech:thoriumsalt has been selected as the default fluid for thoriumsalt
[16:25:20] [Server thread/DEBUG] [FML/]: The fluid gregtech:ketchup has been selected as the default fluid for ketchup
[16:25:20] [Server thread/DEBUG] [FML/]: The fluid gregtech:seedoil has been selected as the default fluid for seedoil
[16:25:20] [Server thread/DEBUG] [FML/]: The fluid gregtech:potion.leninade has been selected as the default fluid for potion.leninade
[16:25:20] [Server thread/DEBUG] [FML/]: The fluid gregtech:potion.poison.strong.lingering has been selected as the default fluid for potion.poison.strong.lingering
[16:25:20] [Server thread/DEBUG] [FML/]: The fluid gregtech:binnie.juiceorange has been selected as the default fluid for binnie.juiceorange
[16:25:20] [Server thread/DEBUG] [FML/]: The fluid gregtech:air has been selected as the default fluid for air
[16:25:20] [Server thread/DEBUG] [FML/]: The fluid gregtech:molten.netherite has been selected as the default fluid for molten.netherite
[16:25:20] [Server thread/DEBUG] [FML/]: The fluid gregtech:molten.goldinductive has been selected as the default fluid for molten.goldinductive
[16:25:20] [Server thread/DEBUG] [FML/]: The fluid gregtech:martianvitriol has been selected as the default fluid for martianvitriol
[16:25:20] [Server thread/DEBUG] [FML/]: The fluid gregtech:amylumsolution has been selected as the default fluid for amylumsolution
[16:25:20] [Server thread/DEBUG] [FML/]: The fluid gregtech:nitricacid has been selected as the default fluid for nitricacid
[16:25:20] [Server thread/DEBUG] [FML/]: The fluid gregtech:reedwater has been selected as the default fluid for reedwater
[16:25:20] [Server thread/DEBUG] [FML/]: The fluid HTGT6:potassium_disuplhate has been selected as the default fluid for potassium_disuplhate
[16:25:20] [Server thread/DEBUG] [FML/]: The fluid gregtech:raspberryjuice has been selected as the default fluid for raspberryjuice
[16:25:20] [Server thread/DEBUG] [FML/]: The fluid gregtech:bawls has been selected as the default fluid for bawls
[16:25:20] [Server thread/DEBUG] [FML/]: The fluid gregtech:greenvitriol has been selected as the default fluid for greenvitriol
[16:25:20] [Server thread/DEBUG] [FML/]: The fluid gregtech:molten.bluesteel has been selected as the default fluid for molten.bluesteel
[16:25:20] [Server thread/DEBUG] [FML/]: The fluid gregtech:potion.ambrosia has been selected as the default fluid for potion.ambrosia
[16:25:20] [Server thread/DEBUG] [FML/]: The fluid gregtech:potion.speed.lingering has been selected as the default fluid for potion.speed.lingering
[16:25:20] [Server thread/DEBUG] [FML/]: The fluid gregtech:pumpkinjuice has been selected as the default fluid for pumpkinjuice
[16:25:20] [Server thread/DEBUG] [FML/]: The fluid gregtech:molten.iridium has been selected as the default fluid for molten.iridium
[16:25:20] [Server thread/DEBUG] [FML/]: The fluid gregtech:molten.ardite has been selected as the default fluid for molten.ardite
[16:25:20] [Server thread/DEBUG] [FML/]: The fluid gregtech:potion.poison.long.lingering has been selected as the default fluid for potion.poison.long.lingering
[16:25:20] [Server thread/DEBUG] [FML/]: The fluid gregtech:molten.platinum has been selected as the default fluid for molten.platinum
[16:25:20] [Server thread/DEBUG] [FML/]: The fluid gregtech:hotsemiheavywater has been selected as the default fluid for hotsemiheavywater
[16:25:20] [Server thread/DEBUG] [FML/]: The fluid gregtech:potion.fireresistance has been selected as the default fluid for potion.fireresistance
[16:25:20] [Server thread/DEBUG] [FML/]: The fluid gregtech:molten.dreadium has been selected as the default fluid for molten.dreadium
[16:25:20] [Server thread/DEBUG] [FML/]: The fluid gregtech:potion.dressing has been selected as the default fluid for potion.dressing
[16:25:20] [Server thread/DEBUG] [FML/]: The fluid gregtech:molten.zinc has been selected as the default fluid for molten.zinc
[16:25:20] [Server thread/DEBUG] [FML/]: The fluid gregtech:molten.gloomstone has been selected as the default fluid for molten.gloomstone
[16:25:20] [Server thread/DEBUG] [FML/]: The fluid gregtech:cfoam.owned.orange has been selected as the default fluid for cfoam.owned.orange
[16:25:20] [Server thread/DEBUG] [FML/]: The fluid gregtech:gooseberryjuice has been selected as the default fluid for gooseberryjuice
[16:25:20] [Server thread/DEBUG] [FML/]: The fluid gregtech:phosphoricacid has been selected as the default fluid for phosphoricacid
[16:25:20] [Server thread/DEBUG] [FML/]: The fluid gregtech:starfruitjuice has been selected as the default fluid for starfruitjuice
[16:25:20] [Server thread/DEBUG] [FML/]: The fluid gregtech:bacillus has been selected as the default fluid for bacillus
[16:25:20] [Server thread/DEBUG] [FML/]: The fluid gregtech:holywater has been selected as the default fluid for holywater
[16:25:20] [Server thread/DEBUG] [FML/]: The fluid gregtech:binnie.juicepineapple has been selected as the default fluid for binnie.juicepineapple
[16:25:20] [Server thread/DEBUG] [FML/]: The fluid gregtech:nitrogenplasma has been selected as the default fluid for nitrogenplasma
[16:25:20] [Server thread/DEBUG] [FML/]: The fluid gregtech:squidink has been selected as the default fluid for squidink
[16:25:20] [Server thread/DEBUG] [FML/]: The fluid gregtech:potion.waterbreathing.lingering has been selected as the default fluid for potion.waterbreathing.lingering
[16:25:20] [Server thread/DEBUG] [FML/]: The fluid gregtech:potion.mineralwater has been selected as the default fluid for potion.mineralwater
[16:25:20] [Server thread/DEBUG] [FML/]: The fluid gregtech:silane has been selected as the default fluid for silane
[16:25:20] [Server thread/DEBUG] [FML/]: The fluid gregtech:potion.strength has been selected as the default fluid for potion.strength
[16:25:20] [Server thread/DEBUG] [FML/]: The fluid gregtech:molten.aluminium has been selected as the default fluid for molten.aluminium
[16:25:20] [Server thread/DEBUG] [FML/]: The fluid gregtech:cfoam.owned.pink has been selected as the default fluid for cfoam.owned.pink
[16:25:20] [Server thread/DEBUG] [FML/]: The fluid gregtech:medicine.heal has been selected as the default fluid for medicine.heal
[16:25:20] [Server thread/DEBUG] [FML/]: The fluid gregtech:allylchloride has been selected as the default fluid for allylchloride
[16:25:20] [Server thread/DEBUG] [FML/]: The fluid gregtech:molten.neodymium has been selected as the default fluid for molten.neodymium
[16:25:20] [Server thread/DEBUG] [FML/]: The fluid gregtech:redgrapesmoothie has been selected as the default fluid for redgrapesmoothie
[16:25:20] [Server thread/DEBUG] [FML/]: The fluid gregtech:molten.glowstoneceres has been selected as the default fluid for molten.glowstoneceres
[16:25:20] [Server thread/DEBUG] [FML/]: The fluid gregtech:diethylcarbonate has been selected as the default fluid for diethylcarbonate
[16:25:20] [Server thread/DEBUG] [FML/]: The fluid gregtech:animaltissuehomogenate has been selected as the default fluid for animaltissuehomogenate
[16:25:20] [Server thread/DEBUG] [FML/]: The fluid gregtech:potion.waterbreathing.long.splash has been selected as the default fluid for potion.waterbreathing.long.splash
[16:25:20] [Server thread/DEBUG] [FML/]: The fluid gregtech:liquidoxygen has been selected as the default fluid for liquidoxygen
[16:25:20] [Server thread/DEBUG] [FML/]: The fluid gregtech:pearsmoothie has been selected as the default fluid for pearsmoothie
[16:25:20] [Server thread/DEBUG] [FML/]: The fluid gregtech:potion.darkchocolatemilk has been selected as the default fluid for potion.darkchocolatemilk
[16:25:20] [Server thread/DEBUG] [FML/]: The fluid gregtech:nitrogen has been selected as the default fluid for nitrogen
[16:25:20] [Server thread/DEBUG] [FML/]: The fluid gregtech:potion.weakness.long.lingering has been selected as the default fluid for potion.weakness.long.lingering
[16:25:20] [Server thread/DEBUG] [FML/]: The fluid gregtech:snaphtha has been selected as the default fluid for snaphtha
[16:25:20] [Server thread/DEBUG] [FML/]: The fluid gregtech:potion.invisibility has been selected as the default fluid for potion.invisibility
[16:25:20] [Server thread/DEBUG] [FML/]: The fluid gregtech:monochlorodifluoromethane has been selected as the default fluid for monochlorodifluoromethane
[16:25:20] [Server thread/DEBUG] [FML/]: The fluid gregtech:potion.nightvision.long.splash has been selected as the default fluid for potion.nightvision.long.splash
[16:25:20] [Server thread/DEBUG] [FML/]: The fluid gregtech:electro_etching_solution has been selected as the default fluid for electro_etching_solution
[16:25:20] [Server thread/DEBUG] [FML/]: The fluid gregtech:tetrafluoroethylene has been selected as the default fluid for tetrafluoroethylene
[16:25:20] [Server thread/DEBUG] [FML/]: The fluid gregtech:evaporatedliquidos has been selected as the default fluid for evaporatedliquidos
[16:25:20] [Server thread/DEBUG] [FML/]: The fluid gregtech:molten.annealedcopper has been selected as the default fluid for molten.annealedcopper
[16:25:20] [Server thread/DEBUG] [FML/]: The fluid gregtech:blueberrysmoothie has been selected as the default fluid for blueberrysmoothie
[16:25:20] [Server thread/DEBUG] [FML/]: The fluid gregtech:mushroomsoup has been selected as the default fluid for mushroomsoup
[16:25:20] [Server thread/DEBUG] [FML/]: The fluid gregtech:potion.alcopops has been selected as the default fluid for potion.alcopops
[16:25:20] [Server thread/DEBUG] [FML/]: The fluid gregtech:potion.slowness has been selected as the default fluid for potion.slowness
[16:25:20] [Server thread/DEBUG] [FML/]: The fluid gregtech:molten.osmium has been selected as the default fluid for molten.osmium
[16:25:20] [Server thread/DEBUG] [FML/]: The fluid gregtech:ammonia has been selected as the default fluid for ammonia
[16:25:20] [Server thread/DEBUG] [FML/]: The fluid gregtech:butane has been selected as the default fluid for butane
[16:25:20] [Server thread/DEBUG] [FML/]: The fluid gregtech:potion.jump.splash has been selected as the default fluid for potion.jump.splash
[16:25:20] [Server thread/DEBUG] [FML/]: The fluid gregtech:skerosine has been selected as the default fluid for skerosine
[16:25:20] [Server thread/DEBUG] [FML/]: The fluid gregtech:molten.rhodium has been selected as the default fluid for molten.rhodium
[16:25:20] [Server thread/DEBUG] [FML/]: The fluid gregtech:potion.fireresistance.lingering has been selected as the default fluid for potion.fireresistance.lingering
[16:25:20] [Server thread/DEBUG] [FML/]: The fluid gregtech:taqdnapolymerase has been selected as the default fluid for taqdnapolymerase
[16:25:20] [Server thread/DEBUG] [FML/]: The fluid gregtech:dnasolution has been selected as the default fluid for dnasolution
[16:25:20] [Server thread/DEBUG] [FML/]: The fluid gregtech:dye.chemical.purple has been selected as the default fluid for dye.chemical.purple
[16:25:20] [Server thread/DEBUG] [FML/]: The fluid gregtech:chillysauce has been selected as the default fluid for chillysauce
[16:25:20] [Server thread/DEBUG] [FML/]: The fluid gregtech:kerosine has been selected as the default fluid for kerosine
[16:25:20] [Server thread/DEBUG] [FML/]: The fluid gregtech:dye.watermixed.lime has been selected as the default fluid for dye.watermixed.lime
[16:25:20] [Server thread/DEBUG] [FML/]: The fluid gregtech:photoresist has been selected as the default fluid for photoresist
[16:25:20] [Server thread/DEBUG] [FML/]: The fluid gregtech:molten.spacestone has been selected as the default fluid for molten.spacestone
[16:25:20] [Server thread/DEBUG] [FML/]: The fluid gregtech:styrene has been selected as the default fluid for styrene
[16:25:20] [Server thread/DEBUG] [FML/]: The fluid gregtech:dye.watermixed.white has been selected as the default fluid for dye.watermixed.white
[16:25:20] [Server thread/DEBUG] [FML/]: The fluid gregtech:bluevitriol has been selected as the default fluid for bluevitriol
[16:25:20] [Server thread/DEBUG] [FML/]: The fluid gregtech:molten.silver has been selected as the default fluid for molten.silver
[16:25:20] [Server thread/DEBUG] [FML/]: The fluid gregtech:fishoil has been selected as the default fluid for fishoil
[16:25:20] [Server thread/DEBUG] [FML/]: The fluid gregtech:glycerol has been selected as the default fluid for glycerol
[16:25:20] [Server thread/DEBUG] [FML/]: The fluid gregtech:molten.americium241 has been selected as the default fluid for molten.americium241
[16:25:20] [Server thread/DEBUG] [FML/]: The fluid gregtech:potion.notchesbrew has been selected as the default fluid for potion.notchesbrew
[16:25:20] [Server thread/DEBUG] [FML/]: The fluid gregtech:molten.nikolite has been selected as the default fluid for molten.nikolite
[16:25:20] [Server thread/DEBUG] [FML/]: The fluid gregtech:dye.chemical.blue has been selected as the default fluid for dye.chemical.blue
[16:25:20] [Server thread/DEBUG] [FML/]: The fluid gregtech:grapefruitsmoothie has been selected as the default fluid for grapefruitsmoothie
[16:25:20] [Server thread/DEBUG] [FML/]: The fluid gregtech:potion.waterbreathing.long.lingering has been selected as the default fluid for potion.waterbreathing.long.lingering
[16:25:20] [Server thread/DEBUG] [FML/]: The fluid gregtech:potion.weakness.long.splash has been selected as the default fluid for potion.weakness.long.splash
[16:25:20] [Server thread/DEBUG] [FML/]: The fluid gregtech:molten.thaumium has been selected as the default fluid for molten.thaumium
[16:25:20] [Server thread/DEBUG] [FML/]: The fluid gregtech:oxygen has been selected as the default fluid for oxygen
[16:25:20] [Server thread/DEBUG] [FML/]: The fluid gregtech:dye.flower.blue has been selected as the default fluid for dye.flower.blue
[16:25:20] [Server thread/DEBUG] [FML/]: The fluid gregtech:mscsupplement has been selected as the default fluid for mscsupplement
[16:25:20] [Server thread/DEBUG] [FML/]: The fluid gregtech:molten.chromium has been selected as the default fluid for molten.chromium
[16:25:20] [Server thread/DEBUG] [FML/]: The fluid gregtech:blackberryjuice has been selected as the default fluid for blackberryjuice
[16:25:20] [Server thread/DEBUG] [FML/]: The fluid gregtech:sluicejuice has been selected as the default fluid for sluicejuice
[16:25:20] [Server thread/DEBUG] [FML/]: The fluid gregtech:potion.health.strong has been selected as the default fluid for potion.health.strong
[16:25:20] [Server thread/DEBUG] [FML/]: The fluid gregtech:molten.plutonium has been selected as the default fluid for molten.plutonium
[16:25:20] [Server thread/DEBUG] [FML/]: The fluid gregtech:dye.chemical.lightblue has been selected as the default fluid for dye.chemical.lightblue
[16:25:20] [Server thread/DEBUG] [FML/]: The fluid gregtech:fieryblood has been selected as the default fluid for fieryblood
[16:25:20] [Server thread/DEBUG] [FML/]: The fluid gregtech:molten.uranium235tetrafluoride has been selected as the default fluid for molten.uranium235tetrafluoride
[16:25:20] [Server thread/DEBUG] [FML/]: The fluid gregtech:sodiumosmiumhexachloride has been selected as the default fluid for sodiumosmiumhexachloride
[16:25:20] [Server thread/DEBUG] [FML/]: The fluid gregtech:molten.plutonium239 has been selected as the default fluid for molten.plutonium239
[16:25:20] [Server thread/DEBUG] [FML/]: The fluid gregtech:molten.titaniumniobiumcarbide has been selected as the default fluid for molten.titaniumniobiumcarbide
[16:25:20] [Server thread/DEBUG] [FML/]: The fluid gregtech:potion.nightvision.splash has been selected as the default fluid for potion.nightvision.splash
[16:25:20] [Server thread/DEBUG] [FML/]: The fluid gregtech:molten.plutonium243 has been selected as the default fluid for molten.plutonium243
[16:25:20] [Server thread/DEBUG] [FML/]: The fluid gregtech:tris_hcl has been selected as the default fluid for tris_hcl
[16:25:20] [Server thread/DEBUG] [FML/]: The fluid gregtech:molten.plutonium241 has been selected as the default fluid for molten.plutonium241
[16:25:20] [Server thread/DEBUG] [FML/]: The fluid gregtech:potion.slowness.lingering has been selected as the default fluid for potion.slowness.lingering
[16:25:20] [Server thread/DEBUG] [FML/]: The fluid gregtech:osmiumtetroxide has been selected as the default fluid for osmiumtetroxide
[16:25:20] [Server thread/DEBUG] [FML/]: The fluid gregtech:potion.darkcafeaulait has been selected as the default fluid for potion.darkcafeaulait
[16:25:20] [Server thread/DEBUG] [FML/]: The fluid minecraft:lava has been selected as the default fluid for lava
[16:25:20] [Server thread/DEBUG] [FML/]: The fluid gregtech:cfoam.lime has been selected as the default fluid for cfoam.lime
[16:25:20] [Server thread/DEBUG] [FML/]: The fluid gregtech:potion.damage.strong has been selected as the default fluid for potion.damage.strong
[16:25:20] [Server thread/DEBUG] [FML/]: The fluid gregtech:uranium238hexafluoride has been selected as the default fluid for uranium238hexafluoride
[16:25:20] [Server thread/DEBUG] [FML/]: The fluid gregtech:potion.slowness.long.lingering has been selected as the default fluid for potion.slowness.long.lingering
[16:25:20] [Server thread/DEBUG] [FML/]: The fluid gregtech:potion.speed.long.splash has been selected as the default fluid for potion.speed.long.splash
[16:25:20] [Server thread/DEBUG] [FML/]: The fluid gregtech:molten.duraniumelemental has been selected as the default fluid for molten.duraniumelemental
[16:25:20] [Server thread/DEBUG] [FML/]: The fluid gregtech:solutionrichptpa has been selected as the default fluid for solutionrichptpa
[16:25:20] [Server thread/DEBUG] [FML/]: The fluid gregtech:molten.purplealloy has been selected as the default fluid for molten.purplealloy
[16:25:20] [Server thread/DEBUG] [FML/]: The fluid gregtech:molten.stone has been selected as the default fluid for molten.stone
[16:25:20] [Server thread/DEBUG] [FML/]: The fluid gregtech:for.honey has been selected as the default fluid for for.honey
[16:25:20] [Server thread/DEBUG] [FML/]: The fluid gregtech:dye.watermixed.purple has been selected as the default fluid for dye.watermixed.purple
[16:25:20] [Server thread/DEBUG] [FML/]: The fluid gregtech:ethylacrylate has been selected as the default fluid for ethylacrylate
[16:25:20] [Server thread/DEBUG] [FML/]: The fluid gregtech:cfoam.owned.gray has been selected as the default fluid for cfoam.owned.gray
[16:25:20] [Server thread/DEBUG] [FML/]: The fluid gregtech:binnie.juicecarrot has been selected as the default fluid for binnie.juicecarrot
[16:25:20] [Server thread/DEBUG] [FML/]: The fluid gregtech:pina.colada has been selected as the default fluid for pina.colada
[16:25:20] [Server thread/DEBUG] [FML/]: The fluid gregtech:molten.carbon14 has been selected as the default fluid for molten.carbon14
[16:25:20] [Server thread/DEBUG] [FML/]: The fluid gregtech:titaniumtetrachloride has been selected as the default fluid for titaniumtetrachloride
[16:25:20] [Server thread/DEBUG] [FML/]: The fluid gregtech:dye.chemical.lime has been selected as the default fluid for dye.chemical.lime
[16:25:20] [Server thread/DEBUG] [FML/]: The fluid gregtech:molten.carbon13 has been selected as the default fluid for molten.carbon13
[16:25:20] [Server thread/DEBUG] [FML/]: The fluid gregtech:potion.weakness has been selected as the default fluid for potion.weakness
[16:25:20] [Server thread/DEBUG] [FML/]: The fluid gregtech:radon has been selected as the default fluid for radon
[16:25:20] [Server thread/DEBUG] [FML/]: The fluid gregtech:potion.laitaucafe has been selected as the default fluid for potion.laitaucafe
[16:25:20] [Server thread/DEBUG] [FML/]: The fluid gregtech:ic2uumatter has been selected as the default fluid for ic2uumatter
[16:25:20] [Server thread/DEBUG] [FML/]: The fluid gregtech:potion.strength.strong has been selected as the default fluid for potion.strength.strong
[16:25:20] [Server thread/DEBUG] [FML/]: The fluid gregtech:dye.chemical.green has been selected as the default fluid for dye.chemical.green
[16:25:20] [Server thread/DEBUG] [FML/]: The fluid gregtech:fuel has been selected as the default fluid for fuel
[16:25:20] [Server thread/DEBUG] [FML/]: The fluid gregtech:lubricant has been selected as the default fluid for lubricant
[16:25:20] [Server thread/DEBUG] [FML/]: The fluid gregtech:potion.invisibility.long has been selected as the default fluid for potion.invisibility.long
[16:25:20] [Server thread/DEBUG] [FML/]: The fluid gregtech:clostridia has been selected as the default fluid for clostridia
[16:25:20] [Server thread/DEBUG] [FML/]: The fluid gregtech:molten.syrmorite has been selected as the default fluid for molten.syrmorite
[16:25:20] [Server thread/DEBUG] [FML/]: The fluid gregtech:applesmoothie has been selected as the default fluid for applesmoothie
[16:25:20] [Server thread/DEBUG] [FML/]: The fluid gregtech:molten.kanthal has been selected as the default fluid for molten.kanthal
[16:25:20] [Server thread/DEBUG] [FML/]: The fluid gregtech:molten.ancientdebris has been selected as the default fluid for molten.ancientdebris
[16:25:20] [Server thread/DEBUG] [FML/]: The fluid gregtech:molten.iron has been selected as the default fluid for molten.iron
[16:25:20] [Server thread/DEBUG] [FML/]: The fluid gregtech:goldencarrotjuice has been selected as the default fluid for goldencarrotjuice
[16:25:20] [Server thread/DEBUG] [FML/]: The fluid gregtech:epoxid has been selected as the default fluid for epoxid
[16:25:20] [Server thread/DEBUG] [FML/]: The fluid gregtech:hotcarbondioxide has been selected as the default fluid for hotcarbondioxide
[16:25:20] [Server thread/DEBUG] [FML/]: The fluid gregtech:dye.flower.white has been selected as the default fluid for dye.flower.white
[16:25:20] [Server thread/DEBUG] [FML/]: The fluid gregtech:protein has been selected as the default fluid for protein
[16:25:20] [Server thread/DEBUG] [FML/]: The fluid gregtech:pinkvitriol has been selected as the default fluid for pinkvitriol
[16:25:20] [Server thread/DEBUG] [FML/]: The fluid gregtech:molten.sulfur has been selected as the default fluid for molten.sulfur
[16:25:20] [Server thread/DEBUG] [FML/]: The fluid gregtech:molten.uranium235 has been selected as the default fluid for molten.uranium235
[16:25:20] [Server thread/DEBUG] [FML/]: The fluid gregtech:potion.speed.long.lingering has been selected as the default fluid for potion.speed.long.lingering
[16:25:20] [Server thread/DEBUG] [FML/]: The fluid gregtech:dye.flower.lime has been selected as the default fluid for dye.flower.lime
[16:25:20] [Server thread/DEBUG] [FML/]: The fluid gregtech:molten.midasium has been selected as the default fluid for molten.midasium
[16:25:20] [Server thread/DEBUG] [FML/]: The fluid gregtech:potion.speed.splash has been selected as the default fluid for potion.speed.splash
[16:25:20] [Server thread/DEBUG] [FML/]: The fluid gregtech:chargedmatter has been selected as the default fluid for chargedmatter
[16:25:20] [Server thread/DEBUG] [FML/]: The fluid gregtech:persimmonsmoothie has been selected as the default fluid for persimmonsmoothie
[16:25:20] [Server thread/DEBUG] [FML/]: The fluid gregtech:hydrogen has been selected as the default fluid for hydrogen
[16:25:20] [Server thread/DEBUG] [FML/]: The fluid gregtech:molten.astralsilver has been selected as the default fluid for molten.astralsilver
[16:25:20] [Server thread/DEBUG] [FML/]: The fluid gregtech:potion.invisibility.lingering has been selected as the default fluid for potion.invisibility.lingering
[16:25:20] [Server thread/DEBUG] [FML/]: The fluid gregtech:potion.regen.long.lingering has been selected as the default fluid for potion.regen.long.lingering
[16:25:20] [Server thread/DEBUG] [FML/]: The fluid gregtech:cfoam.owned.lightgray has been selected as the default fluid for cfoam.owned.lightgray
[16:25:20] [Server thread/DEBUG] [FML/]: The fluid gregtech:propane has been selected as the default fluid for propane
[16:25:20] [Server thread/DEBUG] [FML/]: The fluid gregtech:raspberrysmoothie has been selected as the default fluid for raspberrysmoothie
[16:25:20] [Server thread/DEBUG] [FML/]: The fluid gregtech:figjuice has been selected as the default fluid for figjuice
[16:25:20] [Server thread/DEBUG] [FML/]: The fluid gregtech:molten.hsss has been selected as the default fluid for molten.hsss
[16:25:20] [Server thread/DEBUG] [FML/]: The fluid gregtech:potion.poison has been selected as the default fluid for potion.poison
[16:25:20] [Server thread/DEBUG] [FML/]: The fluid gregtech:potion.poison.strong.splash has been selected as the default fluid for potion.poison.strong.splash
[16:25:20] [Server thread/DEBUG] [FML/]: The fluid gregtech:molten.rubidium has been selected as the default fluid for molten.rubidium
[16:25:20] [Server thread/DEBUG] [FML/]: The fluid gregtech:cfoam.blue has been selected as the default fluid for cfoam.blue
[16:25:20] [Server thread/DEBUG] [FML/]: The fluid gregtech:whitevitriol has been selected as the default fluid for whitevitriol
[16:25:20] [Server thread/DEBUG] [FML/]: The fluid gregtech:helium has been selected as the default fluid for helium
[16:25:20] [Server thread/DEBUG] [FML/]: The fluid gregtech:coconutsmoothie has been selected as the default fluid for coconutsmoothie
[16:25:20] [Server thread/DEBUG] [FML/]: The fluid gregtech:kiwismoothie has been selected as the default fluid for kiwismoothie
[16:25:20] [Server thread/DEBUG] [FML/]: The fluid gregtech:molten.hssg has been selected as the default fluid for molten.hssg
[16:25:20] [Server thread/DEBUG] [FML/]: The fluid gregtech:molten.hsse has been selected as the default fluid for molten.hsse
[16:25:20] [Server thread/DEBUG] [FML/]: The fluid gregtech:spss has been selected as the default fluid for spss
[16:25:20] [Server thread/DEBUG] [FML/]: The fluid gregtech:molten.boron11 has been selected as the default fluid for molten.boron11
[16:25:20] [Server thread/DEBUG] [FML/]: The fluid gregtech:molten.waxmagic has been selected as the default fluid for molten.waxmagic
[16:25:20] [Server thread/DEBUG] [FML/]: The fluid gregtech:riverwater has been selected as the default fluid for riverwater
[16:25:20] [Server thread/DEBUG] [FML/]: The fluid gregtech:hotheavywater has been selected as the default fluid for hotheavywater
[16:25:20] [Server thread/DEBUG] [FML/]: The fluid gregtech:plasma.ionizedhelium has been selected as the default fluid for plasma.ionizedhelium
[16:25:20] [Server thread/DEBUG] [FML/]: The fluid gregtech:absorptionliquidru has been selected as the default fluid for absorptionliquidru
[16:25:20] [Server thread/DEBUG] [FML/]: The fluid gregtech:molten.waxsoulful has been selected as the default fluid for molten.waxsoulful
[16:25:20] [Server thread/DEBUG] [FML/]: The fluid gregtech:spetrol has been selected as the default fluid for spetrol
[16:25:20] [Server thread/DEBUG] [FML/]: The fluid gregtech:msc has been selected as the default fluid for msc
[16:25:20] [Server thread/DEBUG] [FML/]: The fluid gregtech:cherrysmoothie has been selected as the default fluid for cherrysmoothie
[16:25:20] [Server thread/DEBUG] [FML/]: The fluid gregtech:molten.tallow has been selected as the default fluid for molten.tallow
[16:25:20] [Server thread/DEBUG] [FML/]: The fluid gregtech:molten.calcium has been selected as the default fluid for molten.calcium
[16:25:20] [Server thread/DEBUG] [FML/]: The fluid gregtech:molten.osmiumelemental has been selected as the default fluid for molten.osmiumelemental
[16:25:20] [Server thread/DEBUG] [FML/]: The fluid gregtech:neutralmatter has been selected as the default fluid for neutralmatter
[16:25:20] [Server thread/DEBUG] [FML/]: The fluid gregtech:potion.nightvision.lingering has been selected as the default fluid for potion.nightvision.lingering
[16:25:20] [Server thread/DEBUG] [FML/]: The fluid gregtech:uuamplifier has been selected as the default fluid for uuamplifier
[16:25:20] [Server thread/DEBUG] [FML/]: The fluid gregtech:mercury has been selected as the default fluid for mercury
[16:25:20] [Server thread/DEBUG] [FML/]: The fluid gregtech:molten.glowstoneenceladus has been selected as the default fluid for molten.glowstoneenceladus
[16:25:20] [Server thread/DEBUG] [FML/]: The fluid gregtech:ionizedhydrogen has been selected as the default fluid for ionizedhydrogen
[16:25:20] [Server thread/DEBUG] [FML/]: The fluid gregtech:molten.bronze has been selected as the default fluid for molten.bronze
[16:25:20] [Server thread/DEBUG] [FML/]: The fluid gregtech:dye.watermixed.pink has been selected as the default fluid for dye.watermixed.pink
[16:25:20] [Server thread/DEBUG] [FML/]: The fluid gregtech:glenmckenner has been selected as the default fluid for glenmckenner
[16:25:20] [Server thread/DEBUG] [FML/]: The fluid gregtech:molten.lithiumchlorate has been selected as the default fluid for molten.lithiumchlorate
[16:25:20] [Server thread/DEBUG] [FML/]: The fluid gregtech:molten.beryllium7 has been selected as the default fluid for molten.beryllium7
[16:25:20] [Server thread/DEBUG] [FML/]: The fluid gregtech:purplegrapesmoothie has been selected as the default fluid for purplegrapesmoothie
[16:25:20] [Server thread/DEBUG] [FML/]: The fluid gregtech:molten.beryllium8 has been selected as the default fluid for molten.beryllium8
[16:25:20] [Server thread/DEBUG] [FML/]: The fluid gregtech:molten.latex has been selected as the default fluid for molten.latex
[16:25:20] [Server thread/DEBUG] [FML/]: The fluid gregtech:ironplasma has been selected as the default fluid for ironplasma
[16:25:20] [Server thread/DEBUG] [FML/]: The fluid gregtech:molten.titanium has been selected as the default fluid for molten.titanium
[16:25:20] [Server thread/DEBUG] [FML/]: The fluid gregtech:potion.regen.strong.splash has been selected as the default fluid for potion.regen.strong.splash
[16:25:20] [Server thread/DEBUG] [FML/]: The fluid gregtech:potion.speed.strong.lingering has been selected as the default fluid for potion.speed.strong.lingering
[16:25:20] [Server thread/DEBUG] [FML/]: The fluid gregtech:molten.calcite has been selected as the default fluid for molten.calcite
[16:25:20] [Server thread/DEBUG] [FML/]: The fluid HTGT6:ruthenium_salt has been selected as the default fluid for ruthenium_salt
[16:25:20] [Server thread/DEBUG] [FML/]: The fluid gregtech:nitrogenmonoxide has been selected as the default fluid for nitrogenmonoxide
[16:25:20] [Server thread/DEBUG] [FML/]: The fluid gregtech:peroxydisulfuricacid has been selected as the default fluid for peroxydisulfuricacid
[16:25:20] [Server thread/DEBUG] [FML/]: The fluid gregtech:molten.waxparaffin has been selected as the default fluid for molten.waxparaffin
[16:25:20] [Server thread/DEBUG] [FML/]: The fluid gregtech:dye.flower.black has been selected as the default fluid for dye.flower.black
[16:25:20] [Server thread/DEBUG] [FML/]: The fluid gregtech:molten.tinalloy has been selected as the default fluid for molten.tinalloy
[16:25:20] [Server thread/DEBUG] [FML/]: The fluid gregtech:polytetrafluoroethylene has been selected as the default fluid for polytetrafluoroethylene
[16:25:20] [Server thread/DEBUG] [FML/]: The fluid gregtech:biomass has been selected as the default fluid for biomass
[16:25:20] [Server thread/DEBUG] [FML/]: The fluid gregtech:grcmilk.cream has been selected as the default fluid for grcmilk.cream
[16:25:20] [Server thread/DEBUG] [FML/]: The fluid gregtech:positronplasma has been selected as the default fluid for positronplasma
[16:25:20] [Server thread/DEBUG] [FML/]: The fluid gregtech:molten.osmiridium has been selected as the default fluid for molten.osmiridium
[16:25:20] [Server thread/DEBUG] [FML/]: The fluid gregtech:hotmoltenlicl has been selected as the default fluid for hotmoltenlicl
[16:25:20] [Server thread/DEBUG] [FML/]: The fluid gregtech:neon has been selected as the default fluid for neon
[16:25:20] [Server thread/DEBUG] [FML/]: The fluid gregtech:chloroplatinicacid has been selected as the default fluid for chloroplatinicacid
[16:25:20] [Server thread/DEBUG] [FML/]: The fluid gregtech:electronplasma has been selected as the default fluid for electronplasma
[16:25:20] [Server thread/DEBUG] [FML/]: The fluid gregtech:potion.regen.strong has been selected as the default fluid for potion.regen.strong
[16:25:20] [Server thread/DEBUG] [FML/]: The fluid gregtech:potion.speed.long has been selected as the default fluid for potion.speed.long
[16:25:20] [Server thread/DEBUG] [FML/]: The fluid gregtech:molten.atlarus has been selected as the default fluid for molten.atlarus
[16:25:20] [Server thread/DEBUG] [FML/]: The fluid gregtech:acetone has been selected as the default fluid for acetone
[16:25:20] [Server thread/DEBUG] [FML/]: The fluid gregtech:molten.silicon has been selected as the default fluid for molten.silicon
[16:25:20] [Server thread/DEBUG] [FML/]: The fluid gregtech:potion.jump.lingering has been selected as the default fluid for potion.jump.lingering
[16:25:20] [Server thread/DEBUG] [FML/]: The fluid gregtech:molten.lithiumperchlorate has been selected as the default fluid for molten.lithiumperchlorate
[16:25:20] [Server thread/DEBUG] [FML/]: The fluid gregtech:molten.electrotinealloy has been selected as the default fluid for molten.electrotinealloy
[16:25:20] [Server thread/DEBUG] [FML/]: The fluid gregtech:ethylene has been selected as the default fluid for ethylene
[16:25:20] [Server thread/DEBUG] [FML/]: The fluid gregtech:molten.manganesechloride has been selected as the default fluid for molten.manganesechloride
[16:25:20] [Server thread/DEBUG] [FML/]: The fluid gregtech:aquaticnutrition has been selected as the default fluid for aquaticnutrition
[16:25:20] [Server thread/DEBUG] [FML/]: The fluid gregtech:dye.flower.cyan has been selected as the default fluid for dye.flower.cyan
[16:25:20] [Server thread/DEBUG] [FML/]: The fluid gregtech:molten.pigiron has been selected as the default fluid for molten.pigiron
[16:25:20] [Server thread/DEBUG] [FML/]: The fluid gregtech:molten.vanadiumsteel has been selected as the default fluid for molten.vanadiumsteel
[16:25:20] [Server thread/DEBUG] [FML/]: The fluid gregtech:hormonesolution has been selected as the default fluid for hormonesolution
[16:25:20] [Server thread/DEBUG] [FML/]: The fluid gregtech:potion.damage has been selected as the default fluid for potion.damage
[16:25:20] [Server thread/DEBUG] [FML/]: The fluid gregtech:electroetchingsolution has been selected as the default fluid for electroetchingsolution
[16:25:20] [Server thread/DEBUG] [FML/]: The fluid gregtech:hydrochloricacid has been selected as the default fluid for hydrochloricacid
[16:25:20] [Server thread/DEBUG] [FML/]: The fluid gregtech:pomegranatejuice has been selected as the default fluid for pomegranatejuice
[16:25:20] [Server thread/DEBUG] [FML/]: The fluid gregtech:tea has been selected as the default fluid for tea
[16:25:20] [Server thread/DEBUG] [FML/]: The fluid gregtech:juice has been selected as the default fluid for juice
[16:25:20] [Server thread/DEBUG] [FML/]: The fluid gregtech:hydrogenfluoride has been selected as the default fluid for hydrogenfluoride
[16:25:20] [Server thread/DEBUG] [FML/]: The fluid gregtech:molten.nichrome has been selected as the default fluid for molten.nichrome
[16:25:20] [Server thread/DEBUG] [FML/]: The fluid gregtech:acrylicacid has been selected as the default fluid for acrylicacid
[16:25:20] [Server thread/DEBUG] [FML/]: The fluid gregtech:gas_natural_gas has been selected as the default fluid for gas_natural_gas
[16:25:20] [Server thread/DEBUG] [FML/]: The fluid gregtech:potion.strength.lingering has been selected as the default fluid for potion.strength.lingering
[16:25:20] [Server thread/DEBUG] [FML/]: The fluid gregtech:potion.health has been selected as the default fluid for potion.health
[16:25:20] [Server thread/DEBUG] [FML/]: The fluid gregtech:binnie.ciderapple has been selected as the default fluid for binnie.ciderapple
[16:25:20] [Server thread/DEBUG] [FML/]: The fluid gregtech:molten.americium has been selected as the default fluid for molten.americium
[16:25:20] [Server thread/DEBUG] [FML/]: The fluid gregtech:anti-helium_3 has been selected as the default fluid for anti-helium_3
[16:25:20] [Server thread/DEBUG] [FML/]: The fluid gregtech:molten.lead has been selected as the default fluid for molten.lead
[16:25:20] [Server thread/DEBUG] [FML/]: The fluid gregtech:potion.weakness.splash has been selected as the default fluid for potion.weakness.splash
[16:25:20] [Server thread/DEBUG] [FML/]: The fluid gregtech:dye.flower.orange has been selected as the default fluid for dye.flower.orange
[16:25:20] [Server thread/DEBUG] [FML/]: The fluid gregtech:semiheavywater has been selected as the default fluid for semiheavywater
[16:25:20] [Server thread/DEBUG] [FML/]: The fluid gregtech:aquaregia has been selected as the default fluid for aquaregia
[16:25:20] [Server thread/DEBUG] [FML/]: The fluid gregtech:dye.flower.gray has been selected as the default fluid for dye.flower.gray
[16:25:20] [Server thread/DEBUG] [FML/]: The fluid gregtech:molten.redalloy has been selected as the default fluid for molten.redalloy
[16:25:20] [Server thread/DEBUG] [FML/]: The fluid gregtech:molten.lumium has been selected as the default fluid for molten.lumium
[16:25:20] [Server thread/DEBUG] [FML/]: The fluid gregtech:primer has been selected as the default fluid for primer
[16:25:20] [Server thread/DEBUG] [FML/]: The fluid gregtech:cfoam.owned.white has been selected as the default fluid for cfoam.owned.white
[16:25:20] [Server thread/DEBUG] [FML/]: The fluid gregtech:bonemarrow has been selected as the default fluid for bonemarrow
[16:25:20] [Server thread/DEBUG] [FML/]: The fluid gregtech:anti-tritium has been selected as the default fluid for anti-tritium
[16:25:20] [Server thread/DEBUG] [FML/]: The fluid gregtech:cfoam.owned.yellow has been selected as the default fluid for cfoam.owned.yellow
[16:25:20] [Server thread/DEBUG] [FML/]: The fluid gregtech:saltwater has been selected as the default fluid for saltwater
[16:25:20] [Server thread/DEBUG] [FML/]: The fluid gregtech:nutoil has been selected as the default fluid for nutoil
[16:25:20] [Server thread/DEBUG] [FML/]: The fluid gregtech:sulfurtrioxide has been selected as the default fluid for sulfurtrioxide
[16:25:20] [Server thread/DEBUG] [FML/]: The fluid gregtech:dye.watermixed.green has been selected as the default fluid for dye.watermixed.green
[16:25:20] [Server thread/DEBUG] [FML/]: The fluid gregtech:astatine has been selected as the default fluid for astatine
[16:25:20] [Server thread/DEBUG] [FML/]: The fluid gregtech:molten.bluealloy has been selected as the default fluid for molten.bluealloy
[16:25:20] [Server thread/DEBUG] [FML/]: The fluid gregtech:cyanvitriol has been selected as the default fluid for cyanvitriol
[16:25:20] [Server thread/DEBUG] [FML/]: The fluid gregtech:molten.manganese has been selected as the default fluid for molten.manganese
[16:25:20] [Server thread/DEBUG] [FML/]: The fluid gregtech:error has been selected as the default fluid for error
[16:25:20] [Server thread/DEBUG] [FML/]: The fluid gregtech:dragonbreath has been selected as the default fluid for dragonbreath
[16:25:20] [Server thread/DEBUG] [FML/]: The fluid gregtech:waterdirty has been selected as the default fluid for waterdirty
[16:25:20] [Server thread/DEBUG] [FML/]: The fluid gregtech:molten.waxplant has been selected as the default fluid for molten.waxplant
[16:25:20] [Server thread/DEBUG] [FML/]: The fluid gregtech:cfoam.green has been selected as the default fluid for cfoam.green
[16:25:20] [Server thread/DEBUG] [FML/]: The fluid gregtech:heliumneon has been selected as the default fluid for heliumneon
[16:25:20] [Server thread/DEBUG] [FML/]: The fluid gregtech:grapesmoothie has been selected as the default fluid for grapesmoothie
[16:25:20] [Server thread/DEBUG] [FML/]: The fluid gregtech:dye.chemical.black has been selected as the default fluid for dye.chemical.black
[16:25:20] [Server thread/DEBUG] [FML/]: The fluid gregtech:carbontrioxide has been selected as the default fluid for carbontrioxide
[16:25:20] [Server thread/DEBUG] [FML/]: The fluid gregtech:cfoam.owned.lime has been selected as the default fluid for cfoam.owned.lime
[16:25:20] [Server thread/DEBUG] [FML/]: The fluid gregtech:royaljelly has been selected as the default fluid for royaljelly
[16:25:20] [Server thread/DEBUG] [FML/]: The fluid gregtech:pregnantsolutionosru has been selected as the default fluid for pregnantsolutionosru
[16:25:20] [Server thread/DEBUG] [FML/]: The fluid gregtech:peachsmoothie has been selected as the default fluid for peachsmoothie
[16:25:20] [Server thread/DEBUG] [FML/]: The fluid gregtech:potion.slowness.splash has been selected as the default fluid for potion.slowness.splash
[16:25:20] [Server thread/DEBUG] [FML/]: The fluid gregtech:molten.blackbronze has been selected as the default fluid for molten.blackbronze
[16:25:20] [Server thread/DEBUG] [FML/]: The fluid gregtech:cfoam.pink has been selected as the default fluid for cfoam.pink
[16:25:20] [Server thread/DEBUG] [FML/]: The fluid gregtech:currantjuice has been selected as the default fluid for currantjuice
[16:25:20] [Server thread/DEBUG] [FML/]: The fluid gregtech:mineralsoda has been selected as the default fluid for mineralsoda
[16:25:20] [Server thread/DEBUG] [FML/]: The fluid gregtech:molten.arsenic has been selected as the default fluid for molten.arsenic
[16:25:20] [Server thread/DEBUG] [FML/]: The fluid gregtech:molten.molybdenum has been selected as the default fluid for molten.molybdenum
[16:25:20] [Server thread/DEBUG] [FML/]: The fluid gregtech:disulfuricacid has been selected as the default fluid for disulfuricacid
[16:25:20] [Server thread/DEBUG] [FML/]: The fluid gregtech:dye.chemical.brown has been selected as the default fluid for dye.chemical.brown
[16:25:20] [Server thread/DEBUG] [FML/]: The fluid gregtech:linoil has been selected as the default fluid for linoil
[16:25:20] [Server thread/DEBUG] [FML/]: The fluid gregtech:rutheniumtetroxide has been selected as the default fluid for rutheniumtetroxide
[16:25:20] [Server thread/DEBUG] [FML/]: The fluid gregtech:molten.hepatizon has been selected as the default fluid for molten.hepatizon
[16:25:20] [Server thread/DEBUG] [FML/]: The fluid gregtech:molten.glowstoneio has been selected as the default fluid for molten.glowstoneio
[16:25:20] [Server thread/DEBUG] [FML/]: The fluid gregtech:potion.regen has been selected as the default fluid for potion.regen
[16:25:20] [Server thread/DEBUG] [FML/]: The fluid gregtech:molten.naquadahenriched has been selected as the default fluid for molten.naquadahenriched
[16:25:20] [Server thread/DEBUG] [FML/]: The fluid gregtech:potion.goldencider has been selected as the default fluid for potion.goldencider
[16:25:20] [Server thread/DEBUG] [FML/]: The fluid gregtech:rhodiumsulfidesolution has been selected as the default fluid for rhodiumsulfidesolution
[16:25:20] [Server thread/DEBUG] [FML/]: The fluid gregtech:dye.flower.purple has been selected as the default fluid for dye.flower.purple
[16:25:20] [Server thread/DEBUG] [FML/]: The fluid gregtech:argon has been selected as the default fluid for argon
[16:25:20] [Server thread/DEBUG] [FML/]: The fluid gregtech:cumene has been selected as the default fluid for cumene
[16:25:20] [Server thread/DEBUG] [FML/]: The fluid gregtech:blaze has been selected as the default fluid for blaze
[16:25:20] [Server thread/DEBUG] [FML/]: The fluid gregtech:vitriolofclay has been selected as the default fluid for vitriolofclay
[16:25:20] [Server thread/DEBUG] [FML/]: The fluid gregtech:sulfurdioxide has been selected as the default fluid for sulfurdioxide
[16:25:20] [Server thread/DEBUG] [FML/]: The fluid gregtech:dye.chemical.lightgray has been selected as the default fluid for dye.chemical.lightgray
[16:25:20] [Server thread/DEBUG] [FML/]: The fluid gregtech:vinegar has been selected as the default fluid for vinegar
[16:25:20] [Server thread/DEBUG] [FML/]: The fluid gregtech:mcguffium has been selected as the default fluid for mcguffium
[16:25:20] [Server thread/DEBUG] [FML/]: The fluid IC2:coolant has been selected as the default fluid for coolant
[16:25:20] [Server thread/DEBUG] [FML/]: The fluid gregtech:bacteria_medium has been selected as the default fluid for bacteria_medium
[16:25:20] [Server thread/DEBUG] [FML/]: The fluid gregtech:cranberrysmoothie has been selected as the default fluid for cranberrysmoothie
[16:25:20] [Server thread/DEBUG] [FML/]: The fluid gregtech:binnie.vodka has been selected as the default fluid for binnie.vodka
[16:25:20] [Server thread/DEBUG] [FML/]: The fluid gregtech:molten.tungstensteel has been selected as the default fluid for molten.tungstensteel
[16:25:20] [Server thread/DEBUG] [FML/]: The fluid gregtech:molten.francium has been selected as the default fluid for molten.francium
[16:25:20] [Server thread/DEBUG] [FML/]: The fluid gregtech:liquid_light_oil has been selected as the default fluid for liquid_light_oil
[16:25:20] [Server thread/DEBUG] [FML/]: The fluid gregtech:molten.ferrouschloride has been selected as the default fluid for molten.ferrouschloride
[16:25:20] [Server thread/DEBUG] [FML/]: The fluid gregtech:molten.steel has been selected as the default fluid for molten.steel
[16:25:20] [Server thread/DEBUG] [FML/]: The fluid gregtech:ethanol has been selected as the default fluid for ethanol
[16:25:20] [Server thread/DEBUG] [FML/]: The fluid gregtech:sweettea has been selected as the default fluid for sweettea
[16:25:20] [Server thread/DEBUG] [FML/]: The fluid gregtech:hydrosulfuricacid has been selected as the default fluid for hydrosulfuricacid
[16:25:20] [Server thread/DEBUG] [FML/]: The fluid gregtech:molten.tin has been selected as the default fluid for molten.tin
[16:25:20] [Server thread/DEBUG] [FML/]: The fluid gregtech:vitaminsolution has been selected as the default fluid for vitaminsolution
[16:25:20] [Server thread/DEBUG] [FML/]: The fluid gregtech:dye.watermixed.blue has been selected as the default fluid for dye.watermixed.blue
[16:25:20] [Server thread/DEBUG] [FML/]: The fluid gregtech:sunfloweroil has been selected as the default fluid for sunfloweroil
[16:25:20] [Server thread/DEBUG] [FML/]: The fluid gregtech:molten.meteoricsteel has been selected as the default fluid for molten.meteoricsteel
[16:25:20] [Server thread/DEBUG] [FML/]: The fluid gregtech:potion.waterbreathing has been selected as the default fluid for potion.waterbreathing
[16:25:20] [Server thread/DEBUG] [FML/]: The fluid gregtech:latex has been selected as the default fluid for latex
[16:25:20] [Server thread/DEBUG] [FML/]: The fluid gregtech:potion.strength.long.lingering has been selected as the default fluid for potion.strength.long.lingering
[16:25:20] [Server thread/DEBUG] [FML/]: The fluid gregtech:fierytears has been selected as the default fluid for fierytears
[16:25:20] [Server thread/DEBUG] [FML/]: The fluid gregtech:dye.flower.green has been selected as the default fluid for dye.flower.green
[16:25:20] [Server thread/DEBUG] [FML/]: The fluid gregtech:cfoam.owned.blue has been selected as the default fluid for cfoam.owned.blue
[16:25:20] [Server thread/DEBUG] [FML/]: The fluid gregtech:protonplasma has been selected as the default fluid for protonplasma
[16:25:20] [Server thread/DEBUG] [FML/]: The fluid gregtech:molten.damascussteel has been selected as the default fluid for molten.damascussteel
[16:25:20] [Server thread/DEBUG] [FML/]: The fluid gregtech:potion.poison.splash has been selected as the default fluid for potion.poison.splash
[16:25:20] [Server thread/DEBUG] [FML/]: The fluid gregtech:rottendrink has been selected as the default fluid for rottendrink
[16:25:20] [Server thread/DEBUG] [FML/]: The fluid gregtech:honey has been selected as the default fluid for honey
[16:25:20] [Server thread/DEBUG] [FML/]: The fluid gregtech:bioethanol has been selected as the default fluid for bioethanol
[16:25:20] [Server thread/DEBUG] [FML/]: The fluid HTGT6:acidic_osmium_sollution has been selected as the default fluid for acidic_osmium_sollution
[16:25:20] [Server thread/DEBUG] [FML/]: The fluid gregtech:potion.poison.lingering has been selected as the default fluid for potion.poison.lingering
[16:25:20] [Server thread/DEBUG] [FML/]: The fluid gregtech:mead has been selected as the default fluid for mead
[16:25:20] [Server thread/DEBUG] [FML/]: The fluid gregtech:dye.flower.pink has been selected as the default fluid for dye.flower.pink
[16:25:20] [Server thread/DEBUG] [FML/]: The fluid gregtech:molten.glowstone has been selected as the default fluid for molten.glowstone
[16:25:20] [Server thread/DEBUG] [FML/]: The fluid gregtech:aquaticwaste has been selected as the default fluid for aquaticwaste
[16:25:20] [Server thread/DEBUG] [FML/]: The fluid gregtech:molten.mithril has been selected as the default fluid for molten.mithril
[16:25:20] [Server thread/DEBUG] [FML/]: The fluid gregtech:potion.health.strong.splash has been selected as the default fluid for potion.health.strong.splash
[16:25:20] [Server thread/DEBUG] [FML/]: The fluid gregtech:hotfryingoil has been selected as the default fluid for hotfryingoil
[16:25:20] [Server thread/DEBUG] [FML/]: The fluid gregtech:potion.diablosauce has been selected as the default fluid for potion.diablosauce
[16:25:20] [Server thread/DEBUG] [FML/]: The fluid gregtech:potion.health.lingering has been selected as the default fluid for potion.health.lingering
[16:25:20] [Server thread/DEBUG] [FML/]: The fluid gregtech:lemonsmoothie has been selected as the default fluid for lemonsmoothie
[16:25:20] [Server thread/DEBUG] [FML/]: The fluid gregtech:potion.cavejohnsonsgrenadejuice has been selected as the default fluid for potion.cavejohnsonsgrenadejuice
[16:25:20] [Server thread/DEBUG] [FML/]: The fluid gregtech:molten.glowstoneproteus has been selected as the default fluid for molten.glowstoneproteus
[16:25:20] [Server thread/DEBUG] [FML/]: The fluid gregtech:limesmoothie has been selected as the default fluid for limesmoothie
[16:25:20] [Server thread/DEBUG] [FML/]: The fluid gregtech:anti-carbon_13 has been selected as the default fluid for anti-carbon_13
[16:25:20] [Server thread/DEBUG] [FML/]: The fluid gregtech:limoncello has been selected as the default fluid for limoncello
[16:25:20] [Server thread/DEBUG] [FML/]: The fluid gregtech:biowaste has been selected as the default fluid for biowaste
[16:25:20] [Server thread/DEBUG] [FML/]: The fluid gregtech:diesel has been selected as the default fluid for diesel
[16:25:20] [Server thread/DEBUG] [FML/]: The fluid gregtech:dodecanechloride has been selected as the default fluid for dodecanechloride
[16:25:20] [Server thread/DEBUG] [FML/]: The fluid gregtech:potion.sake has been selected as the default fluid for potion.sake
[16:25:20] [Server thread/DEBUG] [FML/]: The fluid gregtech:purpledrink has been selected as the default fluid for purpledrink
[16:25:20] [Server thread/DEBUG] [FML/]: The fluid gregtech:molten.magnesiumchloride has been selected as the default fluid for molten.magnesiumchloride
[16:25:20] [Server thread/DEBUG] [FML/]: The fluid gregtech:biomass_flora has been selected as the default fluid for biomass_flora
[16:25:20] [Server thread/DEBUG] [FML/]: The fluid gregtech:potion.speed has been selected as the default fluid for potion.speed
[16:25:20] [Server thread/DEBUG] [FML/]: The fluid gregtech:applevinegar has been selected as the default fluid for applevinegar
[16:25:20] [Server thread/DEBUG] [FML/]: The fluid gregtech:molten.tritaniumelemental has been selected as the default fluid for molten.tritaniumelemental
[16:25:20] [Server thread/DEBUG] [FML/]: The fluid gregtech:whitegrapesmoothie has been selected as the default fluid for whitegrapesmoothie
[16:25:20] [Server thread/DEBUG] [FML/]: The fluid gregtech:papayasmoothie has been selected as the default fluid for papayasmoothie
[16:25:20] [Server thread/DEBUG] [FML/]: The fluid gregtech:binnie.mashrye has been selected as the default fluid for binnie.mashrye
[16:25:20] [Server thread/DEBUG] [FML/]: The fluid gregtech:bisphenol has been selected as the default fluid for bisphenol
[16:25:20] [Server thread/DEBUG] [FML/]: The fluid gregtech:cfoam.owned.purple has been selected as the default fluid for cfoam.owned.purple
[16:25:20] [Server thread/DEBUG] [FML/]: The fluid gregtech:grc.applecider0 has been selected as the default fluid for grc.applecider0
[16:25:20] [Server thread/DEBUG] [FML/]: The fluid gregtech:currantsmoothie has been selected as the default fluid for currantsmoothie
[16:25:20] [Server thread/DEBUG] [FML/]: The fluid gregtech:molten.cryolite has been selected as the default fluid for molten.cryolite
[16:25:20] [Server thread/DEBUG] [FML/]: The fluid gregtech:molten.carbon has been selected as the default fluid for molten.carbon
[16:25:20] [Server thread/DEBUG] [FML/]: The fluid gregtech:molten.strontium has been selected as the default fluid for molten.strontium
[16:25:20] [Server thread/DEBUG] [FML/]: The fluid gregtech:mscbasalmedium has been selected as the default fluid for mscbasalmedium
[16:25:20] [Server thread/DEBUG] [FML/]: The fluid gregtech:cfoam.gray has been selected as the default fluid for cfoam.gray
[16:25:20] [Server thread/DEBUG] [FML/]: The fluid gregtech:chocolatecream has been selected as the default fluid for chocolatecream
[16:25:20] [Server thread/DEBUG] [FML/]: The fluid gregtech:biomass_diluted has been selected as the default fluid for biomass_diluted
[16:25:20] [Server thread/DEBUG] [FML/]: The fluid HTGT6:palladium_sollution has been selected as the default fluid for palladium_sollution
[16:25:20] [Server thread/DEBUG] [FML/]: The fluid gregtech:milk has been selected as the default fluid for milk
[16:25:20] [Server thread/DEBUG] [FML/]: The fluid gregtech:molten.uranium238tetrafluoride has been selected as the default fluid for molten.uranium238tetrafluoride
[16:25:20] [Server thread/DEBUG] [FML/]: The fluid gregtech:molten.uranium has been selected as the default fluid for molten.uranium
[16:25:20] [Server thread/DEBUG] [FML/]: The fluid gregtech:molten.copper has been selected as the default fluid for molten.copper
[16:25:20] [Server thread/DEBUG] [FML/]: The fluid gregtech:krypton has been selected as the default fluid for krypton
[16:25:20] [Server thread/DEBUG] [FML/]: The fluid gregtech:maplesap has been selected as the default fluid for maplesap
[16:25:20] [Server thread/DEBUG] [FML/]: The fluid gregtech:binnie.juicebanana has been selected as the default fluid for binnie.juicebanana
[16:25:20] [Server thread/DEBUG] [FML/]: The fluid gregtech:anti-helium has been selected as the default fluid for anti-helium
[16:25:20] [Server thread/DEBUG] [FML/]: The fluid gregtech:potion.strength.strong.lingering has been selected as the default fluid for potion.strength.strong.lingering
[16:25:20] [Server thread/DEBUG] [FML/]: The fluid gregtech:cfoam.owned.brown has been selected as the default fluid for cfoam.owned.brown
[16:25:20] [Server thread/DEBUG] [FML/]: The fluid gregtech:coconutcream has been selected as the default fluid for coconutcream
[16:25:20] [Server thread/DEBUG] [FML/]: The fluid gregtech:dye.watermixed.black has been selected as the default fluid for dye.watermixed.black
[16:25:20] [Server thread/DEBUG] [FML/]: The fluid gregtech:heliumplasma has been selected as the default fluid for heliumplasma
[16:25:20] [Server thread/DEBUG] [FML/]: The fluid gregtech:medicine.laxative has been selected as the default fluid for medicine.laxative
[16:25:20] [Server thread/DEBUG] [FML/]: The fluid gregtech:molten.alumite has been selected as the default fluid for molten.alumite
[16:25:20] [Server thread/DEBUG] [FML/]: The fluid gregtech:molten.adamantium has been selected as the default fluid for molten.adamantium
[16:25:20] [Server thread/DEBUG] [FML/]: The fluid gregtech:plastic has been selected as the default fluid for plastic
[16:25:20] [Server thread/DEBUG] [FML/]: The fluid gregtech:stannicchloride has been selected as the default fluid for stannicchloride
[16:25:20] [Server thread/DEBUG] [FML/]: The fluid gregtech:molten.lithium6 has been selected as the default fluid for molten.lithium6
[16:25:20] [Server thread/DEBUG] [FML/]: The fluid gregtech:antiprotonplasma has been selected as the default fluid for antiprotonplasma
[16:25:20] [Server thread/DEBUG] [FML/]: The fluid gregtech:cactuswater has been selected as the default fluid for cactuswater
[16:25:20] [Server thread/DEBUG] [FML/]: The fluid gregtech:molten.cheese has been selected as the default fluid for molten.cheese
[16:25:20] [Server thread/DEBUG] [FML/]: The fluid gregtech:beer has been selected as the default fluid for beer
[16:25:20] [Server thread/DEBUG] [FML/]: The fluid gregtech:molten.waxrefractory has been selected as the default fluid for molten.waxrefractory
[16:25:20] [Server thread/DEBUG] [FML/]: The fluid gregtech:molten.voidmetal has been selected as the default fluid for molten.voidmetal
[16:25:20] [Server thread/DEBUG] [FML/]: The fluid gregtech:sulfuricacid has been selected as the default fluid for sulfuricacid
[16:25:20] [Server thread/DEBUG] [FML/]: The fluid gregtech:xenon has been selected as the default fluid for xenon
[16:25:20] [Server thread/DEBUG] [FML/]: The fluid gregtech:sfuel has been selected as the default fluid for sfuel
[16:25:20] [Server thread/DEBUG] [FML/]: The fluid gregtech:cfoam.purple has been selected as the default fluid for cfoam.purple
[16:25:20] [Server thread/DEBUG] [FML/]: The fluid gregtech:molten.draconiumawakened has been selected as the default fluid for molten.draconiumawakened
[16:25:20] [Server thread/DEBUG] [FML/]: The fluid gregtech:persimmonjuice has been selected as the default fluid for persimmonjuice
[16:25:20] [Server thread/DEBUG] [FML/]: The fluid gregtech:soda has been selected as the default fluid for soda
[16:25:20] [Server thread/DEBUG] [FML/]: The fluid gregtech:seawater has been selected as the default fluid for seawater
[16:25:20] [Server thread/DEBUG] [FML/]: The fluid gregtech:binnie.juiceelderberry has been selected as the default fluid for binnie.juiceelderberry
[16:25:20] [Server thread/DEBUG] [FML/]: The fluid gregtech:glass has been selected as the default fluid for glass
[16:25:20] [Server thread/DEBUG] [FML/]: The fluid gregtech:molten.sodiumcarbonate has been selected as the default fluid for molten.sodiumcarbonate
[16:25:20] [Server thread/DEBUG] [FML/]: The fluid gregtech:gooseberrysmoothie has been selected as the default fluid for gooseberrysmoothie
[16:25:20] [Server thread/DEBUG] [FML/]: The fluid gregtech:potion.speed.strong.splash has been selected as the default fluid for potion.speed.strong.splash
[16:25:20] [Server thread/DEBUG] [FML/]: The fluid gregtech:molten.glowstonepluto has been selected as the default fluid for molten.glowstonepluto
[16:25:20] [Server thread/DEBUG] [FML/]: The fluid gregtech:melonsmoothie has been selected as the default fluid for melonsmoothie
[16:25:20] [Server thread/DEBUG] [FML/]: The fluid gregtech:potion.slowness.long.splash has been selected as the default fluid for potion.slowness.long.splash
[16:25:20] [Server thread/DEBUG] [FML/]: The fluid gregtech:nutella has been selected as the default fluid for nutella
[16:25:20] [Server thread/DEBUG] [FML/]: The fluid gregtech:molten.bismuth has been selected as the default fluid for molten.bismuth
[16:25:20] [Server thread/DEBUG] [FML/]: The fluid gregtech:ic2biomass has been selected as the default fluid for ic2biomass
[16:25:20] [Server thread/DEBUG] [FML/]: The fluid gregtech:potion.coffee has been selected as the default fluid for potion.coffee
[16:25:20] [Server thread/DEBUG] [FML/]: The fluid gregtech:molten.potassium has been selected as the default fluid for molten.potassium
[16:25:20] [Server thread/DEBUG] [FML/]: The fluid gregtech:molten.caesium has been selected as the default fluid for molten.caesium
[16:25:20] [Server thread/DEBUG] [FML/]: The fluid gregtech:potion.waterbreathing.splash has been selected as the default fluid for potion.waterbreathing.splash
[16:25:20] [Server thread/DEBUG] [FML/]: The fluid gregtech:molten.waxbee has been selected as the default fluid for molten.waxbee
[16:25:20] [Server thread/DEBUG] [FML/]: The fluid gregtech:dye.flower.lightblue has been selected as the default fluid for dye.flower.lightblue
[16:25:20] [Server thread/DEBUG] [FML/]: The fluid gregtech:dye.chemical.orange has been selected as the default fluid for dye.chemical.orange
[16:25:20] [Server thread/DEBUG] [FML/]: The fluid gregtech:darkbeer has been selected as the default fluid for darkbeer
[16:25:20] [Server thread/DEBUG] [FML/]: The fluid gregtech:epichlorohydrin has been selected as the default fluid for epichlorohydrin
[16:25:20] [Server thread/DEBUG] [FML/]: The fluid gregtech:molten.vanadiummagnetite has been selected as the default fluid for molten.vanadiummagnetite
[16:25:20] [Server thread/DEBUG] [FML/]: The fluid gregtech:molten.moonstone has been selected as the default fluid for molten.moonstone
[16:25:20] [Server thread/DEBUG] [FML/]: The fluid gregtech:methylhydrolaurate has been selected as the default fluid for methylhydrolaurate
[16:25:20] [Server thread/DEBUG] [FML/]: The fluid gregtech:molten.invar has been selected as the default fluid for molten.invar
[16:25:20] [Server thread/DEBUG] [FML/]: The fluid gregtech:short.mead has been selected as the default fluid for short.mead
[16:25:20] [Server thread/DEBUG] [FML/]: The fluid gregtech:blackberrysmoothie has been selected as the default fluid for blackberrysmoothie
[16:25:20] [Server thread/DEBUG] [FML/]: The fluid gregtech:molten.rutile has been selected as the default fluid for molten.rutile
[16:25:20] [Server thread/DEBUG] [FML/]: The fluid gregtech:molten.aluminiumfluoride has been selected as the default fluid for molten.aluminiumfluoride
[16:25:20] [Server thread/DEBUG] [FML/]: The fluid gregtech:ionizedhelium has been selected as the default fluid for ionizedhelium
[16:25:20] [Server thread/DEBUG] [FML/]: The fluid gregtech:molten.magnesiumcarbonate has been selected as the default fluid for molten.magnesiumcarbonate
[16:25:20] [Server thread/DEBUG] [FML/]: The fluid gregtech:potion.jump.strong has been selected as the default fluid for potion.jump.strong
[16:25:20] [Server thread/DEBUG] [FML/]: The fluid gregtech:potion.invisibility.splash has been selected as the default fluid for potion.invisibility.splash
[16:25:20] [Server thread/DEBUG] [FML/]: The fluid gregtech:dye.watermixed.lightgray has been selected as the default fluid for dye.watermixed.lightgray
[16:25:20] [Server thread/DEBUG] [FML/]: The fluid gregtech:plumsmoothie has been selected as the default fluid for plumsmoothie
[16:25:20] [Server thread/DEBUG] [FML/]: The fluid gregtech:molten.chocolate has been selected as the default fluid for molten.chocolate
[16:25:20] [Server thread/DEBUG] [FML/]: The fluid gregtech:liquid_medium_oil has been selected as the default fluid for liquid_medium_oil
[16:25:20] [Server thread/DEBUG] [FML/]: The fluid gregtech:hotmoltentin has been selected as the default fluid for hotmoltentin
[16:25:20] [Server thread/DEBUG] [FML/]: The fluid gregtech:potion.poison.long has been selected as the default fluid for potion.poison.long
[16:25:20] [Server thread/DEBUG] [FML/]: The fluid gregtech:escherichiacoli has been selected as the default fluid for escherichiacoli
[16:25:20] [Server thread/DEBUG] [FML/]: The fluid gregtech:differentiationpromotingprotein_nervecell_gene has been selected as the default fluid for differentiationpromotingprotein_nervecell_gene
[16:25:20] [Server thread/DEBUG] [FML/]: The fluid gregtech:potion.strength.splash has been selected as the default fluid for potion.strength.splash
[16:25:20] [Server thread/DEBUG] [FML/]: The fluid gregtech:grapejuice has been selected as the default fluid for grapejuice
[16:25:20] [Server thread/DEBUG] [FML/]: The fluid gregtech:potion.awkward has been selected as the default fluid for potion.awkward
[16:25:20] [Server thread/DEBUG] [FML/]: The fluid gregtech:bbqsauce has been selected as the default fluid for bbqsauce
[16:25:20] [Server thread/DEBUG] [FML/]: The fluid gregtech:molten.naquadah has been selected as the default fluid for molten.naquadah
[16:25:20] [Server thread/DEBUG] [FML/]: The fluid gregtech:potion.jump.strong.splash has been selected as the default fluid for potion.jump.strong.splash
[16:25:20] [Server thread/DEBUG] [FML/]: The fluid gregtech:molten.ilmenite has been selected as the default fluid for molten.ilmenite
[16:25:20] [Server thread/DEBUG] [FML/]: The fluid gregtech:monochlorodecane has been selected as the default fluid for monochlorodecane
[16:25:20] [Server thread/DEBUG] [FML/]: The fluid gregtech:molten.enderium has been selected as the default fluid for molten.enderium
[16:25:20] [Server thread/DEBUG] [FML/]: The fluid gregtech:potion.idunsapplejuice has been selected as the default fluid for potion.idunsapplejuice
[16:25:20] [Server thread/DEBUG] [FML/]: The fluid gregtech:anti-nitrogen has been selected as the default fluid for anti-nitrogen
[16:25:20] [Server thread/DEBUG] [FML/]: The fluid gregtech:cfoam.cyan has been selected as the default fluid for cfoam.cyan
[16:25:20] [Server thread/DEBUG] [FML/]: The fluid gregtech:potion.weakness.lingering has been selected as the default fluid for potion.weakness.lingering
[16:25:20] [Server thread/DEBUG] [FML/]: The fluid gregtech:molten.marsstone has been selected as the default fluid for molten.marsstone
[16:25:20] [Server thread/DEBUG] [FML/]: The fluid gregtech:potion.jump.strong.lingering has been selected as the default fluid for potion.jump.strong.lingering
[16:25:20] [Server thread/DEBUG] [FML/]: The fluid gregtech:potion.diabolosauce has been selected as the default fluid for potion.diabolosauce
[16:25:20] [Server thread/DEBUG] [FML/]: The fluid gregtech:chlororhodiumacid has been selected as the default fluid for chlororhodiumacid
[16:25:20] [Server thread/DEBUG] [FML/]: The fluid gregtech:nitrogendioxide has been selected as the default fluid for nitrogendioxide
[16:25:20] [Server thread/DEBUG] [FML/]: The fluid gregtech:ethylmethylcarbonate has been selected as the default fluid for ethylmethylcarbonate
[16:25:20] [Server thread/DEBUG] [FML/]: The fluid gregtech:hotmoltensodium has been selected as the default fluid for hotmoltensodium
[16:25:20] [Server thread/DEBUG] [FML/]: The fluid gregtech:oil has been selected as the default fluid for oil
[16:25:20] [Server thread/DEBUG] [FML/]: The fluid gregtech:cfoam.lightgray has been selected as the default fluid for cfoam.lightgray
[16:25:20] [Server thread/DEBUG] [FML/]: The fluid gregtech:potion.damage.splash has been selected as the default fluid for potion.damage.splash
[16:25:20] [Server thread/DEBUG] [FML/]: The fluid gregtech:cfoam.brown has been selected as the default fluid for cfoam.brown
[16:25:20] [Server thread/DEBUG] [FML/]: The fluid gregtech:molten.brass has been selected as the default fluid for molten.brass
[16:25:20] [Server thread/DEBUG] [FML/]: The fluid gregtech:molten.sugar has been selected as the default fluid for molten.sugar
[16:25:20] [Server thread/DEBUG] [FML/]: The fluid gregtech:molten.antimony has been selected as the default fluid for molten.antimony
[16:25:20] [Server thread/DEBUG] [FML/]: The fluid gregtech:molten.schrabidium has been selected as the default fluid for molten.schrabidium
[16:25:20] [Server thread/DEBUG] [FML/]: The fluid gregtech:molten.spectreiron has been selected as the default fluid for molten.spectreiron
[16:25:20] [Server thread/DEBUG] [FML/]: The fluid gregtech:molten.stainlesssteel has been selected as the default fluid for molten.stainlesssteel
[16:25:20] [Server thread/DEBUG] [FML/]: The fluid gregtech:dnaextract has been selected as the default fluid for dnaextract
[16:25:20] [Server thread/DEBUG] [FML/]: The fluid gregtech:binnie.juiceapple has been selected as the default fluid for binnie.juiceapple
[16:25:20] [Server thread/DEBUG] [FML/]: The fluid gregtech:gasoil has been selected as the default fluid for gasoil
[16:25:20] [Server thread/DEBUG] [FML/]: The fluid gregtech:fluorine has been selected as the default fluid for fluorine
[16:25:20] [Server thread/DEBUG] [FML/]: The fluid gregtech:potion.poison.long.splash has been selected as the default fluid for potion.poison.long.splash
[16:25:20] [Server thread/DEBUG] [FML/]: The fluid gregtech:steam has been selected as the default fluid for steam
[16:25:20] [Server thread/DEBUG] [FML/]: The fluid gregtech:beetjuice has been selected as the default fluid for beetjuice
[16:25:20] [Server thread/DEBUG] [FML/]: The fluid gregtech:plasma.ionizedhydrogen has been selected as the default fluid for plasma.ionizedhydrogen
[16:25:20] [Server thread/DEBUG] [FML/]: The fluid gregtech:starfruitsmoothie has been selected as the default fluid for starfruitsmoothie
[16:25:20] [Server thread/DEBUG] [FML/]: The fluid gregtech:molten.nickel has been selected as the default fluid for molten.nickel
[16:25:20] [Server thread/DEBUG] [FML/]: The fluid gregtech:bacteria_differentiationpromotingproteinneuron has been selected as the default fluid for bacteria_differentiationpromotingproteinneuron
[16:25:20] [Server thread/DEBUG] [FML/]: The fluid gregtech:potion.darkcoffee has been selected as the default fluid for potion.darkcoffee
[16:25:20] [Server thread/DEBUG] [FML/]: The fluid gregtech:potion.strength.long has been selected as the default fluid for potion.strength.long
[16:25:20] [Server thread/DEBUG] [FML/]: The fluid gregtech:potion.mundane has been selected as the default fluid for potion.mundane
[16:25:20] [Server thread/DEBUG] [FML/]: The fluid gregtech:trichloromethane has been selected as the default fluid for trichloromethane
[16:25:20] [Server thread/DEBUG] [FML/]: The fluid gregtech:ice has been selected as the default fluid for ice
[16:25:20] [Server thread/DEBUG] [FML/]: The fluid gregtech:hottritiatedwater has been selected as the default fluid for hottritiatedwater
[16:25:20] [Server thread/DEBUG] [FML/]: The fluid gregtech:isoprene has been selected as the default fluid for isoprene
[16:25:20] [Server thread/DEBUG] [FML/]: The fluid gregtech:tritium has been selected as the default fluid for tritium
[16:25:20] [Server thread/DEBUG] [FML/]: The fluid gregtech:potion.health.strong.lingering has been selected as the default fluid for potion.health.strong.lingering
[16:25:20] [Server thread/DEBUG] [FML/]: The fluid gregtech:kiwijuice has been selected as the default fluid for kiwijuice
[16:25:20] [Server thread/DEBUG] [FML/]: The fluid gregtech:potion.regen.strong.lingering has been selected as the default fluid for potion.regen.strong.lingering
[16:25:20] [Server thread/DEBUG] [FML/]: The fluid gregtech:deuterium has been selected as the default fluid for deuterium
[16:25:20] [Server thread/DEBUG] [FML/]: The fluid gregtech:melonjuice has been selected as the default fluid for melonjuice
[16:25:20] [Server thread/DEBUG] [FML/]: The fluid gregtech:potion.fireresistance.splash has been selected as the default fluid for potion.fireresistance.splash
[16:25:20] [Server thread/DEBUG] [FML/]: The fluid gregtech:rainbowsap has been selected as the default fluid for rainbowsap
[16:25:20] [Server thread/DEBUG] [FML/]: The fluid gregtech:molten.aluminiumbrass has been selected as the default fluid for molten.aluminiumbrass
[16:25:20] [Server thread/DEBUG] [FML/]: The fluid gregtech:potion.diablosauce.strong has been selected as the default fluid for potion.diablosauce.strong
[16:25:20] [Server thread/DEBUG] [FML/]: The fluid gregtech:molten.redstonealloy has been selected as the default fluid for molten.redstonealloy
[16:25:20] [Server thread/DEBUG] [FML/]: The fluid gregtech:oxygenplasma has been selected as the default fluid for oxygenplasma
[16:25:20] [Server thread/DEBUG] [FML/]: The fluid gregtech:dye.flower.brown has been selected as the default fluid for dye.flower.brown
[16:25:20] [Server thread/DEBUG] [FML/]: The fluid gregtech:dye.watermixed.orange has been selected as the default fluid for dye.watermixed.orange
[16:25:20] [Server thread/DEBUG] [FML/]: The fluid gregtech:methane has been selected as the default fluid for methane
[16:25:20] [Server thread/DEBUG] [FML/]: The fluid gregtech:potion.speed.strong has been selected as the default fluid for potion.speed.strong
[16:25:20] [Server thread/DEBUG] [FML/]: The fluid gregtech:molten.cobaltbrass has been selected as the default fluid for molten.cobaltbrass
[16:25:20] [Server thread/DEBUG] [FML/]: The fluid gregtech:differentiationpromotingproteinneuron has been selected as the default fluid for differentiationpromotingproteinneuron
[16:25:20] [Server thread/DEBUG] [FML/]: The fluid gregtech:binnie.juiceplum has been selected as the default fluid for binnie.juiceplum
[16:25:20] [Server thread/DEBUG] [FML/]: The fluid gregtech:phenol has been selected as the default fluid for phenol
[16:25:20] [Server thread/DEBUG] [FML/]: The fluid gregtech:molten.ultimet has been selected as the default fluid for molten.ultimet
[16:25:20] [Server thread/DEBUG] [FML/]: The fluid gregtech:phosgen has been selected as the default fluid for phosgen
[16:25:20] [Server thread/DEBUG] [FML/]: The fluid gregtech:molten.darkthaumium has been selected as the default fluid for molten.darkthaumium
[16:25:20] [Server thread/DEBUG] [FML/]: The fluid gregtech:potion.waterbreathing.long has been selected as the default fluid for potion.waterbreathing.long
[16:25:20] [Server thread/DEBUG] [FML/]: The fluid gregtech:binnie.juiceapricot has been selected as the default fluid for binnie.juiceapricot
[16:25:20] [Server thread/DEBUG] [FML/]: The fluid gregtech:naphtha has been selected as the default fluid for naphtha
[16:25:20] [Server thread/DEBUG] [FML/]: The fluid gregtech:potion.regen.lingering has been selected as the default fluid for potion.regen.lingering
[16:25:20] [Server thread/DEBUG] [FML/]: The fluid gregtech:dye.watermixed.yellow has been selected as the default fluid for dye.watermixed.yellow
[16:25:20] [Server thread/DEBUG] [FML/]: The fluid gregtech:mixedester has been selected as the default fluid for mixedester
[16:25:20] [Server thread/DEBUG] [FML/]: The fluid gregtech:molten.coralium has been selected as the default fluid for molten.coralium
[16:25:20] [Server thread/DEBUG] [FML/]: The fluid gregtech:molten.alumina has been selected as the default fluid for molten.alumina
[16:25:20] [Server thread/DEBUG] [FML/]: The fluid gregtech:spoiledmilk has been selected as the default fluid for spoiledmilk
[16:25:20] [Server thread/DEBUG] [FML/]: The fluid gregtech:methanol has been selected as the default fluid for methanol
[16:25:20] [Server thread/DEBUG] [FML/]: The fluid gregtech:dye.watermixed.gray has been selected as the default fluid for dye.watermixed.gray
[16:25:20] [Server thread/DEBUG] [FML/]: The fluid gregtech:molten.manyullyn has been selected as the default fluid for molten.manyullyn
[16:25:20] [Server thread/DEBUG] [FML/]: The fluid gregtech:nitrofuel has been selected as the default fluid for nitrofuel
[16:25:20] [Server thread/DEBUG] [FML/]: The fluid gregtech:bananasmoothie has been selected as the default fluid for bananasmoothie
[16:25:20] [Server thread/DEBUG] [FML/]: The fluid gregtech:potion.weakness.long has been selected as the default fluid for potion.weakness.long
[16:25:20] [Server thread/DEBUG] [FML/]: The fluid gregtech:methanogens has been selected as the default fluid for methanogens
[16:25:20] [Server thread/DEBUG] [FML/]: The fluid gregtech:cfoam.black has been selected as the default fluid for cfoam.black
[16:25:20] [Server thread/DEBUG] [FML/]: The fluid gregtech:ricewater has been selected as the default fluid for ricewater
[16:25:20] [Server thread/DEBUG] [FML/]: The fluid gregtech:dye.watermixed.red has been selected as the default fluid for dye.watermixed.red
[16:25:20] [Server thread/DEBUG] [FML/]: The fluid gregtech:potion.tainted has been selected as the default fluid for potion.tainted
[16:25:20] [Server thread/DEBUG] [FML/]: The fluid gregtech:molten.magnesium has been selected as the default fluid for molten.magnesium
[16:25:20] [Server thread/DEBUG] [FML/]: The fluid gregtech:molten.angmallen has been selected as the default fluid for molten.angmallen
[16:25:20] [Server thread/DEBUG] [FML/]: The fluid gregtech:honeydew has been selected as the default fluid for honeydew
[16:25:20] [Server thread/DEBUG] [FML/]: The fluid gregtech:wheathopsmash has been selected as the default fluid for wheathopsmash
[16:25:20] [Server thread/DEBUG] [FML/]: The fluid gregtech:potion.nightvision.long.lingering has been selected as the default fluid for potion.nightvision.long.lingering
[16:25:20] [Server thread/DEBUG] [FML/]: The fluid gregtech:molten.tantalum has been selected as the default fluid for molten.tantalum
[16:25:20] [Server thread/DEBUG] [FML/]: The fluid gregtech:hopsmash has been selected as the default fluid for hopsmash
[16:25:20] [Server thread/DEBUG] [FML/]: The fluid gregtech:concrete has been selected as the default fluid for concrete
[16:25:20] [Server thread/DEBUG] [FML/]: The fluid gregtech:molten.fluorite has been selected as the default fluid for molten.fluorite
[16:25:20] [Server thread/DEBUG] [FML/]: The fluid gregtech:icetea has been selected as the default fluid for icetea
[16:25:20] [Server thread/DEBUG] [FML/]: The fluid gregtech:dye.watermixed.cyan has been selected as the default fluid for dye.watermixed.cyan
[16:25:20] [Server thread/DEBUG] [FML/]: The fluid gregtech:liquid_extra_heavy_oil has been selected as the default fluid for liquid_extra_heavy_oil
[16:25:20] [Server thread/DEBUG] [FML/]: The fluid gregtech:molten.gold has been selected as the default fluid for molten.gold
[16:25:20] [Server thread/DEBUG] [FML/]: The fluid gregtech:deoxyribonucleotide has been selected as the default fluid for deoxyribonucleotide
[16:25:20] [Server thread/DEBUG] [FML/]: The fluid gregtech:binnie.juiceredgrape has been selected as the default fluid for binnie.juiceredgrape
[16:25:20] [Server thread/DEBUG] [FML/]: The fluid gregtech:molten.bismuthbronze has been selected as the default fluid for molten.bismuthbronze
[16:25:20] [Server thread/DEBUG] [FML/]: The fluid gregtech:creosote has been selected as the default fluid for creosote
[16:25:20] [Server thread/DEBUG] [FML/]: The fluid gregtech:binnie.rumwhite has been selected as the default fluid for binnie.rumwhite
[16:25:20] [Server thread/DEBUG] [FML/]: The fluid gregtech:grc.grapewine0 has been selected as the default fluid for grc.grapewine0
[16:25:20] [Server thread/DEBUG] [FML/]: The fluid gregtech:binnie.juicetomato has been selected as the default fluid for binnie.juicetomato
[16:25:20] [Server thread/DEBUG] [FML/]: The fluid gregtech:potion.nightvision has been selected as the default fluid for potion.nightvision
[16:25:20] [Server thread/DEBUG] [FML/]: The fluid gregtech:binnie.juicecherry has been selected as the default fluid for binnie.juicecherry
[16:25:20] [Server thread/DEBUG] [FML/]: The fluid gregtech:potion.strength.strong.splash has been selected as the default fluid for potion.strength.strong.splash
[16:25:20] [Server thread/DEBUG] [FML/]: The fluid gregtech:binnie.mashwheat has been selected as the default fluid for binnie.mashwheat
[16:25:20] [Server thread/DEBUG] [FML/]: The fluid gregtech:binnie.winewhite has been selected as the default fluid for binnie.winewhite
[16:25:20] [Server thread/DEBUG] [FML/]: The fluid gregtech:potion.health.splash has been selected as the default fluid for potion.health.splash
[16:25:20] [Server thread/DEBUG] [FML/]: The fluid gregtech:spectral_dew has been selected as the default fluid for spectral_dew
[16:25:20] [Server thread/DEBUG] [FML/]: The fluid gregtech:grayvitriol has been selected as the default fluid for grayvitriol
[16:25:20] [Server thread/DEBUG] [FML/]: The fluid gregtech:potion.regen.long has been selected as the default fluid for potion.regen.long
[16:25:20] [Server thread/DEBUG] [FML/]: The fluid gregtech:ectoplasm has been selected as the default fluid for ectoplasm
[16:25:20] [Server thread/DEBUG] [FML/]: The fluid gregtech:molten.octine has been selected as the default fluid for molten.octine
[16:25:20] [Server thread/DEBUG] [FML/]: The fluid gregtech:liquid_heavy_oil has been selected as the default fluid for liquid_heavy_oil
[16:25:20] [Server thread/DEBUG] [FML/]: The fluid gregtech:cfoam.owned.magenta has been selected as the default fluid for cfoam.owned.magenta
[16:25:20] [Server thread/DEBUG] [FML/]: The fluid gregtech:heavywater has been selected as the default fluid for heavywater
[16:25:20] [Server thread/DEBUG] [FML/]: The fluid gregtech:potion.hotsauce has been selected as the default fluid for potion.hotsauce
[16:25:20] [Server thread/DEBUG] [FML/]: The fluid gregtech:ethyne has been selected as the default fluid for ethyne
[16:25:20] [Server thread/DEBUG] [FML/]: The fluid gregtech:yeast has been selected as the default fluid for yeast
[16:25:20] [Server thread/DEBUG] [FML/]: The fluid HTGT6:platiunum_sollution has been selected as the default fluid for platiunum_sollution
[16:25:20] [Server thread/INFO] [FML/]: Loading dimension 0 (Íîâûé ìèğ) (net.minecraft.server.integrated.IntegratedServer@6606f769)
[16:25:20] [Server thread/INFO] [FML/]: Loading dimension 1 (Íîâûé ìèğ) (net.minecraft.server.integrated.IntegratedServer@6606f769)
[16:25:20] [Server thread/DEBUG] [NotEnoughItems/]: Loading NEI Server
[16:25:20] [Server thread/INFO] [FML/]: Loading dimension -1 (Íîâûé ìèğ) (net.minecraft.server.integrated.IntegratedServer@6606f769)
[16:25:21] [Server thread/DEBUG] [CCL ASM/]: Replacing method [net/minecraft/tileentity/MobSpawnerBaseLogic.func_98281_h()Lnet/minecraft/entity/Entity;] @ 9 - 10
[16:25:21] [Server thread/TRACE] [gregapi/gregapi]: Sending event FMLServerStartingEvent to mod gregapi
[16:25:21] [Server thread/TRACE] [gregapi/gregapi]: Sent event FMLServerStartingEvent to mod gregapi
[16:25:21] [Server thread/DEBUG] [FML/]: Bar Step: ServerStarting - Greg-API took 0,000s
[16:25:21] [Server thread/TRACE] [mcp/mcp]: Sending event FMLServerStartingEvent to mod mcp
[16:25:21] [Server thread/TRACE] [mcp/mcp]: Sent event FMLServerStartingEvent to mod mcp
[16:25:21] [Server thread/DEBUG] [FML/]: Bar Step: ServerStarting - Minecraft Coder Pack took 0,000s
[16:25:21] [Server thread/TRACE] [FML/FML]: Sending event FMLServerStartingEvent to mod FML
[16:25:21] [Server thread/TRACE] [FML/FML]: Sent event FMLServerStartingEvent to mod FML
[16:25:21] [Server thread/DEBUG] [FML/]: Bar Step: ServerStarting - Forge Mod Loader took 0,000s
[16:25:21] [Server thread/TRACE] [Forge/Forge]: Sending event FMLServerStartingEvent to mod Forge
[16:25:21] [Server thread/TRACE] [Forge/Forge]: Sent event FMLServerStartingEvent to mod Forge
[16:25:21] [Server thread/DEBUG] [FML/]: Bar Step: ServerStarting - Minecraft Forge took 0,002s
[16:25:21] [Server thread/TRACE] [CodeChickenCore/CodeChickenCore]: Sending event FMLServerStartingEvent to mod CodeChickenCore
[16:25:21] [Server thread/TRACE] [CodeChickenCore/CodeChickenCore]: Sent event FMLServerStartingEvent to mod CodeChickenCore
[16:25:21] [Server thread/DEBUG] [FML/]: Bar Step: ServerStarting - CodeChicken Core took 0,000s
[16:25:21] [Server thread/TRACE] [NotEnoughItems/NotEnoughItems]: Sending event FMLServerStartingEvent to mod NotEnoughItems
[16:25:21] [Server thread/TRACE] [NotEnoughItems/NotEnoughItems]: Sent event FMLServerStartingEvent to mod NotEnoughItems
[16:25:21] [Server thread/DEBUG] [FML/]: Bar Step: ServerStarting - NotEnoughItems took 0,000s
[16:25:21] [Server thread/TRACE] [GT_ASM/GT_ASM]: Sending event FMLServerStartingEvent to mod GT_ASM
[16:25:21] [Server thread/TRACE] [GT_ASM/GT_ASM]: Sent event FMLServerStartingEvent to mod GT_ASM
[16:25:21] [Server thread/DEBUG] [FML/]: Bar Step: ServerStarting - Greg-ASM® took 0,000s
[16:25:21] [Server thread/TRACE] [IC2/IC2]: Sending event FMLServerStartingEvent to mod IC2
[16:25:21] [Server thread/TRACE] [IC2/IC2]: Sent event FMLServerStartingEvent to mod IC2
[16:25:21] [Server thread/DEBUG] [FML/]: Bar Step: ServerStarting - Industrial Craft Classic took 0,000s
[16:25:21] [Server thread/TRACE] [IC2-Classic-Spmod/IC2-Classic-Spmod]: Sending event FMLServerStartingEvent to mod IC2-Classic-Spmod
[16:25:21] [Server thread/TRACE] [IC2-Classic-Spmod/IC2-Classic-Spmod]: Sent event FMLServerStartingEvent to mod IC2-Classic-Spmod
[16:25:21] [Server thread/DEBUG] [FML/]: Bar Step: ServerStarting - IC2 Classic Detection Helper took 0,000s
[16:25:21] [Server thread/TRACE] [NEIAddons/NEIAddons]: Sending event FMLServerStartingEvent to mod NEIAddons
[16:25:21] [Server thread/TRACE] [NEIAddons/NEIAddons]: Sent event FMLServerStartingEvent to mod NEIAddons
[16:25:21] [Server thread/DEBUG] [FML/]: Bar Step: ServerStarting - NEI Addons took 0,000s
[16:25:21] [Server thread/TRACE] [NEIAddons|Developer/NEIAddons|Developer]: Sending event FMLServerStartingEvent to mod NEIAddons|Developer
[16:25:21] [Server thread/TRACE] [NEIAddons|Developer/NEIAddons|Developer]: Sent event FMLServerStartingEvent to mod NEIAddons|Developer
[16:25:21] [Server thread/DEBUG] [FML/]: Bar Step: ServerStarting - NEI Addons: Developer Tools took 0,000s
[16:25:21] [Server thread/TRACE] [NEIAddons|AppEng/NEIAddons|AppEng]: Sending event FMLServerStartingEvent to mod NEIAddons|AppEng
[16:25:21] [Server thread/TRACE] [NEIAddons|AppEng/NEIAddons|AppEng]: Sent event FMLServerStartingEvent to mod NEIAddons|AppEng
[16:25:21] [Server thread/DEBUG] [FML/]: Bar Step: ServerStarting - NEI Addons: Applied Energistics 2 took 0,000s
[16:25:21] [Server thread/TRACE] [NEIAddons|Botany/NEIAddons|Botany]: Sending event FMLServerStartingEvent to mod NEIAddons|Botany
[16:25:21] [Server thread/TRACE] [NEIAddons|Botany/NEIAddons|Botany]: Sent event FMLServerStartingEvent to mod NEIAddons|Botany
[16:25:21] [Server thread/DEBUG] [FML/]: Bar Step: ServerStarting - NEI Addons: Botany took 0,000s
[16:25:21] [Server thread/TRACE] [NEIAddons|Forestry/NEIAddons|Forestry]: Sending event FMLServerStartingEvent to mod NEIAddons|Forestry
[16:25:21] [Server thread/TRACE] [NEIAddons|Forestry/NEIAddons|Forestry]: Sent event FMLServerStartingEvent to mod NEIAddons|Forestry
[16:25:21] [Server thread/DEBUG] [FML/]: Bar Step: ServerStarting - NEI Addons: Forestry took 0,000s
[16:25:21] [Server thread/TRACE] [NEIAddons|CraftingTables/NEIAddons|CraftingTables]: Sending event FMLServerStartingEvent to mod NEIAddons|CraftingTables
[16:25:21] [Server thread/TRACE] [NEIAddons|CraftingTables/NEIAddons|CraftingTables]: Sent event FMLServerStartingEvent to mod NEIAddons|CraftingTables
[16:25:21] [Server thread/DEBUG] [FML/]: Bar Step: ServerStarting - NEI Addons: Crafting Tables took 0,000s
[16:25:21] [Server thread/TRACE] [NEIAddons|ExNihilo/NEIAddons|ExNihilo]: Sending event FMLServerStartingEvent to mod NEIAddons|ExNihilo
[16:25:21] [Server thread/TRACE] [NEIAddons|ExNihilo/NEIAddons|ExNihilo]: Sent event FMLServerStartingEvent to mod NEIAddons|ExNihilo
[16:25:21] [Server thread/DEBUG] [FML/]: Bar Step: ServerStarting - NEI Addons: Ex Nihilo took 0,000s
[16:25:21] [Server thread/TRACE] [neiintegration/neiintegration]: Sending event FMLServerStartingEvent to mod neiintegration
[16:25:21] [Server thread/TRACE] [neiintegration/neiintegration]: Sent event FMLServerStartingEvent to mod neiintegration
[16:25:21] [Server thread/DEBUG] [FML/]: Bar Step: ServerStarting - NEI Integration took 0,000s
[16:25:21] [Server thread/TRACE] [HTGT6/HTGT6]: Sending event FMLServerStartingEvent to mod HTGT6
[16:25:21] [Server thread/TRACE] [HTGT6/HTGT6]: Sent event FMLServerStartingEvent to mod HTGT6
[16:25:21] [Server thread/DEBUG] [FML/]: Bar Step: ServerStarting - HTGT6 took 0,000s
[16:25:21] [Server thread/TRACE] [gregapi_post/gregapi_post]: Sending event FMLServerStartingEvent to mod gregapi_post
[16:25:21] [Server thread/TRACE] [gregapi_post/gregapi_post]: Sent event FMLServerStartingEvent to mod gregapi_post
[16:25:21] [Server thread/DEBUG] [FML/]: Bar Step: ServerStarting - Greg-API-Post took 0,000s
[16:25:21] [Server thread/TRACE] [gregtech/gregtech]: Sending event FMLServerStartingEvent to mod gregtech
[16:25:21] [Server thread/TRACE] [gregtech/gregtech]: Sent event FMLServerStartingEvent to mod gregtech
[16:25:21] [Server thread/DEBUG] [FML/]: Bar Step: ServerStarting - GregTech 6 Unofficial took 0,003s
[16:25:21] [Server thread/DEBUG] [FML/]: Bar Finished: ServerStarting took 0,007s
[16:25:21] [Server thread/TRACE] [gregapi/gregapi]: Sending event FMLServerStartedEvent to mod gregapi
[16:25:21] [Server thread/TRACE] [gregapi/gregapi]: Sent event FMLServerStartedEvent to mod gregapi
[16:25:21] [Server thread/DEBUG] [FML/]: Bar Step: ServerStarted - Greg-API took 0,054s
[16:25:21] [Server thread/TRACE] [mcp/mcp]: Sending event FMLServerStartedEvent to mod mcp
[16:25:21] [Server thread/TRACE] [mcp/mcp]: Sent event FMLServerStartedEvent to mod mcp
[16:25:21] [Server thread/DEBUG] [FML/]: Bar Step: ServerStarted - Minecraft Coder Pack took 0,000s
[16:25:21] [Server thread/TRACE] [FML/FML]: Sending event FMLServerStartedEvent to mod FML
[16:25:21] [Server thread/TRACE] [FML/FML]: Sent event FMLServerStartedEvent to mod FML
[16:25:21] [Server thread/DEBUG] [FML/]: Bar Step: ServerStarted - Forge Mod Loader took 0,000s
[16:25:21] [Server thread/TRACE] [Forge/Forge]: Sending event FMLServerStartedEvent to mod Forge
[16:25:21] [Server thread/TRACE] [Forge/Forge]: Sent event FMLServerStartedEvent to mod Forge
[16:25:21] [Server thread/DEBUG] [FML/]: Bar Step: ServerStarted - Minecraft Forge took 0,000s
[16:25:21] [Server thread/TRACE] [CodeChickenCore/CodeChickenCore]: Sending event FMLServerStartedEvent to mod CodeChickenCore
[16:25:21] [Server thread/TRACE] [CodeChickenCore/CodeChickenCore]: Sent event FMLServerStartedEvent to mod CodeChickenCore
[16:25:21] [Server thread/DEBUG] [FML/]: Bar Step: ServerStarted - CodeChicken Core took 0,000s
[16:25:21] [Server thread/TRACE] [NotEnoughItems/NotEnoughItems]: Sending event FMLServerStartedEvent to mod NotEnoughItems
[16:25:21] [Server thread/TRACE] [NotEnoughItems/NotEnoughItems]: Sent event FMLServerStartedEvent to mod NotEnoughItems
[16:25:21] [Server thread/DEBUG] [FML/]: Bar Step: ServerStarted - NotEnoughItems took 0,000s
[16:25:21] [Server thread/TRACE] [GT_ASM/GT_ASM]: Sending event FMLServerStartedEvent to mod GT_ASM
[16:25:21] [Server thread/TRACE] [GT_ASM/GT_ASM]: Sent event FMLServerStartedEvent to mod GT_ASM
[16:25:21] [Server thread/DEBUG] [FML/]: Bar Step: ServerStarted - Greg-ASM® took 0,000s
[16:25:21] [Server thread/TRACE] [IC2/IC2]: Sending event FMLServerStartedEvent to mod IC2
[16:25:21] [Server thread/TRACE] [IC2/IC2]: Sent event FMLServerStartedEvent to mod IC2
[16:25:21] [Server thread/DEBUG] [FML/]: Bar Step: ServerStarted - Industrial Craft Classic took 0,000s
[16:25:21] [Server thread/TRACE] [IC2-Classic-Spmod/IC2-Classic-Spmod]: Sending event FMLServerStartedEvent to mod IC2-Classic-Spmod
[16:25:21] [Server thread/TRACE] [IC2-Classic-Spmod/IC2-Classic-Spmod]: Sent event FMLServerStartedEvent to mod IC2-Classic-Spmod
[16:25:21] [Server thread/DEBUG] [FML/]: Bar Step: ServerStarted - IC2 Classic Detection Helper took 0,000s
[16:25:21] [Server thread/TRACE] [NEIAddons/NEIAddons]: Sending event FMLServerStartedEvent to mod NEIAddons
[16:25:21] [Server thread/TRACE] [NEIAddons/NEIAddons]: Sent event FMLServerStartedEvent to mod NEIAddons
[16:25:21] [Server thread/DEBUG] [FML/]: Bar Step: ServerStarted - NEI Addons took 0,000s
[16:25:21] [Server thread/TRACE] [NEIAddons|Developer/NEIAddons|Developer]: Sending event FMLServerStartedEvent to mod NEIAddons|Developer
[16:25:21] [Server thread/TRACE] [NEIAddons|Developer/NEIAddons|Developer]: Sent event FMLServerStartedEvent to mod NEIAddons|Developer
[16:25:21] [Server thread/DEBUG] [FML/]: Bar Step: ServerStarted - NEI Addons: Developer Tools took 0,000s
[16:25:21] [Server thread/TRACE] [NEIAddons|AppEng/NEIAddons|AppEng]: Sending event FMLServerStartedEvent to mod NEIAddons|AppEng
[16:25:21] [Server thread/TRACE] [NEIAddons|AppEng/NEIAddons|AppEng]: Sent event FMLServerStartedEvent to mod NEIAddons|AppEng
[16:25:21] [Server thread/DEBUG] [FML/]: Bar Step: ServerStarted - NEI Addons: Applied Energistics 2 took 0,000s
[16:25:21] [Server thread/TRACE] [NEIAddons|Botany/NEIAddons|Botany]: Sending event FMLServerStartedEvent to mod NEIAddons|Botany
[16:25:21] [Server thread/TRACE] [NEIAddons|Botany/NEIAddons|Botany]: Sent event FMLServerStartedEvent to mod NEIAddons|Botany
[16:25:21] [Server thread/DEBUG] [FML/]: Bar Step: ServerStarted - NEI Addons: Botany took 0,000s
[16:25:21] [Server thread/TRACE] [NEIAddons|Forestry/NEIAddons|Forestry]: Sending event FMLServerStartedEvent to mod NEIAddons|Forestry
[16:25:21] [Server thread/TRACE] [NEIAddons|Forestry/NEIAddons|Forestry]: Sent event FMLServerStartedEvent to mod NEIAddons|Forestry
[16:25:21] [Server thread/DEBUG] [FML/]: Bar Step: ServerStarted - NEI Addons: Forestry took 0,000s
[16:25:21] [Server thread/TRACE] [NEIAddons|CraftingTables/NEIAddons|CraftingTables]: Sending event FMLServerStartedEvent to mod NEIAddons|CraftingTables
[16:25:21] [Server thread/TRACE] [NEIAddons|CraftingTables/NEIAddons|CraftingTables]: Sent event FMLServerStartedEvent to mod NEIAddons|CraftingTables
[16:25:21] [Server thread/DEBUG] [FML/]: Bar Step: ServerStarted - NEI Addons: Crafting Tables took 0,000s
[16:25:21] [Server thread/TRACE] [NEIAddons|ExNihilo/NEIAddons|ExNihilo]: Sending event FMLServerStartedEvent to mod NEIAddons|ExNihilo
[16:25:21] [Server thread/TRACE] [NEIAddons|ExNihilo/NEIAddons|ExNihilo]: Sent event FMLServerStartedEvent to mod NEIAddons|ExNihilo
[16:25:21] [Server thread/DEBUG] [FML/]: Bar Step: ServerStarted - NEI Addons: Ex Nihilo took 0,000s
[16:25:21] [Server thread/TRACE] [neiintegration/neiintegration]: Sending event FMLServerStartedEvent to mod neiintegration
[16:25:21] [Server thread/TRACE] [neiintegration/neiintegration]: Sent event FMLServerStartedEvent to mod neiintegration
[16:25:21] [Server thread/DEBUG] [FML/]: Bar Step: ServerStarted - NEI Integration took 0,000s
[16:25:21] [Server thread/TRACE] [HTGT6/HTGT6]: Sending event FMLServerStartedEvent to mod HTGT6
[16:25:21] [Server thread/TRACE] [HTGT6/HTGT6]: Sent event FMLServerStartedEvent to mod HTGT6
[16:25:21] [Server thread/DEBUG] [FML/]: Bar Step: ServerStarted - HTGT6 took 0,000s
[16:25:21] [Server thread/TRACE] [gregapi_post/gregapi_post]: Sending event FMLServerStartedEvent to mod gregapi_post
[16:25:21] [Server thread/TRACE] [gregapi_post/gregapi_post]: Sent event FMLServerStartedEvent to mod gregapi_post
[16:25:21] [Server thread/DEBUG] [FML/]: Bar Step: ServerStarted - Greg-API-Post took 0,001s
[16:25:21] [Server thread/TRACE] [gregtech/gregtech]: Sending event FMLServerStartedEvent to mod gregtech
[16:25:21] [Server thread/TRACE] [gregtech/gregtech]: Sent event FMLServerStartedEvent to mod gregtech
[16:25:21] [Server thread/DEBUG] [FML/]: Bar Step: ServerStarted - GregTech 6 Unofficial took 0,000s
[16:25:21] [Server thread/DEBUG] [FML/]: Bar Finished: ServerStarted took 0,056s
[16:25:22] [Netty Client IO #0/DEBUG] [FML/]: Server FML protocol version 2, 4 byte dimension received 0
[16:25:22] [Netty Client IO #0/TRACE] [FML/]: $ServerHello->FMLHandshakeClientState$2:HELLO
[16:25:22] [Netty Client IO #0/INFO] [FML/]: Server protocol version 2
[16:25:22] [Netty Client IO #0/DEBUG] [FML/]: Received override dimension 0
[16:25:22] [Netty IO #1/TRACE] [FML/]: $ClientHello->FMLHandshakeServerState$2:HELLO
[16:25:22] [Netty IO #1/INFO] [FML/]: Client protocol version 2
[16:25:22] [Netty IO #1/TRACE] [FML/]: $ModList:20 mods->FMLHandshakeServerState$2:HELLO
[16:25:22] [Netty IO #1/INFO] [FML/]: Client attempting to join with 20 mods : HTGT6@1.0.4,NotEnoughItems@2.4.13-GTNH,gregapi@GT6-MC1710,FML@7.10.99.99,NEIAddons|Forestry@1.12.15.41,neiintegration@1.1.2,NEIAddons@1.12.15.41,Forge@10.13.4.1614,gregapi_post@GT6-MC1710,NEIAddons|Botany@1.12.15.41,NEIAddons|CraftingTables@1.12.15.41,NEIAddons|ExNihilo@1.12.15.41,CodeChickenCore@1.1.13,NEIAddons|AppEng@1.12.15.41,NEIAddons|Developer@1.12.15.41,IC2@2.2.999,gregtech@GT6-MC1710,GT_ASM@6.14.11,mcp@9.05,IC2-Classic-Spmod@0.0.0.0
[16:25:22] [Netty IO #1/INFO] [FML/]: Attempting connection with missing mods [] at CLIENT
[16:25:22] [Netty Client IO #0/TRACE] [FML/]: $ModList:20 mods->FMLHandshakeClientState$3:WAITINGSERVERDATA
[16:25:22] [Netty Client IO #0/INFO] [FML/]: Attempting connection with missing mods [] at SERVER
[16:25:22] [Netty IO #1/TRACE] [FML/]: $HandshakeAck:{2}->FMLHandshakeServerState$3:WAITINGCACK
[16:25:22] [Netty Client IO #0/TRACE] [FML/]: $HandshakeAck:{2}->FMLHandshakeClientState$5:PENDINGCOMPLETE
[16:25:22] [Netty IO #1/TRACE] [FML/]: $HandshakeAck:{4}->FMLHandshakeServerState$4:COMPLETE
[16:25:22] [Netty Client IO #0/TRACE] [FML/]: $HandshakeAck:{3}->FMLHandshakeClientState$6:COMPLETE
[16:25:22] [Netty IO #1/TRACE] [FML/]: $HandshakeAck:{5}->FMLHandshakeServerState$5:DONE
[16:25:22] [Client thread/DEBUG] [FML/]: The fluid gregtech:pomegranatesmoothie has been selected as the default fluid for pomegranatesmoothie
[16:25:22] [Client thread/DEBUG] [FML/]: The fluid gregtech:potion.nightvision.long has been selected as the default fluid for potion.nightvision.long
[16:25:22] [Client thread/DEBUG] [FML/]: The fluid gregtech:cfoam.yellow has been selected as the default fluid for cfoam.yellow
[16:25:22] [Client thread/DEBUG] [FML/]: The fluid gregtech:carbonmonoxide has been selected as the default fluid for carbonmonoxide
[16:25:22] [Client thread/DEBUG] [FML/]: The fluid gregtech:propylene has been selected as the default fluid for propylene
[16:25:22] [Client thread/DEBUG] [FML/]: The fluid HTGT6:htgt6:helemaliquid has been selected as the default fluid for htgt6:helemaliquid
[16:25:22] [Client thread/DEBUG] [FML/]: The fluid gregtech:molten.lithiumchloride has been selected as the default fluid for molten.lithiumchloride
[16:25:22] [Client thread/DEBUG] [FML/]: The fluid gregtech:binnie.juicepear has been selected as the default fluid for binnie.juicepear
[16:25:22] [Client thread/DEBUG] [FML/]: The fluid gregtech:binnie.juicepeach has been selected as the default fluid for binnie.juicepeach
[16:25:22] [Client thread/DEBUG] [FML/]: The fluid gregtech:fruitsmoothie has been selected as the default fluid for fruitsmoothie
[16:25:22] [Client thread/DEBUG] [FML/]: The fluid gregtech:dodecane has been selected as the default fluid for dodecane
[16:25:22] [Client thread/DEBUG] [FML/]: The fluid gregtech:chlorine has been selected as the default fluid for chlorine
[16:25:22] [Client thread/DEBUG] [FML/]: The fluid gregtech:binnie.mashgrain has been selected as the default fluid for binnie.mashgrain
[16:25:22] [Client thread/DEBUG] [FML/]: The fluid gregtech:molten.beryllium has been selected as the default fluid for molten.beryllium
[16:25:22] [Client thread/DEBUG] [FML/]: The fluid gregtech:molten.sodium has been selected as the default fluid for molten.sodium
[16:25:22] [Client thread/DEBUG] [FML/]: The fluid gregtech:molten.constantan has been selected as the default fluid for molten.constantan
[16:25:22] [Client thread/DEBUG] [FML/]: The fluid gregtech:potion.goldenapplejuice has been selected as the default fluid for potion.goldenapplejuice
[16:25:22] [Client thread/DEBUG] [FML/]: The fluid gregtech:grcmilk.milk has been selected as the default fluid for grcmilk.milk
[16:25:22] [Client thread/DEBUG] [FML/]: The fluid gregtech:potion.thick has been selected as the default fluid for potion.thick
[16:25:22] [Client thread/DEBUG] [FML/]: The fluid gregtech:phosphoruspentafluoride has been selected as the default fluid for phosphoruspentafluoride
[16:25:22] [Client thread/DEBUG] [FML/]: The fluid gregtech:lpg has been selected as the default fluid for lpg
[16:25:22] [Client thread/DEBUG] [FML/]: The fluid gregtech:glue has been selected as the default fluid for glue
[16:25:22] [Client thread/DEBUG] [FML/]: The fluid gregtech:chocolatemilk has been selected as the default fluid for chocolatemilk
[16:25:22] [Client thread/DEBUG] [FML/]: The fluid gregtech:ic2pahoehoelava has been selected as the default fluid for ic2pahoehoelava
[16:25:22] [Client thread/DEBUG] [FML/]: The fluid gregtech:ricevinegar has been selected as the default fluid for ricevinegar
[16:25:22] [Client thread/DEBUG] [FML/]: The fluid gregtech:glyceryl has been selected as the default fluid for glyceryl
[16:25:22] [Client thread/DEBUG] [FML/]: The fluid gregtech:solutionrichpa has been selected as the default fluid for solutionrichpa
[16:25:22] [Client thread/DEBUG] [FML/]: The fluid gregtech:aceticacid has been selected as the default fluid for aceticacid
[16:25:22] [Client thread/DEBUG] [FML/]: The fluid gregtech:cfoam.magenta has been selected as the default fluid for cfoam.magenta
[16:25:22] [Client thread/DEBUG] [FML/]: The fluid gregtech:tritiatedwater has been selected as the default fluid for tritiatedwater
[16:25:22] [Client thread/DEBUG] [FML/]: The fluid gregtech:strawberryjuice has been selected as the default fluid for strawberryjuice
[16:25:22] [Client thread/DEBUG] [FML/]: The fluid gregtech:molten.nikolinealloy has been selected as the default fluid for molten.nikolinealloy
[16:25:22] [Client thread/DEBUG] [FML/]: The fluid gregtech:potion.strength.long.splash has been selected as the default fluid for potion.strength.long.splash
[16:25:22] [Client thread/DEBUG] [FML/]: The fluid gregtech:cfoam.red has been selected as the default fluid for cfoam.red
[16:25:22] [Client thread/DEBUG] [FML/]: The fluid gregtech:molten.redstone has been selected as the default fluid for molten.redstone
[16:25:22] [Client thread/DEBUG] [FML/]: The fluid gregtech:redvitriol has been selected as the default fluid for redvitriol
[16:25:22] [Client thread/DEBUG] [FML/]: The fluid gregtech:coconutmilk has been selected as the default fluid for coconutmilk
[16:25:22] [Client thread/DEBUG] [FML/]: The fluid gregtech:slime has been selected as the default fluid for slime
[16:25:22] [Client thread/DEBUG] [FML/]: The fluid gregtech:potion.fireresistance.long.lingering has been selected as the default fluid for potion.fireresistance.long.lingering
[16:25:22] [Client thread/DEBUG] [FML/]: The fluid gregtech:hellderberryjuice has been selected as the default fluid for hellderberryjuice
[16:25:22] [Client thread/DEBUG] [FML/]: The fluid gregtech:dye.chemical.cyan has been selected as the default fluid for dye.chemical.cyan
[16:25:22] [Client thread/DEBUG] [FML/]: The fluid gregtech:molten.efrine has been selected as the default fluid for molten.efrine
[16:25:22] [Client thread/DEBUG] [FML/]: The fluid gregtech:polyvinylchloride has been selected as the default fluid for polyvinylchloride
[16:25:22] [Client thread/DEBUG] [FML/]: The fluid gregtech:netherair has been selected as the default fluid for netherair
[16:25:22] [Client thread/DEBUG] [FML/]: The fluid gregtech:molten.signalum has been selected as the default fluid for molten.signalum
[16:25:22] [Client thread/DEBUG] [FML/]: The fluid gregtech:dye.flower.lightgray has been selected as the default fluid for dye.flower.lightgray
[16:25:22] [Client thread/DEBUG] [FML/]: The fluid gregtech:apricotsmoothie has been selected as the default fluid for apricotsmoothie
[16:25:22] [Client thread/DEBUG] [FML/]: The fluid gregtech:canevinegar has been selected as the default fluid for canevinegar
[16:25:22] [Client thread/DEBUG] [FML/]: The fluid gregtech:hempoil has been selected as the default fluid for hempoil
[16:25:22] [Client thread/DEBUG] [FML/]: The fluid gregtech:ic2coolant has been selected as the default fluid for ic2coolant
[16:25:22] [Client thread/DEBUG] [FML/]: The fluid gregtech:binnie.whiskeywheat has been selected as the default fluid for binnie.whiskeywheat
[16:25:22] [Client thread/DEBUG] [FML/]: The fluid gregtech:molten.tungstentrioxide has been selected as the default fluid for molten.tungstentrioxide
[16:25:22] [Client thread/DEBUG] [FML/]: The fluid gregtech:molten.kreknorite has been selected as the default fluid for molten.kreknorite
[16:25:22] [Client thread/DEBUG] [FML/]: The fluid gregtech:dye.watermixed.magenta has been selected as the default fluid for dye.watermixed.magenta
[16:25:22] [Client thread/DEBUG] [FML/]: The fluid gregtech:dye.flower.red has been selected as the default fluid for dye.flower.red
[16:25:22] [Client thread/DEBUG] [FML/]: The fluid gregtech:cfoam.owned.green has been selected as the default fluid for cfoam.owned.green
[16:25:22] [Client thread/DEBUG] [FML/]: The fluid gregtech:molten.titaniumgold has been selected as the default fluid for molten.titaniumgold
[16:25:22] [Client thread/DEBUG] [FML/]: The fluid gregtech:molten.boron has been selected as the default fluid for molten.boron
[16:25:22] [Client thread/DEBUG] [FML/]: The fluid gregtech:potion.dragonblood has been selected as the default fluid for potion.dragonblood
[16:25:22] [Client thread/DEBUG] [FML/]: The fluid gregtech:potion.damage.strong.lingering has been selected as the default fluid for potion.damage.strong.lingering
[16:25:22] [Client thread/DEBUG] [FML/]: The fluid gregtech:potion.lemonade has been selected as the default fluid for potion.lemonade
[16:25:22] [Client thread/DEBUG] [FML/]: The fluid gregtech:molten.waxamnesic has been selected as the default fluid for molten.waxamnesic
[16:25:22] [Client thread/DEBUG] [FML/]: The fluid gregtech:molten.solderingalloy has been selected as the default fluid for molten.solderingalloy
[16:25:22] [Client thread/DEBUG] [FML/]: The fluid gregtech:soulsandoil has been selected as the default fluid for soulsandoil
[16:25:22] [Client thread/DEBUG] [FML/]: The fluid gregtech:binnie.winered has been selected as the default fluid for binnie.winered
[16:25:22] [Client thread/DEBUG] [FML/]: The fluid gregtech:molten.tungsten has been selected as the default fluid for molten.tungsten
[16:25:22] [Client thread/DEBUG] [FML/]: The fluid gregtech:molten.wroughtiron has been selected as the default fluid for molten.wroughtiron
[16:25:22] [Client thread/DEBUG] [FML/]: The fluid gregtech:enderair has been selected as the default fluid for enderair
[16:25:22] [Client thread/DEBUG] [FML/]: The fluid gregtech:absorptionliquidosru has been selected as the default fluid for absorptionliquidosru
[16:25:22] [Client thread/DEBUG] [FML/]: The fluid gregtech:molten hsla has been selected as the default fluid for molten hsla
[16:25:22] [Client thread/DEBUG] [FML/]: The fluid gregtech:molten.hematite has been selected as the default fluid for molten.hematite
[16:25:22] [Client thread/DEBUG] [FML/]: The fluid gregtech:molten.rubber has been selected as the default fluid for molten.rubber
[16:25:22] [Client thread/DEBUG] [FML/]: The fluid gregtech:benzene has been selected as the default fluid for benzene
[16:25:22] [Client thread/DEBUG] [FML/]: The fluid gregtech:molten.ruthenium has been selected as the default fluid for molten.ruthenium
[16:25:22] [Client thread/DEBUG] [FML/]: The fluid gregtech:molten.wax has been selected as the default fluid for molten.wax
[16:25:22] [Client thread/DEBUG] [FML/]: The fluid HTGT6:trinium_fluiride has been selected as the default fluid for trinium_fluiride
[16:25:22] [Client thread/DEBUG] [FML/]: The fluid gregtech:potion.regen.splash has been selected as the default fluid for potion.regen.splash
[16:25:22] [Client thread/DEBUG] [FML/]: The fluid gregtech:molten.meteorite has been selected as the default fluid for molten.meteorite
[16:25:22] [Client thread/DEBUG] [FML/]: The fluid gregtech:molten.yttrium has been selected as the default fluid for molten.yttrium
[16:25:22] [Client thread/DEBUG] [FML/]: The fluid gregtech:pineapplesmoothie has been selected as the default fluid for pineapplesmoothie
[16:25:22] [Client thread/DEBUG] [FML/]: The fluid gregtech:dichloroisopropanol has been selected as the default fluid for dichloroisopropanol
[16:25:22] [Client thread/DEBUG] [FML/]: The fluid gregtech:bromine has been selected as the default fluid for bromine
[16:25:22] [Client thread/DEBUG] [FML/]: The fluid gregtech:dye.watermixed.brown has been selected as the default fluid for dye.watermixed.brown
[16:25:22] [Client thread/DEBUG] [FML/]: The fluid gregtech:molten.enderiumbase has been selected as the default fluid for molten.enderiumbase
[16:25:22] [Client thread/DEBUG] [FML/]: The fluid gregtech:hydrogenperoxide has been selected as the default fluid for hydrogenperoxide
[16:25:22] [Client thread/DEBUG] [FML/]: The fluid gregtech:cfoam.lightblue has been selected as the default fluid for cfoam.lightblue
[16:25:22] [Client thread/DEBUG] [FML/]: The fluid gregtech:binnie.juicelemon has been selected as the default fluid for binnie.juicelemon
[16:25:22] [Client thread/DEBUG] [FML/]: The fluid gregtech:molten.potassiumcarbonate has been selected as the default fluid for molten.potassiumcarbonate
[16:25:22] [Client thread/DEBUG] [FML/]: The fluid gregtech:cfoam.owned.cyan has been selected as the default fluid for cfoam.owned.cyan
[16:25:22] [Client thread/DEBUG] [FML/]: The fluid gregtech:sdiesel has been selected as the default fluid for sdiesel
[16:25:22] [Client thread/DEBUG] [FML/]: The fluid gregtech:potion.fireresistance.long.splash has been selected as the default fluid for potion.fireresistance.long.splash
[16:25:22] [Client thread/DEBUG] [FML/]: The fluid gregtech:moltensodiumbisulfate has been selected as the default fluid for moltensodiumbisulfate
[16:25:22] [Client thread/DEBUG] [FML/]: The fluid gregtech:molten.uraniumtetrafluoride has been selected as the default fluid for molten.uraniumtetrafluoride
[16:25:22] [Client thread/DEBUG] [FML/]: The fluid gregtech:molten.abyssalnite has been selected as the default fluid for molten.abyssalnite
[16:25:22] [Client thread/DEBUG] [FML/]: The fluid gregtech:dye.watermixed.lightblue has been selected as the default fluid for dye.watermixed.lightblue
[16:25:22] [Client thread/DEBUG] [FML/]: The fluid gregtech:molten.meteoriciron has been selected as the default fluid for molten.meteoriciron
[16:25:22] [Client thread/DEBUG] [FML/]: The fluid gregtech:molten.batteryalloy has been selected as the default fluid for molten.batteryalloy
[16:25:22] [Client thread/DEBUG] [FML/]: The fluid gregtech:molten.trinium has been selected as the default fluid for molten.trinium
[16:25:22] [Client thread/DEBUG] [FML/]: The fluid gregtech:molten.ethaxium has been selected as the default fluid for molten.ethaxium
[16:25:22] [Client thread/DEBUG] [FML/]: The fluid gregtech:cfoam.white has been selected as the default fluid for cfoam.white
[16:25:22] [Client thread/DEBUG] [FML/]: The fluid gregtech:hexafluorosilicicacid has been selected as the default fluid for hexafluorosilicicacid
[16:25:22] [Client thread/DEBUG] [FML/]: The fluid gregtech:binnie.juicelime has been selected as the default fluid for binnie.juicelime
[16:25:22] [Client thread/DEBUG] [FML/]: The fluid gregtech:papayajuice has been selected as the default fluid for papayajuice
[16:25:22] [Client thread/DEBUG] [FML/]: The fluid gregtech:potion.slowness.long has been selected as the default fluid for potion.slowness.long
[16:25:22] [Client thread/DEBUG] [FML/]: The fluid gregtech:mangosmoothie has been selected as the default fluid for mangosmoothie
[16:25:22] [Client thread/DEBUG] [FML/]: The fluid gregtech:potion.invisibility.long.splash has been selected as the default fluid for potion.invisibility.long.splash
[16:25:22] [Client thread/DEBUG] [FML/]: The fluid gregtech:petrol has been selected as the default fluid for petrol
[16:25:22] [Client thread/DEBUG] [FML/]: The fluid gregtech:molten.hafnium has been selected as the default fluid for molten.hafnium
[16:25:22] [Client thread/DEBUG] [FML/]: The fluid gregtech:potion.fireresistance.long has been selected as the default fluid for potion.fireresistance.long
[16:25:22] [Client thread/DEBUG] [FML/]: The fluid gregtech:indigo has been selected as the default fluid for indigo
[16:25:22] [Client thread/DEBUG] [FML/]: The fluid gregtech:orangesmoothie has been selected as the default fluid for orangesmoothie
[16:25:22] [Client thread/DEBUG] [FML/]: The fluid gregtech:helium3 has been selected as the default fluid for helium3
[16:25:22] [Client thread/DEBUG] [FML/]: The fluid gregtech:strawberrysmoothie has been selected as the default fluid for strawberrysmoothie
[16:25:22] [Client thread/DEBUG] [FML/]: The fluid gregtech:maplesyrup has been selected as the default fluid for maplesyrup
[16:25:22] [Client thread/DEBUG] [FML/]: The fluid gregtech:vinylchloride has been selected as the default fluid for vinylchloride
[16:25:22] [Client thread/DEBUG] [FML/]: The fluid gregtech:molten.draconium has been selected as the default fluid for molten.draconium
[16:25:22] [Client thread/DEBUG] [FML/]: The fluid gregtech:ricardosanchez has been selected as the default fluid for ricardosanchez
[16:25:22] [Client thread/DEBUG] [FML/]: The fluid gregtech:restrictionendonuclease has been selected as the default fluid for restrictionendonuclease
[16:25:22] [Client thread/DEBUG] [FML/]: The fluid gregtech:dye.chemical.gray has been selected as the default fluid for dye.chemical.gray
[16:25:22] [Client thread/DEBUG] [FML/]: The fluid gregtech:blackvitriol has been selected as the default fluid for blackvitriol
[16:25:22] [Client thread/DEBUG] [FML/]: The fluid gregtech:blueberryjuice has been selected as the default fluid for blueberryjuice
[16:25:22] [Client thread/DEBUG] [FML/]: The fluid gregtech:molten.redsteel has been selected as the default fluid for molten.redsteel
[16:25:22] [Client thread/DEBUG] [FML/]: The fluid gregtech:molten.neutronium has been selected as the default fluid for molten.neutronium
[16:25:22] [Client thread/DEBUG] [FML/]: The fluid gregtech:molten.barium has been selected as the default fluid for molten.barium
[16:25:22] [Client thread/DEBUG] [FML/]: The fluid gregtech:dye.chemical.white has been selected as the default fluid for dye.chemical.white
[16:25:22] [Client thread/DEBUG] [FML/]: The fluid gregtech:figsmoothie has been selected as the default fluid for figsmoothie
[16:25:22] [Client thread/DEBUG] [FML/]: The fluid gregtech:molten.knightmetal has been selected as the default fluid for molten.knightmetal
[16:25:22] [Client thread/DEBUG] [FML/]: The fluid gregtech:potatojuice has been selected as the default fluid for potatojuice
[16:25:22] [Client thread/DEBUG] [FML/]: The fluid gregtech:molten.radium has been selected as the default fluid for molten.radium
[16:25:22] [Client thread/DEBUG] [FML/]: The fluid gregtech:carbondioxide has been selected as the default fluid for carbondioxide
[16:25:22] [Client thread/DEBUG] [FML/]: The fluid gregtech:potion.cafeaulait has been selected as the default fluid for potion.cafeaulait
[16:25:22] [Client thread/DEBUG] [FML/]: The fluid gregtech:agar has been selected as the default fluid for agar
[16:25:22] [Client thread/DEBUG] [FML/]: The fluid gregtech:potion.damage.strong.splash has been selected as the default fluid for potion.damage.strong.splash
[16:25:22] [Client thread/DEBUG] [FML/]: The fluid gregtech:cfoam.owned.red has been selected as the default fluid for cfoam.owned.red
[16:25:22] [Client thread/DEBUG] [FML/]: The fluid gregtech:potion.regen.long.splash has been selected as the default fluid for potion.regen.long.splash
[16:25:22] [Client thread/DEBUG] [FML/]: The fluid gregtech:uranium235hexafluoride has been selected as the default fluid for uranium235hexafluoride
[16:25:22] [Client thread/DEBUG] [FML/]: The fluid gregtech:anti-hydrogen has been selected as the default fluid for anti-hydrogen
[16:25:22] [Client thread/DEBUG] [FML/]: The fluid gregtech:molten.enderpearl has been selected as the default fluid for molten.enderpearl
[16:25:22] [Client thread/DEBUG] [FML/]: The fluid gregtech:peanutbutter has been selected as the default fluid for peanutbutter
[16:25:22] [Client thread/DEBUG] [FML/]: The fluid gregtech:anti-deuterium has been selected as the default fluid for anti-deuterium
[16:25:22] [Client thread/DEBUG] [FML/]: The fluid gregtech:ic2constructionfoam has been selected as the default fluid for ic2constructionfoam
[16:25:22] [Client thread/DEBUG] [FML/]: The fluid gregtech:binnie.mashcorn has been selected as the default fluid for binnie.mashcorn
[16:25:22] [Client thread/DEBUG] [FML/]: The fluid minecraft:water has been selected as the default fluid for water
[16:25:22] [Client thread/DEBUG] [FML/]: The fluid gregtech:molten.ironwood has been selected as the default fluid for molten.ironwood
[16:25:22] [Client thread/DEBUG] [FML/]: The fluid gregtech:dye.chemical.red has been selected as the default fluid for dye.chemical.red
[16:25:22] [Client thread/DEBUG] [FML/]: The fluid gregtech:hothelium has been selected as the default fluid for hothelium
[16:25:22] [Client thread/DEBUG] [FML/]: The fluid gregtech:binnie.juiceolive has been selected as the default fluid for binnie.juiceolive
[16:25:22] [Client thread/DEBUG] [FML/]: The fluid gregtech:cfoam.owned.lightblue has been selected as the default fluid for cfoam.owned.lightblue
[16:25:22] [Client thread/DEBUG] [FML/]: The fluid gregtech:molten.germanium has been selected as the default fluid for molten.germanium
[16:25:22] [Client thread/DEBUG] [FML/]: The fluid gregtech:potion.poison.strong has been selected as the default fluid for potion.poison.strong
[16:25:22] [Client thread/DEBUG] [FML/]: The fluid gregtech:ic2hotcoolant has been selected as the default fluid for ic2hotcoolant
[16:25:22] [Client thread/DEBUG] [FML/]: The fluid gregtech:mayo has been selected as the default fluid for mayo
[16:25:22] [Client thread/DEBUG] [FML/]: The fluid gregtech:molten.tellurium has been selected as the default fluid for molten.tellurium
[16:25:22] [Client thread/DEBUG] [FML/]: The fluid gregtech:sgasoil has been selected as the default fluid for sgasoil
[16:25:22] [Client thread/DEBUG] [FML/]: The fluid gregtech:molten.cobalt has been selected as the default fluid for molten.cobalt
[16:25:22] [Client thread/DEBUG] [FML/]: The fluid gregtech:binnie.rumdark has been selected as the default fluid for binnie.rumdark
[16:25:22] [Client thread/DEBUG] [FML/]: The fluid gregtech:potion.jump has been selected as the default fluid for potion.jump
[16:25:22] [Client thread/DEBUG] [FML/]: The fluid gregtech:potion.invisibility.long.lingering has been selected as the default fluid for potion.invisibility.long.lingering
[16:25:22] [Client thread/DEBUG] [FML/]: The fluid gregtech:potion.damage.lingering has been selected as the default fluid for potion.damage.lingering
[16:25:22] [Client thread/DEBUG] [FML/]: The fluid gregtech:molten.electrum has been selected as the default fluid for molten.electrum
[16:25:22] [Client thread/DEBUG] [FML/]: The fluid gregtech:dye.flower.yellow has been selected as the default fluid for dye.flower.yellow
[16:25:22] [Client thread/DEBUG] [FML/]: The fluid gregtech:dye.chemical.yellow has been selected as the default fluid for dye.chemical.yellow
[16:25:22] [Client thread/DEBUG] [FML/]: The fluid gregtech:edta has been selected as the default fluid for edta
[16:25:22] [Client thread/DEBUG] [FML/]: The fluid gregtech:coconutoil has been selected as the default fluid for coconutoil
[16:25:22] [Client thread/DEBUG] [FML/]: The fluid gregtech:cfoam.owned.black has been selected as the default fluid for cfoam.owned.black
[16:25:22] [Client thread/DEBUG] [FML/]: The fluid gregtech:molten.blacksteel has been selected as the default fluid for molten.blacksteel
[16:25:22] [Client thread/DEBUG] [FML/]: The fluid gregtech:binnie.juicecranberry has been selected as the default fluid for binnie.juicecranberry
[16:25:22] [Client thread/DEBUG] [FML/]: The fluid gregtech:soymilk has been selected as the default fluid for soymilk
[16:25:22] [Client thread/DEBUG] [FML/]: The fluid gregtech:binnie.juicewhitegrape has been selected as the default fluid for binnie.juicewhitegrape
[16:25:22] [Client thread/DEBUG] [FML/]: The fluid gregtech:elderberrysmoothie has been selected as the default fluid for elderberrysmoothie
[16:25:22] [Client thread/DEBUG] [FML/]: The fluid gregtech:liquidhydrogen has been selected as the default fluid for liquidhydrogen
[16:25:22] [Client thread/DEBUG] [FML/]: The fluid gregtech:ic2distilledwater has been selected as the default fluid for ic2distilledwater
[16:25:22] [Client thread/DEBUG] [FML/]: The fluid gregtech:molten.asphalt has been selected as the default fluid for molten.asphalt
[16:25:22] [Client thread/DEBUG] [FML/]: The fluid gregtech:molten.calciumchloride has been selected as the default fluid for molten.calciumchloride
[16:25:22] [Client thread/DEBUG] [FML/]: The fluid gregtech:mangojuice has been selected as the default fluid for mangojuice
[16:25:22] [Client thread/DEBUG] [FML/]: The fluid gregtech:molten.fierysteel has been selected as the default fluid for molten.fierysteel
[16:25:22] [Client thread/DEBUG] [FML/]: The fluid gregtech:grc.honey has been selected as the default fluid for grc.honey
[16:25:22] [Client thread/DEBUG] [FML/]: The fluid gregtech:methyllaurate has been selected as the default fluid for methyllaurate
[16:25:22] [Client thread/DEBUG] [FML/]: The fluid gregtech:molten.astatine has been selected as the default fluid for molten.astatine
[16:25:22] [Client thread/DEBUG] [FML/]: The fluid gregtech:dye.flower.magenta has been selected as the default fluid for dye.flower.magenta
[16:25:22] [Client thread/DEBUG] [FML/]: The fluid gregtech:dye.chemical.magenta has been selected as the default fluid for dye.chemical.magenta
[16:25:22] [Client thread/DEBUG] [FML/]: The fluid gregtech:uraniumhexafluoride has been selected as the default fluid for uraniumhexafluoride
[16:25:22] [Client thread/DEBUG] [FML/]: The fluid gregtech:wine has been selected as the default fluid for wine
[16:25:22] [Client thread/DEBUG] [FML/]: The fluid gregtech:binnie.winepineapple has been selected as the default fluid for binnie.winepineapple
[16:25:22] [Client thread/DEBUG] [FML/]: The fluid gregtech:chloroauricacid has been selected as the default fluid for chloroauricacid
[16:25:22] [Client thread/DEBUG] [FML/]: The fluid gregtech:cfoam.orange has been selected as the default fluid for cfoam.orange
[16:25:22] [Client thread/DEBUG] [FML/]: The fluid gregtech:molten.lithium has been selected as the default fluid for molten.lithium
[16:25:22] [Client thread/DEBUG] [FML/]: The fluid gregtech:molten.vanadium has been selected as the default fluid for molten.vanadium
[16:25:22] [Client thread/DEBUG] [FML/]: The fluid gregtech:laurylalcohol has been selected as the default fluid for laurylalcohol
[16:25:22] [Client thread/DEBUG] [FML/]: The fluid gregtech:molten.naquadria has been selected as the default fluid for molten.naquadria
[16:25:22] [Client thread/DEBUG] [FML/]: The fluid gregtech:binnie.juicegrapefruit has been selected as the default fluid for binnie.juicegrapefruit
[16:25:22] [Client thread/DEBUG] [FML/]: The fluid gregtech:molten.magnalium has been selected as the default fluid for molten.magnalium
[16:25:22] [Client thread/DEBUG] [FML/]: The fluid gregtech:molten.euphemium has been selected as the default fluid for molten.euphemium
[16:25:22] [Client thread/DEBUG] [FML/]: The fluid gregtech:dimethylcarbonate has been selected as the default fluid for dimethylcarbonate
[16:25:22] [Client thread/DEBUG] [FML/]: The fluid gregtech:dye.chemical.pink has been selected as the default fluid for dye.chemical.pink
[16:25:22] [Client thread/DEBUG] [FML/]: The fluid gregtech:thoriumsalt has been selected as the default fluid for thoriumsalt
[16:25:22] [Client thread/DEBUG] [FML/]: The fluid gregtech:ketchup has been selected as the default fluid for ketchup
[16:25:22] [Client thread/DEBUG] [FML/]: The fluid gregtech:seedoil has been selected as the default fluid for seedoil
[16:25:22] [Client thread/DEBUG] [FML/]: The fluid gregtech:potion.leninade has been selected as the default fluid for potion.leninade
[16:25:22] [Client thread/DEBUG] [FML/]: The fluid gregtech:potion.poison.strong.lingering has been selected as the default fluid for potion.poison.strong.lingering
[16:25:22] [Client thread/DEBUG] [FML/]: The fluid gregtech:binnie.juiceorange has been selected as the default fluid for binnie.juiceorange
[16:25:22] [Client thread/DEBUG] [FML/]: The fluid gregtech:air has been selected as the default fluid for air
[16:25:22] [Client thread/DEBUG] [FML/]: The fluid gregtech:molten.netherite has been selected as the default fluid for molten.netherite
[16:25:22] [Client thread/DEBUG] [FML/]: The fluid gregtech:molten.goldinductive has been selected as the default fluid for molten.goldinductive
[16:25:22] [Client thread/DEBUG] [FML/]: The fluid gregtech:martianvitriol has been selected as the default fluid for martianvitriol
[16:25:22] [Client thread/DEBUG] [FML/]: The fluid gregtech:amylumsolution has been selected as the default fluid for amylumsolution
[16:25:22] [Client thread/DEBUG] [FML/]: The fluid gregtech:nitricacid has been selected as the default fluid for nitricacid
[16:25:22] [Client thread/DEBUG] [FML/]: The fluid gregtech:reedwater has been selected as the default fluid for reedwater
[16:25:22] [Client thread/DEBUG] [FML/]: The fluid HTGT6:potassium_disuplhate has been selected as the default fluid for potassium_disuplhate
[16:25:22] [Client thread/DEBUG] [FML/]: The fluid gregtech:raspberryjuice has been selected as the default fluid for raspberryjuice
[16:25:22] [Client thread/DEBUG] [FML/]: The fluid gregtech:greenvitriol has been selected as the default fluid for greenvitriol
[16:25:22] [Client thread/DEBUG] [FML/]: The fluid gregtech:bawls has been selected as the default fluid for bawls
[16:25:22] [Client thread/DEBUG] [FML/]: The fluid gregtech:molten.bluesteel has been selected as the default fluid for molten.bluesteel
[16:25:22] [Client thread/DEBUG] [FML/]: The fluid gregtech:potion.speed.lingering has been selected as the default fluid for potion.speed.lingering
[16:25:22] [Client thread/DEBUG] [FML/]: The fluid gregtech:potion.ambrosia has been selected as the default fluid for potion.ambrosia
[16:25:22] [Client thread/DEBUG] [FML/]: The fluid gregtech:pumpkinjuice has been selected as the default fluid for pumpkinjuice
[16:25:22] [Client thread/DEBUG] [FML/]: The fluid gregtech:molten.iridium has been selected as the default fluid for molten.iridium
[16:25:22] [Client thread/DEBUG] [FML/]: The fluid gregtech:molten.ardite has been selected as the default fluid for molten.ardite
[16:25:22] [Client thread/DEBUG] [FML/]: The fluid gregtech:potion.poison.long.lingering has been selected as the default fluid for potion.poison.long.lingering
[16:25:22] [Client thread/DEBUG] [FML/]: The fluid gregtech:molten.platinum has been selected as the default fluid for molten.platinum
[16:25:22] [Client thread/DEBUG] [FML/]: The fluid gregtech:hotsemiheavywater has been selected as the default fluid for hotsemiheavywater
[16:25:22] [Client thread/DEBUG] [FML/]: The fluid gregtech:potion.fireresistance has been selected as the default fluid for potion.fireresistance
[16:25:22] [Client thread/DEBUG] [FML/]: The fluid gregtech:potion.dressing has been selected as the default fluid for potion.dressing
[16:25:22] [Client thread/DEBUG] [FML/]: The fluid gregtech:molten.dreadium has been selected as the default fluid for molten.dreadium
[16:25:22] [Client thread/DEBUG] [FML/]: The fluid gregtech:molten.gloomstone has been selected as the default fluid for molten.gloomstone
[16:25:22] [Client thread/DEBUG] [FML/]: The fluid gregtech:molten.zinc has been selected as the default fluid for molten.zinc
[16:25:22] [Client thread/DEBUG] [FML/]: The fluid gregtech:cfoam.owned.orange has been selected as the default fluid for cfoam.owned.orange
[16:25:22] [Client thread/DEBUG] [FML/]: The fluid gregtech:gooseberryjuice has been selected as the default fluid for gooseberryjuice
[16:25:22] [Client thread/DEBUG] [FML/]: The fluid gregtech:bacillus has been selected as the default fluid for bacillus
[16:25:22] [Client thread/DEBUG] [FML/]: The fluid gregtech:phosphoricacid has been selected as the default fluid for phosphoricacid
[16:25:22] [Client thread/DEBUG] [FML/]: The fluid gregtech:starfruitjuice has been selected as the default fluid for starfruitjuice
[16:25:22] [Client thread/DEBUG] [FML/]: The fluid gregtech:holywater has been selected as the default fluid for holywater
[16:25:22] [Client thread/DEBUG] [FML/]: The fluid gregtech:binnie.juicepineapple has been selected as the default fluid for binnie.juicepineapple
[16:25:22] [Client thread/DEBUG] [FML/]: The fluid gregtech:nitrogenplasma has been selected as the default fluid for nitrogenplasma
[16:25:22] [Client thread/DEBUG] [FML/]: The fluid gregtech:squidink has been selected as the default fluid for squidink
[16:25:22] [Client thread/DEBUG] [FML/]: The fluid gregtech:potion.waterbreathing.lingering has been selected as the default fluid for potion.waterbreathing.lingering
[16:25:22] [Client thread/DEBUG] [FML/]: The fluid gregtech:potion.mineralwater has been selected as the default fluid for potion.mineralwater
[16:25:22] [Client thread/DEBUG] [FML/]: The fluid gregtech:silane has been selected as the default fluid for silane
[16:25:22] [Client thread/DEBUG] [FML/]: The fluid gregtech:potion.strength has been selected as the default fluid for potion.strength
[16:25:22] [Client thread/DEBUG] [FML/]: The fluid gregtech:molten.aluminium has been selected as the default fluid for molten.aluminium
[16:25:22] [Client thread/DEBUG] [FML/]: The fluid gregtech:cfoam.owned.pink has been selected as the default fluid for cfoam.owned.pink
[16:25:22] [Client thread/DEBUG] [FML/]: The fluid gregtech:medicine.heal has been selected as the default fluid for medicine.heal
[16:25:22] [Client thread/DEBUG] [FML/]: The fluid gregtech:allylchloride has been selected as the default fluid for allylchloride
[16:25:22] [Client thread/DEBUG] [FML/]: The fluid gregtech:molten.neodymium has been selected as the default fluid for molten.neodymium
[16:25:22] [Client thread/DEBUG] [FML/]: The fluid gregtech:redgrapesmoothie has been selected as the default fluid for redgrapesmoothie
[16:25:22] [Client thread/DEBUG] [FML/]: The fluid gregtech:molten.glowstoneceres has been selected as the default fluid for molten.glowstoneceres
[16:25:22] [Client thread/DEBUG] [FML/]: The fluid gregtech:diethylcarbonate has been selected as the default fluid for diethylcarbonate
[16:25:22] [Client thread/DEBUG] [FML/]: The fluid gregtech:animaltissuehomogenate has been selected as the default fluid for animaltissuehomogenate
[16:25:22] [Client thread/DEBUG] [FML/]: The fluid gregtech:potion.waterbreathing.long.splash has been selected as the default fluid for potion.waterbreathing.long.splash
[16:25:22] [Client thread/DEBUG] [FML/]: The fluid gregtech:liquidoxygen has been selected as the default fluid for liquidoxygen
[16:25:22] [Client thread/DEBUG] [FML/]: The fluid gregtech:pearsmoothie has been selected as the default fluid for pearsmoothie
[16:25:22] [Client thread/DEBUG] [FML/]: The fluid gregtech:potion.darkchocolatemilk has been selected as the default fluid for potion.darkchocolatemilk
[16:25:22] [Client thread/DEBUG] [FML/]: The fluid gregtech:nitrogen has been selected as the default fluid for nitrogen
[16:25:22] [Client thread/DEBUG] [FML/]: The fluid gregtech:potion.weakness.long.lingering has been selected as the default fluid for potion.weakness.long.lingering
[16:25:22] [Client thread/DEBUG] [FML/]: The fluid gregtech:snaphtha has been selected as the default fluid for snaphtha
[16:25:22] [Client thread/DEBUG] [FML/]: The fluid gregtech:potion.invisibility has been selected as the default fluid for potion.invisibility
[16:25:22] [Client thread/DEBUG] [FML/]: The fluid gregtech:monochlorodifluoromethane has been selected as the default fluid for monochlorodifluoromethane
[16:25:22] [Client thread/DEBUG] [FML/]: The fluid gregtech:potion.nightvision.long.splash has been selected as the default fluid for potion.nightvision.long.splash
[16:25:22] [Client thread/DEBUG] [FML/]: The fluid gregtech:electro_etching_solution has been selected as the default fluid for electro_etching_solution
[16:25:22] [Client thread/DEBUG] [FML/]: The fluid gregtech:tetrafluoroethylene has been selected as the default fluid for tetrafluoroethylene
[16:25:22] [Client thread/DEBUG] [FML/]: The fluid gregtech:evaporatedliquidos has been selected as the default fluid for evaporatedliquidos
[16:25:22] [Client thread/DEBUG] [FML/]: The fluid gregtech:molten.annealedcopper has been selected as the default fluid for molten.annealedcopper
[16:25:22] [Client thread/DEBUG] [FML/]: The fluid gregtech:blueberrysmoothie has been selected as the default fluid for blueberrysmoothie
[16:25:22] [Client thread/DEBUG] [FML/]: The fluid gregtech:potion.alcopops has been selected as the default fluid for potion.alcopops
[16:25:22] [Client thread/DEBUG] [FML/]: The fluid gregtech:potion.slowness has been selected as the default fluid for potion.slowness
[16:25:22] [Client thread/DEBUG] [FML/]: The fluid gregtech:mushroomsoup has been selected as the default fluid for mushroomsoup
[16:25:22] [Client thread/DEBUG] [FML/]: The fluid gregtech:molten.osmium has been selected as the default fluid for molten.osmium
[16:25:22] [Client thread/DEBUG] [FML/]: The fluid gregtech:ammonia has been selected as the default fluid for ammonia
[16:25:22] [Client thread/DEBUG] [FML/]: The fluid gregtech:butane has been selected as the default fluid for butane
[16:25:22] [Client thread/DEBUG] [FML/]: The fluid gregtech:potion.jump.splash has been selected as the default fluid for potion.jump.splash
[16:25:22] [Client thread/DEBUG] [FML/]: The fluid gregtech:skerosine has been selected as the default fluid for skerosine
[16:25:22] [Client thread/DEBUG] [FML/]: The fluid gregtech:molten.rhodium has been selected as the default fluid for molten.rhodium
[16:25:22] [Client thread/DEBUG] [FML/]: The fluid gregtech:potion.fireresistance.lingering has been selected as the default fluid for potion.fireresistance.lingering
[16:25:22] [Client thread/DEBUG] [FML/]: The fluid gregtech:dnasolution has been selected as the default fluid for dnasolution
[16:25:22] [Client thread/DEBUG] [FML/]: The fluid gregtech:taqdnapolymerase has been selected as the default fluid for taqdnapolymerase
[16:25:22] [Client thread/DEBUG] [FML/]: The fluid gregtech:dye.chemical.purple has been selected as the default fluid for dye.chemical.purple
[16:25:22] [Client thread/DEBUG] [FML/]: The fluid gregtech:chillysauce has been selected as the default fluid for chillysauce
[16:25:22] [Client thread/DEBUG] [FML/]: The fluid gregtech:kerosine has been selected as the default fluid for kerosine
[16:25:22] [Client thread/DEBUG] [FML/]: The fluid gregtech:dye.watermixed.lime has been selected as the default fluid for dye.watermixed.lime
[16:25:22] [Client thread/DEBUG] [FML/]: The fluid gregtech:photoresist has been selected as the default fluid for photoresist
[16:25:22] [Client thread/DEBUG] [FML/]: The fluid gregtech:molten.spacestone has been selected as the default fluid for molten.spacestone
[16:25:22] [Client thread/DEBUG] [FML/]: The fluid gregtech:styrene has been selected as the default fluid for styrene
[16:25:22] [Client thread/DEBUG] [FML/]: The fluid gregtech:dye.watermixed.white has been selected as the default fluid for dye.watermixed.white
[16:25:22] [Client thread/DEBUG] [FML/]: The fluid gregtech:bluevitriol has been selected as the default fluid for bluevitriol
[16:25:22] [Client thread/DEBUG] [FML/]: The fluid gregtech:molten.silver has been selected as the default fluid for molten.silver
[16:25:22] [Client thread/DEBUG] [FML/]: The fluid gregtech:fishoil has been selected as the default fluid for fishoil
[16:25:22] [Client thread/DEBUG] [FML/]: The fluid gregtech:glycerol has been selected as the default fluid for glycerol
[16:25:22] [Client thread/DEBUG] [FML/]: The fluid gregtech:potion.notchesbrew has been selected as the default fluid for potion.notchesbrew
[16:25:22] [Client thread/DEBUG] [FML/]: The fluid gregtech:molten.americium241 has been selected as the default fluid for molten.americium241
[16:25:22] [Client thread/DEBUG] [FML/]: The fluid gregtech:molten.nikolite has been selected as the default fluid for molten.nikolite
[16:25:22] [Client thread/DEBUG] [FML/]: The fluid gregtech:dye.chemical.blue has been selected as the default fluid for dye.chemical.blue
[16:25:22] [Client thread/DEBUG] [FML/]: The fluid gregtech:grapefruitsmoothie has been selected as the default fluid for grapefruitsmoothie
[16:25:22] [Client thread/DEBUG] [FML/]: The fluid gregtech:potion.waterbreathing.long.lingering has been selected as the default fluid for potion.waterbreathing.long.lingering
[16:25:22] [Client thread/DEBUG] [FML/]: The fluid gregtech:potion.weakness.long.splash has been selected as the default fluid for potion.weakness.long.splash
[16:25:22] [Client thread/DEBUG] [FML/]: The fluid gregtech:molten.thaumium has been selected as the default fluid for molten.thaumium
[16:25:22] [Client thread/DEBUG] [FML/]: The fluid gregtech:oxygen has been selected as the default fluid for oxygen
[16:25:22] [Client thread/DEBUG] [FML/]: The fluid gregtech:dye.flower.blue has been selected as the default fluid for dye.flower.blue
[16:25:22] [Client thread/DEBUG] [FML/]: The fluid gregtech:molten.chromium has been selected as the default fluid for molten.chromium
[16:25:22] [Client thread/DEBUG] [FML/]: The fluid gregtech:mscsupplement has been selected as the default fluid for mscsupplement
[16:25:22] [Client thread/DEBUG] [FML/]: The fluid gregtech:blackberryjuice has been selected as the default fluid for blackberryjuice
[16:25:22] [Client thread/DEBUG] [FML/]: The fluid gregtech:sluicejuice has been selected as the default fluid for sluicejuice
[16:25:22] [Client thread/DEBUG] [FML/]: The fluid gregtech:potion.health.strong has been selected as the default fluid for potion.health.strong
[16:25:22] [Client thread/DEBUG] [FML/]: The fluid gregtech:molten.plutonium has been selected as the default fluid for molten.plutonium
[16:25:22] [Client thread/DEBUG] [FML/]: The fluid gregtech:dye.chemical.lightblue has been selected as the default fluid for dye.chemical.lightblue
[16:25:22] [Client thread/DEBUG] [FML/]: The fluid gregtech:fieryblood has been selected as the default fluid for fieryblood
[16:25:22] [Client thread/DEBUG] [FML/]: The fluid gregtech:molten.uranium235tetrafluoride has been selected as the default fluid for molten.uranium235tetrafluoride
[16:25:22] [Client thread/DEBUG] [FML/]: The fluid gregtech:sodiumosmiumhexachloride has been selected as the default fluid for sodiumosmiumhexachloride
[16:25:22] [Client thread/DEBUG] [FML/]: The fluid gregtech:molten.plutonium239 has been selected as the default fluid for molten.plutonium239
[16:25:22] [Client thread/DEBUG] [FML/]: The fluid gregtech:molten.titaniumniobiumcarbide has been selected as the default fluid for molten.titaniumniobiumcarbide
[16:25:22] [Client thread/DEBUG] [FML/]: The fluid gregtech:molten.plutonium243 has been selected as the default fluid for molten.plutonium243
[16:25:22] [Client thread/DEBUG] [FML/]: The fluid gregtech:potion.nightvision.splash has been selected as the default fluid for potion.nightvision.splash
[16:25:22] [Client thread/DEBUG] [FML/]: The fluid gregtech:tris_hcl has been selected as the default fluid for tris_hcl
[16:25:22] [Client thread/DEBUG] [FML/]: The fluid gregtech:molten.plutonium241 has been selected as the default fluid for molten.plutonium241
[16:25:22] [Client thread/DEBUG] [FML/]: The fluid gregtech:potion.slowness.lingering has been selected as the default fluid for potion.slowness.lingering
[16:25:22] [Client thread/DEBUG] [FML/]: The fluid gregtech:osmiumtetroxide has been selected as the default fluid for osmiumtetroxide
[16:25:22] [Client thread/DEBUG] [FML/]: The fluid gregtech:potion.darkcafeaulait has been selected as the default fluid for potion.darkcafeaulait
[16:25:22] [Client thread/DEBUG] [FML/]: The fluid minecraft:lava has been selected as the default fluid for lava
[16:25:22] [Client thread/DEBUG] [FML/]: The fluid gregtech:cfoam.lime has been selected as the default fluid for cfoam.lime
[16:25:22] [Client thread/DEBUG] [FML/]: The fluid gregtech:potion.damage.strong has been selected as the default fluid for potion.damage.strong
[16:25:22] [Client thread/DEBUG] [FML/]: The fluid gregtech:uranium238hexafluoride has been selected as the default fluid for uranium238hexafluoride
[16:25:22] [Client thread/DEBUG] [FML/]: The fluid gregtech:potion.slowness.long.lingering has been selected as the default fluid for potion.slowness.long.lingering
[16:25:22] [Client thread/DEBUG] [FML/]: The fluid gregtech:potion.speed.long.splash has been selected as the default fluid for potion.speed.long.splash
[16:25:22] [Client thread/DEBUG] [FML/]: The fluid gregtech:molten.duraniumelemental has been selected as the default fluid for molten.duraniumelemental
[16:25:22] [Client thread/DEBUG] [FML/]: The fluid gregtech:solutionrichptpa has been selected as the default fluid for solutionrichptpa
[16:25:22] [Client thread/DEBUG] [FML/]: The fluid gregtech:molten.purplealloy has been selected as the default fluid for molten.purplealloy
[16:25:22] [Client thread/DEBUG] [FML/]: The fluid gregtech:molten.stone has been selected as the default fluid for molten.stone
[16:25:22] [Client thread/DEBUG] [FML/]: The fluid gregtech:for.honey has been selected as the default fluid for for.honey
[16:25:22] [Client thread/DEBUG] [FML/]: The fluid gregtech:dye.watermixed.purple has been selected as the default fluid for dye.watermixed.purple
[16:25:22] [Client thread/DEBUG] [FML/]: The fluid gregtech:ethylacrylate has been selected as the default fluid for ethylacrylate
[16:25:22] [Client thread/DEBUG] [FML/]: The fluid gregtech:cfoam.owned.gray has been selected as the default fluid for cfoam.owned.gray
[16:25:22] [Client thread/DEBUG] [FML/]: The fluid gregtech:binnie.juicecarrot has been selected as the default fluid for binnie.juicecarrot
[16:25:22] [Client thread/DEBUG] [FML/]: The fluid gregtech:pina.colada has been selected as the default fluid for pina.colada
[16:25:22] [Client thread/DEBUG] [FML/]: The fluid gregtech:molten.carbon14 has been selected as the default fluid for molten.carbon14
[16:25:22] [Client thread/DEBUG] [FML/]: The fluid gregtech:titaniumtetrachloride has been selected as the default fluid for titaniumtetrachloride
[16:25:22] [Client thread/DEBUG] [FML/]: The fluid gregtech:dye.chemical.lime has been selected as the default fluid for dye.chemical.lime
[16:25:22] [Client thread/DEBUG] [FML/]: The fluid gregtech:molten.carbon13 has been selected as the default fluid for molten.carbon13
[16:25:22] [Client thread/DEBUG] [FML/]: The fluid gregtech:potion.weakness has been selected as the default fluid for potion.weakness
[16:25:22] [Client thread/DEBUG] [FML/]: The fluid gregtech:radon has been selected as the default fluid for radon
[16:25:22] [Client thread/DEBUG] [FML/]: The fluid gregtech:potion.laitaucafe has been selected as the default fluid for potion.laitaucafe
[16:25:22] [Client thread/DEBUG] [FML/]: The fluid gregtech:ic2uumatter has been selected as the default fluid for ic2uumatter
[16:25:22] [Client thread/DEBUG] [FML/]: The fluid gregtech:potion.strength.strong has been selected as the default fluid for potion.strength.strong
[16:25:22] [Client thread/DEBUG] [FML/]: The fluid gregtech:dye.chemical.green has been selected as the default fluid for dye.chemical.green
[16:25:22] [Client thread/DEBUG] [FML/]: The fluid gregtech:fuel has been selected as the default fluid for fuel
[16:25:22] [Client thread/DEBUG] [FML/]: The fluid gregtech:lubricant has been selected as the default fluid for lubricant
[16:25:22] [Client thread/DEBUG] [FML/]: The fluid gregtech:potion.invisibility.long has been selected as the default fluid for potion.invisibility.long
[16:25:22] [Client thread/DEBUG] [FML/]: The fluid gregtech:clostridia has been selected as the default fluid for clostridia
[16:25:22] [Client thread/DEBUG] [FML/]: The fluid gregtech:molten.syrmorite has been selected as the default fluid for molten.syrmorite
[16:25:22] [Client thread/DEBUG] [FML/]: The fluid gregtech:molten.kanthal has been selected as the default fluid for molten.kanthal
[16:25:22] [Client thread/DEBUG] [FML/]: The fluid gregtech:applesmoothie has been selected as the default fluid for applesmoothie
[16:25:22] [Client thread/DEBUG] [FML/]: The fluid gregtech:molten.ancientdebris has been selected as the default fluid for molten.ancientdebris
[16:25:22] [Client thread/DEBUG] [FML/]: The fluid gregtech:molten.iron has been selected as the default fluid for molten.iron
[16:25:22] [Client thread/DEBUG] [FML/]: The fluid gregtech:goldencarrotjuice has been selected as the default fluid for goldencarrotjuice
[16:25:22] [Client thread/DEBUG] [FML/]: The fluid gregtech:epoxid has been selected as the default fluid for epoxid
[16:25:22] [Client thread/DEBUG] [FML/]: The fluid gregtech:hotcarbondioxide has been selected as the default fluid for hotcarbondioxide
[16:25:22] [Client thread/DEBUG] [FML/]: The fluid gregtech:dye.flower.white has been selected as the default fluid for dye.flower.white
[16:25:22] [Client thread/DEBUG] [FML/]: The fluid gregtech:protein has been selected as the default fluid for protein
[16:25:22] [Client thread/DEBUG] [FML/]: The fluid gregtech:pinkvitriol has been selected as the default fluid for pinkvitriol
[16:25:22] [Client thread/DEBUG] [FML/]: The fluid gregtech:molten.sulfur has been selected as the default fluid for molten.sulfur
[16:25:22] [Client thread/DEBUG] [FML/]: The fluid gregtech:potion.speed.long.lingering has been selected as the default fluid for potion.speed.long.lingering
[16:25:22] [Client thread/DEBUG] [FML/]: The fluid gregtech:molten.uranium235 has been selected as the default fluid for molten.uranium235
[16:25:22] [Client thread/DEBUG] [FML/]: The fluid gregtech:dye.flower.lime has been selected as the default fluid for dye.flower.lime
[16:25:22] [Client thread/DEBUG] [FML/]: The fluid gregtech:molten.midasium has been selected as the default fluid for molten.midasium
[16:25:22] [Client thread/DEBUG] [FML/]: The fluid gregtech:potion.speed.splash has been selected as the default fluid for potion.speed.splash
[16:25:22] [Client thread/DEBUG] [FML/]: The fluid gregtech:chargedmatter has been selected as the default fluid for chargedmatter
[16:25:22] [Client thread/DEBUG] [FML/]: The fluid gregtech:persimmonsmoothie has been selected as the default fluid for persimmonsmoothie
[16:25:22] [Client thread/DEBUG] [FML/]: The fluid gregtech:hydrogen has been selected as the default fluid for hydrogen
[16:25:22] [Client thread/DEBUG] [FML/]: The fluid gregtech:molten.astralsilver has been selected as the default fluid for molten.astralsilver
[16:25:22] [Client thread/DEBUG] [FML/]: The fluid gregtech:potion.invisibility.lingering has been selected as the default fluid for potion.invisibility.lingering
[16:25:22] [Client thread/DEBUG] [FML/]: The fluid gregtech:potion.regen.long.lingering has been selected as the default fluid for potion.regen.long.lingering
[16:25:22] [Client thread/DEBUG] [FML/]: The fluid gregtech:cfoam.owned.lightgray has been selected as the default fluid for cfoam.owned.lightgray
[16:25:22] [Client thread/DEBUG] [FML/]: The fluid gregtech:raspberrysmoothie has been selected as the default fluid for raspberrysmoothie
[16:25:22] [Client thread/DEBUG] [FML/]: The fluid gregtech:propane has been selected as the default fluid for propane
[16:25:22] [Client thread/DEBUG] [FML/]: The fluid gregtech:figjuice has been selected as the default fluid for figjuice
[16:25:22] [Client thread/DEBUG] [FML/]: The fluid gregtech:molten.hsss has been selected as the default fluid for molten.hsss
[16:25:22] [Client thread/DEBUG] [FML/]: The fluid gregtech:potion.poison has been selected as the default fluid for potion.poison
[16:25:22] [Client thread/DEBUG] [FML/]: The fluid gregtech:potion.poison.strong.splash has been selected as the default fluid for potion.poison.strong.splash
[16:25:22] [Client thread/DEBUG] [FML/]: The fluid gregtech:molten.rubidium has been selected as the default fluid for molten.rubidium
[16:25:22] [Client thread/DEBUG] [FML/]: The fluid gregtech:cfoam.blue has been selected as the default fluid for cfoam.blue
[16:25:22] [Client thread/DEBUG] [FML/]: The fluid gregtech:whitevitriol has been selected as the default fluid for whitevitriol
[16:25:22] [Client thread/DEBUG] [FML/]: The fluid gregtech:coconutsmoothie has been selected as the default fluid for coconutsmoothie
[16:25:22] [Client thread/DEBUG] [FML/]: The fluid gregtech:helium has been selected as the default fluid for helium
[16:25:22] [Client thread/DEBUG] [FML/]: The fluid gregtech:molten.hssg has been selected as the default fluid for molten.hssg
[16:25:22] [Client thread/DEBUG] [FML/]: The fluid gregtech:kiwismoothie has been selected as the default fluid for kiwismoothie
[16:25:22] [Client thread/DEBUG] [FML/]: The fluid gregtech:spss has been selected as the default fluid for spss
[16:25:22] [Client thread/DEBUG] [FML/]: The fluid gregtech:molten.hsse has been selected as the default fluid for molten.hsse
[16:25:22] [Client thread/DEBUG] [FML/]: The fluid gregtech:molten.boron11 has been selected as the default fluid for molten.boron11
[16:25:22] [Client thread/DEBUG] [FML/]: The fluid gregtech:molten.waxmagic has been selected as the default fluid for molten.waxmagic
[16:25:22] [Client thread/DEBUG] [FML/]: The fluid gregtech:riverwater has been selected as the default fluid for riverwater
[16:25:22] [Client thread/DEBUG] [FML/]: The fluid gregtech:hotheavywater has been selected as the default fluid for hotheavywater
[16:25:22] [Client thread/DEBUG] [FML/]: The fluid gregtech:plasma.ionizedhelium has been selected as the default fluid for plasma.ionizedhelium
[16:25:22] [Client thread/DEBUG] [FML/]: The fluid gregtech:absorptionliquidru has been selected as the default fluid for absorptionliquidru
[16:25:22] [Client thread/DEBUG] [FML/]: The fluid gregtech:molten.waxsoulful has been selected as the default fluid for molten.waxsoulful
[16:25:22] [Client thread/DEBUG] [FML/]: The fluid gregtech:spetrol has been selected as the default fluid for spetrol
[16:25:22] [Client thread/DEBUG] [FML/]: The fluid gregtech:msc has been selected as the default fluid for msc
[16:25:22] [Client thread/DEBUG] [FML/]: The fluid gregtech:molten.tallow has been selected as the default fluid for molten.tallow
[16:25:22] [Client thread/DEBUG] [FML/]: The fluid gregtech:cherrysmoothie has been selected as the default fluid for cherrysmoothie
[16:25:22] [Client thread/DEBUG] [FML/]: The fluid gregtech:molten.calcium has been selected as the default fluid for molten.calcium
[16:25:22] [Client thread/DEBUG] [FML/]: The fluid gregtech:molten.osmiumelemental has been selected as the default fluid for molten.osmiumelemental
[16:25:22] [Client thread/DEBUG] [FML/]: The fluid gregtech:neutralmatter has been selected as the default fluid for neutralmatter
[16:25:22] [Client thread/DEBUG] [FML/]: The fluid gregtech:uuamplifier has been selected as the default fluid for uuamplifier
[16:25:22] [Client thread/DEBUG] [FML/]: The fluid gregtech:potion.nightvision.lingering has been selected as the default fluid for potion.nightvision.lingering
[16:25:22] [Client thread/DEBUG] [FML/]: The fluid gregtech:mercury has been selected as the default fluid for mercury
[16:25:22] [Client thread/DEBUG] [FML/]: The fluid gregtech:molten.bronze has been selected as the default fluid for molten.bronze
[16:25:22] [Client thread/DEBUG] [FML/]: The fluid gregtech:molten.glowstoneenceladus has been selected as the default fluid for molten.glowstoneenceladus
[16:25:22] [Client thread/DEBUG] [FML/]: The fluid gregtech:ionizedhydrogen has been selected as the default fluid for ionizedhydrogen
[16:25:22] [Client thread/DEBUG] [FML/]: The fluid gregtech:dye.watermixed.pink has been selected as the default fluid for dye.watermixed.pink
[16:25:22] [Client thread/DEBUG] [FML/]: The fluid gregtech:glenmckenner has been selected as the default fluid for glenmckenner
[16:25:22] [Client thread/DEBUG] [FML/]: The fluid gregtech:molten.lithiumchlorate has been selected as the default fluid for molten.lithiumchlorate
[16:25:22] [Client thread/DEBUG] [FML/]: The fluid gregtech:molten.beryllium7 has been selected as the default fluid for molten.beryllium7
[16:25:22] [Client thread/DEBUG] [FML/]: The fluid gregtech:molten.latex has been selected as the default fluid for molten.latex
[16:25:22] [Client thread/DEBUG] [FML/]: The fluid gregtech:purplegrapesmoothie has been selected as the default fluid for purplegrapesmoothie
[16:25:22] [Client thread/DEBUG] [FML/]: The fluid gregtech:molten.beryllium8 has been selected as the default fluid for molten.beryllium8
[16:25:22] [Client thread/DEBUG] [FML/]: The fluid gregtech:ironplasma has been selected as the default fluid for ironplasma
[16:25:22] [Client thread/DEBUG] [FML/]: The fluid gregtech:molten.titanium has been selected as the default fluid for molten.titanium
[16:25:22] [Client thread/DEBUG] [FML/]: The fluid gregtech:potion.regen.strong.splash has been selected as the default fluid for potion.regen.strong.splash
[16:25:22] [Client thread/DEBUG] [FML/]: The fluid gregtech:potion.speed.strong.lingering has been selected as the default fluid for potion.speed.strong.lingering
[16:25:22] [Client thread/DEBUG] [FML/]: The fluid gregtech:molten.calcite has been selected as the default fluid for molten.calcite
[16:25:22] [Client thread/DEBUG] [FML/]: The fluid gregtech:nitrogenmonoxide has been selected as the default fluid for nitrogenmonoxide
[16:25:22] [Client thread/DEBUG] [FML/]: The fluid HTGT6:ruthenium_salt has been selected as the default fluid for ruthenium_salt
[16:25:22] [Client thread/DEBUG] [FML/]: The fluid gregtech:peroxydisulfuricacid has been selected as the default fluid for peroxydisulfuricacid
[16:25:22] [Client thread/DEBUG] [FML/]: The fluid gregtech:molten.waxparaffin has been selected as the default fluid for molten.waxparaffin
[16:25:22] [Client thread/DEBUG] [FML/]: The fluid gregtech:dye.flower.black has been selected as the default fluid for dye.flower.black
[16:25:22] [Client thread/DEBUG] [FML/]: The fluid gregtech:molten.tinalloy has been selected as the default fluid for molten.tinalloy
[16:25:22] [Client thread/DEBUG] [FML/]: The fluid gregtech:polytetrafluoroethylene has been selected as the default fluid for polytetrafluoroethylene
[16:25:22] [Client thread/DEBUG] [FML/]: The fluid gregtech:biomass has been selected as the default fluid for biomass
[16:25:22] [Client thread/DEBUG] [FML/]: The fluid gregtech:grcmilk.cream has been selected as the default fluid for grcmilk.cream
[16:25:22] [Client thread/DEBUG] [FML/]: The fluid gregtech:molten.osmiridium has been selected as the default fluid for molten.osmiridium
[16:25:22] [Client thread/DEBUG] [FML/]: The fluid gregtech:positronplasma has been selected as the default fluid for positronplasma
[16:25:22] [Client thread/DEBUG] [FML/]: The fluid gregtech:hotmoltenlicl has been selected as the default fluid for hotmoltenlicl
[16:25:22] [Client thread/DEBUG] [FML/]: The fluid gregtech:neon has been selected as the default fluid for neon
[16:25:22] [Client thread/DEBUG] [FML/]: The fluid gregtech:chloroplatinicacid has been selected as the default fluid for chloroplatinicacid
[16:25:22] [Client thread/DEBUG] [FML/]: The fluid gregtech:electronplasma has been selected as the default fluid for electronplasma
[16:25:22] [Client thread/DEBUG] [FML/]: The fluid gregtech:potion.regen.strong has been selected as the default fluid for potion.regen.strong
[16:25:22] [Client thread/DEBUG] [FML/]: The fluid gregtech:potion.speed.long has been selected as the default fluid for potion.speed.long
[16:25:22] [Client thread/DEBUG] [FML/]: The fluid gregtech:molten.atlarus has been selected as the default fluid for molten.atlarus
[16:25:22] [Client thread/DEBUG] [FML/]: The fluid gregtech:acetone has been selected as the default fluid for acetone
[16:25:22] [Client thread/DEBUG] [FML/]: The fluid gregtech:molten.silicon has been selected as the default fluid for molten.silicon
[16:25:22] [Client thread/DEBUG] [FML/]: The fluid gregtech:potion.jump.lingering has been selected as the default fluid for potion.jump.lingering
[16:25:22] [Client thread/DEBUG] [FML/]: The fluid gregtech:molten.lithiumperchlorate has been selected as the default fluid for molten.lithiumperchlorate
[16:25:22] [Client thread/DEBUG] [FML/]: The fluid gregtech:molten.electrotinealloy has been selected as the default fluid for molten.electrotinealloy
[16:25:22] [Client thread/DEBUG] [FML/]: The fluid gregtech:ethylene has been selected as the default fluid for ethylene
[16:25:22] [Client thread/DEBUG] [FML/]: The fluid gregtech:molten.manganesechloride has been selected as the default fluid for molten.manganesechloride
[16:25:22] [Client thread/DEBUG] [FML/]: The fluid gregtech:aquaticnutrition has been selected as the default fluid for aquaticnutrition
[16:25:22] [Client thread/DEBUG] [FML/]: The fluid gregtech:dye.flower.cyan has been selected as the default fluid for dye.flower.cyan
[16:25:22] [Client thread/DEBUG] [FML/]: The fluid gregtech:molten.pigiron has been selected as the default fluid for molten.pigiron
[16:25:22] [Client thread/DEBUG] [FML/]: The fluid gregtech:hormonesolution has been selected as the default fluid for hormonesolution
[16:25:22] [Client thread/DEBUG] [FML/]: The fluid gregtech:molten.vanadiumsteel has been selected as the default fluid for molten.vanadiumsteel
[16:25:22] [Client thread/DEBUG] [FML/]: The fluid gregtech:potion.damage has been selected as the default fluid for potion.damage
[16:25:22] [Client thread/DEBUG] [FML/]: The fluid gregtech:electroetchingsolution has been selected as the default fluid for electroetchingsolution
[16:25:22] [Client thread/DEBUG] [FML/]: The fluid gregtech:hydrochloricacid has been selected as the default fluid for hydrochloricacid
[16:25:22] [Client thread/DEBUG] [FML/]: The fluid gregtech:pomegranatejuice has been selected as the default fluid for pomegranatejuice
[16:25:22] [Client thread/DEBUG] [FML/]: The fluid gregtech:tea has been selected as the default fluid for tea
[16:25:22] [Client thread/DEBUG] [FML/]: The fluid gregtech:juice has been selected as the default fluid for juice
[16:25:22] [Client thread/DEBUG] [FML/]: The fluid gregtech:hydrogenfluoride has been selected as the default fluid for hydrogenfluoride
[16:25:22] [Client thread/DEBUG] [FML/]: The fluid gregtech:molten.nichrome has been selected as the default fluid for molten.nichrome
[16:25:22] [Client thread/DEBUG] [FML/]: The fluid gregtech:acrylicacid has been selected as the default fluid for acrylicacid
[16:25:22] [Client thread/DEBUG] [FML/]: The fluid gregtech:gas_natural_gas has been selected as the default fluid for gas_natural_gas
[16:25:22] [Client thread/DEBUG] [FML/]: The fluid gregtech:potion.strength.lingering has been selected as the default fluid for potion.strength.lingering
[16:25:22] [Client thread/DEBUG] [FML/]: The fluid gregtech:potion.health has been selected as the default fluid for potion.health
[16:25:22] [Client thread/DEBUG] [FML/]: The fluid gregtech:binnie.ciderapple has been selected as the default fluid for binnie.ciderapple
[16:25:22] [Client thread/DEBUG] [FML/]: The fluid gregtech:molten.americium has been selected as the default fluid for molten.americium
[16:25:22] [Client thread/DEBUG] [FML/]: The fluid gregtech:anti-helium_3 has been selected as the default fluid for anti-helium_3
[16:25:22] [Client thread/DEBUG] [FML/]: The fluid gregtech:molten.lead has been selected as the default fluid for molten.lead
[16:25:22] [Client thread/DEBUG] [FML/]: The fluid gregtech:potion.weakness.splash has been selected as the default fluid for potion.weakness.splash
[16:25:22] [Client thread/DEBUG] [FML/]: The fluid gregtech:dye.flower.orange has been selected as the default fluid for dye.flower.orange
[16:25:22] [Client thread/DEBUG] [FML/]: The fluid gregtech:semiheavywater has been selected as the default fluid for semiheavywater
[16:25:22] [Client thread/DEBUG] [FML/]: The fluid gregtech:aquaregia has been selected as the default fluid for aquaregia
[16:25:22] [Client thread/DEBUG] [FML/]: The fluid gregtech:dye.flower.gray has been selected as the default fluid for dye.flower.gray
[16:25:22] [Client thread/DEBUG] [FML/]: The fluid gregtech:molten.redalloy has been selected as the default fluid for molten.redalloy
[16:25:22] [Client thread/DEBUG] [FML/]: The fluid gregtech:molten.lumium has been selected as the default fluid for molten.lumium
[16:25:22] [Client thread/DEBUG] [FML/]: The fluid gregtech:primer has been selected as the default fluid for primer
[16:25:22] [Client thread/DEBUG] [FML/]: The fluid gregtech:cfoam.owned.white has been selected as the default fluid for cfoam.owned.white
[16:25:22] [Client thread/DEBUG] [FML/]: The fluid gregtech:anti-tritium has been selected as the default fluid for anti-tritium
[16:25:22] [Client thread/DEBUG] [FML/]: The fluid gregtech:bonemarrow has been selected as the default fluid for bonemarrow
[16:25:22] [Client thread/DEBUG] [FML/]: The fluid gregtech:cfoam.owned.yellow has been selected as the default fluid for cfoam.owned.yellow
[16:25:22] [Client thread/DEBUG] [FML/]: The fluid gregtech:saltwater has been selected as the default fluid for saltwater
[16:25:22] [Client thread/DEBUG] [FML/]: The fluid gregtech:sulfurtrioxide has been selected as the default fluid for sulfurtrioxide
[16:25:22] [Client thread/DEBUG] [FML/]: The fluid gregtech:nutoil has been selected as the default fluid for nutoil
[16:25:22] [Client thread/DEBUG] [FML/]: The fluid gregtech:dye.watermixed.green has been selected as the default fluid for dye.watermixed.green
[16:25:22] [Client thread/DEBUG] [FML/]: The fluid gregtech:astatine has been selected as the default fluid for astatine
[16:25:22] [Client thread/DEBUG] [FML/]: The fluid gregtech:molten.bluealloy has been selected as the default fluid for molten.bluealloy
[16:25:22] [Client thread/DEBUG] [FML/]: The fluid gregtech:cyanvitriol has been selected as the default fluid for cyanvitriol
[16:25:22] [Client thread/DEBUG] [FML/]: The fluid gregtech:molten.manganese has been selected as the default fluid for molten.manganese
[16:25:22] [Client thread/DEBUG] [FML/]: The fluid gregtech:error has been selected as the default fluid for error
[16:25:22] [Client thread/DEBUG] [FML/]: The fluid gregtech:dragonbreath has been selected as the default fluid for dragonbreath
[16:25:22] [Client thread/DEBUG] [FML/]: The fluid gregtech:waterdirty has been selected as the default fluid for waterdirty
[16:25:22] [Client thread/DEBUG] [FML/]: The fluid gregtech:molten.waxplant has been selected as the default fluid for molten.waxplant
[16:25:22] [Client thread/DEBUG] [FML/]: The fluid gregtech:cfoam.green has been selected as the default fluid for cfoam.green
[16:25:22] [Client thread/DEBUG] [FML/]: The fluid gregtech:heliumneon has been selected as the default fluid for heliumneon
[16:25:22] [Client thread/DEBUG] [FML/]: The fluid gregtech:grapesmoothie has been selected as the default fluid for grapesmoothie
[16:25:22] [Client thread/DEBUG] [FML/]: The fluid gregtech:dye.chemical.black has been selected as the default fluid for dye.chemical.black
[16:25:22] [Client thread/DEBUG] [FML/]: The fluid gregtech:carbontrioxide has been selected as the default fluid for carbontrioxide
[16:25:22] [Client thread/DEBUG] [FML/]: The fluid gregtech:cfoam.owned.lime has been selected as the default fluid for cfoam.owned.lime
[16:25:22] [Client thread/DEBUG] [FML/]: The fluid gregtech:royaljelly has been selected as the default fluid for royaljelly
[16:25:22] [Client thread/DEBUG] [FML/]: The fluid gregtech:pregnantsolutionosru has been selected as the default fluid for pregnantsolutionosru
[16:25:22] [Client thread/DEBUG] [FML/]: The fluid gregtech:peachsmoothie has been selected as the default fluid for peachsmoothie
[16:25:22] [Client thread/DEBUG] [FML/]: The fluid gregtech:potion.slowness.splash has been selected as the default fluid for potion.slowness.splash
[16:25:22] [Client thread/DEBUG] [FML/]: The fluid gregtech:molten.blackbronze has been selected as the default fluid for molten.blackbronze
[16:25:22] [Client thread/DEBUG] [FML/]: The fluid gregtech:cfoam.pink has been selected as the default fluid for cfoam.pink
[16:25:22] [Client thread/DEBUG] [FML/]: The fluid gregtech:currantjuice has been selected as the default fluid for currantjuice
[16:25:22] [Client thread/DEBUG] [FML/]: The fluid gregtech:mineralsoda has been selected as the default fluid for mineralsoda
[16:25:22] [Client thread/DEBUG] [FML/]: The fluid gregtech:molten.arsenic has been selected as the default fluid for molten.arsenic
[16:25:22] [Client thread/DEBUG] [FML/]: The fluid gregtech:molten.molybdenum has been selected as the default fluid for molten.molybdenum
[16:25:22] [Client thread/DEBUG] [FML/]: The fluid gregtech:disulfuricacid has been selected as the default fluid for disulfuricacid
[16:25:22] [Client thread/DEBUG] [FML/]: The fluid gregtech:dye.chemical.brown has been selected as the default fluid for dye.chemical.brown
[16:25:22] [Client thread/DEBUG] [FML/]: The fluid gregtech:rutheniumtetroxide has been selected as the default fluid for rutheniumtetroxide
[16:25:22] [Client thread/DEBUG] [FML/]: The fluid gregtech:linoil has been selected as the default fluid for linoil
[16:25:22] [Client thread/DEBUG] [FML/]: The fluid gregtech:molten.hepatizon has been selected as the default fluid for molten.hepatizon
[16:25:22] [Client thread/DEBUG] [FML/]: The fluid gregtech:molten.glowstoneio has been selected as the default fluid for molten.glowstoneio
[16:25:22] [Client thread/DEBUG] [FML/]: The fluid gregtech:potion.regen has been selected as the default fluid for potion.regen
[16:25:22] [Client thread/DEBUG] [FML/]: The fluid gregtech:molten.naquadahenriched has been selected as the default fluid for molten.naquadahenriched
[16:25:22] [Client thread/DEBUG] [FML/]: The fluid gregtech:potion.goldencider has been selected as the default fluid for potion.goldencider
[16:25:22] [Client thread/DEBUG] [FML/]: The fluid gregtech:dye.flower.purple has been selected as the default fluid for dye.flower.purple
[16:25:22] [Client thread/DEBUG] [FML/]: The fluid gregtech:rhodiumsulfidesolution has been selected as the default fluid for rhodiumsulfidesolution
[16:25:22] [Client thread/DEBUG] [FML/]: The fluid gregtech:argon has been selected as the default fluid for argon
[16:25:22] [Client thread/DEBUG] [FML/]: The fluid gregtech:cumene has been selected as the default fluid for cumene
[16:25:22] [Client thread/DEBUG] [FML/]: The fluid gregtech:blaze has been selected as the default fluid for blaze
[16:25:22] [Client thread/DEBUG] [FML/]: The fluid gregtech:vitriolofclay has been selected as the default fluid for vitriolofclay
[16:25:22] [Client thread/DEBUG] [FML/]: The fluid gregtech:sulfurdioxide has been selected as the default fluid for sulfurdioxide
[16:25:22] [Client thread/DEBUG] [FML/]: The fluid gregtech:dye.chemical.lightgray has been selected as the default fluid for dye.chemical.lightgray
[16:25:22] [Client thread/DEBUG] [FML/]: The fluid IC2:coolant has been selected as the default fluid for coolant
[16:25:22] [Client thread/DEBUG] [FML/]: The fluid gregtech:mcguffium has been selected as the default fluid for mcguffium
[16:25:22] [Client thread/DEBUG] [FML/]: The fluid gregtech:vinegar has been selected as the default fluid for vinegar
[16:25:22] [Client thread/DEBUG] [FML/]: The fluid gregtech:bacteria_medium has been selected as the default fluid for bacteria_medium
[16:25:22] [Client thread/DEBUG] [FML/]: The fluid gregtech:cranberrysmoothie has been selected as the default fluid for cranberrysmoothie
[16:25:22] [Client thread/DEBUG] [FML/]: The fluid gregtech:binnie.vodka has been selected as the default fluid for binnie.vodka
[16:25:22] [Client thread/DEBUG] [FML/]: The fluid gregtech:molten.tungstensteel has been selected as the default fluid for molten.tungstensteel
[16:25:22] [Client thread/DEBUG] [FML/]: The fluid gregtech:molten.francium has been selected as the default fluid for molten.francium
[16:25:22] [Client thread/DEBUG] [FML/]: The fluid gregtech:liquid_light_oil has been selected as the default fluid for liquid_light_oil
[16:25:22] [Client thread/DEBUG] [FML/]: The fluid gregtech:molten.ferrouschloride has been selected as the default fluid for molten.ferrouschloride
[16:25:22] [Client thread/DEBUG] [FML/]: The fluid gregtech:molten.steel has been selected as the default fluid for molten.steel
[16:25:22] [Client thread/DEBUG] [FML/]: The fluid gregtech:ethanol has been selected as the default fluid for ethanol
[16:25:22] [Client thread/DEBUG] [FML/]: The fluid gregtech:sweettea has been selected as the default fluid for sweettea
[16:25:22] [Client thread/DEBUG] [FML/]: The fluid gregtech:hydrosulfuricacid has been selected as the default fluid for hydrosulfuricacid
[16:25:22] [Client thread/DEBUG] [FML/]: The fluid gregtech:molten.tin has been selected as the default fluid for molten.tin
[16:25:22] [Client thread/DEBUG] [FML/]: The fluid gregtech:vitaminsolution has been selected as the default fluid for vitaminsolution
[16:25:22] [Client thread/DEBUG] [FML/]: The fluid gregtech:dye.watermixed.blue has been selected as the default fluid for dye.watermixed.blue
[16:25:22] [Client thread/DEBUG] [FML/]: The fluid gregtech:sunfloweroil has been selected as the default fluid for sunfloweroil
[16:25:22] [Client thread/DEBUG] [FML/]: The fluid gregtech:molten.meteoricsteel has been selected as the default fluid for molten.meteoricsteel
[16:25:22] [Client thread/DEBUG] [FML/]: The fluid gregtech:potion.waterbreathing has been selected as the default fluid for potion.waterbreathing
[16:25:22] [Client thread/DEBUG] [FML/]: The fluid gregtech:latex has been selected as the default fluid for latex
[16:25:22] [Client thread/DEBUG] [FML/]: The fluid gregtech:potion.strength.long.lingering has been selected as the default fluid for potion.strength.long.lingering
[16:25:22] [Client thread/DEBUG] [FML/]: The fluid gregtech:dye.flower.green has been selected as the default fluid for dye.flower.green
[16:25:22] [Client thread/DEBUG] [FML/]: The fluid gregtech:fierytears has been selected as the default fluid for fierytears
[16:25:22] [Client thread/DEBUG] [FML/]: The fluid gregtech:cfoam.owned.blue has been selected as the default fluid for cfoam.owned.blue
[16:25:22] [Client thread/DEBUG] [FML/]: The fluid gregtech:protonplasma has been selected as the default fluid for protonplasma
[16:25:22] [Client thread/DEBUG] [FML/]: The fluid gregtech:molten.damascussteel has been selected as the default fluid for molten.damascussteel
[16:25:22] [Client thread/DEBUG] [FML/]: The fluid gregtech:potion.poison.splash has been selected as the default fluid for potion.poison.splash
[16:25:22] [Client thread/DEBUG] [FML/]: The fluid gregtech:rottendrink has been selected as the default fluid for rottendrink
[16:25:22] [Client thread/DEBUG] [FML/]: The fluid gregtech:honey has been selected as the default fluid for honey
[16:25:22] [Client thread/DEBUG] [FML/]: The fluid gregtech:bioethanol has been selected as the default fluid for bioethanol
[16:25:22] [Client thread/DEBUG] [FML/]: The fluid HTGT6:acidic_osmium_sollution has been selected as the default fluid for acidic_osmium_sollution
[16:25:22] [Client thread/DEBUG] [FML/]: The fluid gregtech:potion.poison.lingering has been selected as the default fluid for potion.poison.lingering
[16:25:22] [Client thread/DEBUG] [FML/]: The fluid gregtech:mead has been selected as the default fluid for mead
[16:25:22] [Client thread/DEBUG] [FML/]: The fluid gregtech:dye.flower.pink has been selected as the default fluid for dye.flower.pink
[16:25:22] [Client thread/DEBUG] [FML/]: The fluid gregtech:molten.glowstone has been selected as the default fluid for molten.glowstone
[16:25:22] [Client thread/DEBUG] [FML/]: The fluid gregtech:aquaticwaste has been selected as the default fluid for aquaticwaste
[16:25:22] [Client thread/DEBUG] [FML/]: The fluid gregtech:molten.mithril has been selected as the default fluid for molten.mithril
[16:25:22] [Client thread/DEBUG] [FML/]: The fluid gregtech:potion.health.strong.splash has been selected as the default fluid for potion.health.strong.splash
[16:25:22] [Client thread/DEBUG] [FML/]: The fluid gregtech:hotfryingoil has been selected as the default fluid for hotfryingoil
[16:25:22] [Client thread/DEBUG] [FML/]: The fluid gregtech:potion.diablosauce has been selected as the default fluid for potion.diablosauce
[16:25:22] [Client thread/DEBUG] [FML/]: The fluid gregtech:potion.health.lingering has been selected as the default fluid for potion.health.lingering
[16:25:22] [Client thread/DEBUG] [FML/]: The fluid gregtech:lemonsmoothie has been selected as the default fluid for lemonsmoothie
[16:25:22] [Client thread/DEBUG] [FML/]: The fluid gregtech:potion.cavejohnsonsgrenadejuice has been selected as the default fluid for potion.cavejohnsonsgrenadejuice
[16:25:22] [Client thread/DEBUG] [FML/]: The fluid gregtech:molten.glowstoneproteus has been selected as the default fluid for molten.glowstoneproteus
[16:25:22] [Client thread/DEBUG] [FML/]: The fluid gregtech:anti-carbon_13 has been selected as the default fluid for anti-carbon_13
[16:25:22] [Client thread/DEBUG] [FML/]: The fluid gregtech:limesmoothie has been selected as the default fluid for limesmoothie
[16:25:22] [Client thread/DEBUG] [FML/]: The fluid gregtech:limoncello has been selected as the default fluid for limoncello
[16:25:22] [Client thread/DEBUG] [FML/]: The fluid gregtech:biowaste has been selected as the default fluid for biowaste
[16:25:22] [Client thread/DEBUG] [FML/]: The fluid gregtech:diesel has been selected as the default fluid for diesel
[16:25:22] [Client thread/DEBUG] [FML/]: The fluid gregtech:dodecanechloride has been selected as the default fluid for dodecanechloride
[16:25:22] [Client thread/DEBUG] [FML/]: The fluid gregtech:potion.sake has been selected as the default fluid for potion.sake
[16:25:22] [Client thread/DEBUG] [FML/]: The fluid gregtech:purpledrink has been selected as the default fluid for purpledrink
[16:25:22] [Client thread/DEBUG] [FML/]: The fluid gregtech:molten.magnesiumchloride has been selected as the default fluid for molten.magnesiumchloride
[16:25:22] [Client thread/DEBUG] [FML/]: The fluid gregtech:biomass_flora has been selected as the default fluid for biomass_flora
[16:25:22] [Client thread/DEBUG] [FML/]: The fluid gregtech:potion.speed has been selected as the default fluid for potion.speed
[16:25:22] [Client thread/DEBUG] [FML/]: The fluid gregtech:applevinegar has been selected as the default fluid for applevinegar
[16:25:22] [Client thread/DEBUG] [FML/]: The fluid gregtech:molten.tritaniumelemental has been selected as the default fluid for molten.tritaniumelemental
[16:25:22] [Client thread/DEBUG] [FML/]: The fluid gregtech:whitegrapesmoothie has been selected as the default fluid for whitegrapesmoothie
[16:25:22] [Client thread/DEBUG] [FML/]: The fluid gregtech:papayasmoothie has been selected as the default fluid for papayasmoothie
[16:25:22] [Client thread/DEBUG] [FML/]: The fluid gregtech:binnie.mashrye has been selected as the default fluid for binnie.mashrye
[16:25:22] [Client thread/DEBUG] [FML/]: The fluid gregtech:bisphenol has been selected as the default fluid for bisphenol
[16:25:22] [Client thread/DEBUG] [FML/]: The fluid gregtech:cfoam.owned.purple has been selected as the default fluid for cfoam.owned.purple
[16:25:22] [Client thread/DEBUG] [FML/]: The fluid gregtech:grc.applecider0 has been selected as the default fluid for grc.applecider0
[16:25:22] [Client thread/DEBUG] [FML/]: The fluid gregtech:currantsmoothie has been selected as the default fluid for currantsmoothie
[16:25:22] [Client thread/DEBUG] [FML/]: The fluid gregtech:molten.cryolite has been selected as the default fluid for molten.cryolite
[16:25:22] [Client thread/DEBUG] [FML/]: The fluid gregtech:molten.carbon has been selected as the default fluid for molten.carbon
[16:25:22] [Client thread/DEBUG] [FML/]: The fluid gregtech:molten.strontium has been selected as the default fluid for molten.strontium
[16:25:22] [Client thread/DEBUG] [FML/]: The fluid gregtech:mscbasalmedium has been selected as the default fluid for mscbasalmedium
[16:25:22] [Client thread/DEBUG] [FML/]: The fluid gregtech:cfoam.gray has been selected as the default fluid for cfoam.gray
[16:25:22] [Client thread/DEBUG] [FML/]: The fluid gregtech:chocolatecream has been selected as the default fluid for chocolatecream
[16:25:22] [Client thread/DEBUG] [FML/]: The fluid gregtech:biomass_diluted has been selected as the default fluid for biomass_diluted
[16:25:22] [Client thread/DEBUG] [FML/]: The fluid HTGT6:palladium_sollution has been selected as the default fluid for palladium_sollution
[16:25:22] [Client thread/DEBUG] [FML/]: The fluid gregtech:milk has been selected as the default fluid for milk
[16:25:22] [Client thread/DEBUG] [FML/]: The fluid gregtech:molten.uranium has been selected as the default fluid for molten.uranium
[16:25:22] [Client thread/DEBUG] [FML/]: The fluid gregtech:molten.uranium238tetrafluoride has been selected as the default fluid for molten.uranium238tetrafluoride
[16:25:22] [Client thread/DEBUG] [FML/]: The fluid gregtech:molten.copper has been selected as the default fluid for molten.copper
[16:25:22] [Client thread/DEBUG] [FML/]: The fluid gregtech:krypton has been selected as the default fluid for krypton
[16:25:22] [Client thread/DEBUG] [FML/]: The fluid gregtech:maplesap has been selected as the default fluid for maplesap
[16:25:22] [Client thread/DEBUG] [FML/]: The fluid gregtech:binnie.juicebanana has been selected as the default fluid for binnie.juicebanana
[16:25:22] [Client thread/DEBUG] [FML/]: The fluid gregtech:anti-helium has been selected as the default fluid for anti-helium
[16:25:22] [Client thread/DEBUG] [FML/]: The fluid gregtech:potion.strength.strong.lingering has been selected as the default fluid for potion.strength.strong.lingering
[16:25:22] [Client thread/DEBUG] [FML/]: The fluid gregtech:cfoam.owned.brown has been selected as the default fluid for cfoam.owned.brown
[16:25:22] [Client thread/DEBUG] [FML/]: The fluid gregtech:coconutcream has been selected as the default fluid for coconutcream
[16:25:22] [Client thread/DEBUG] [FML/]: The fluid gregtech:dye.watermixed.black has been selected as the default fluid for dye.watermixed.black
[16:25:22] [Client thread/DEBUG] [FML/]: The fluid gregtech:heliumplasma has been selected as the default fluid for heliumplasma
[16:25:22] [Client thread/DEBUG] [FML/]: The fluid gregtech:medicine.laxative has been selected as the default fluid for medicine.laxative
[16:25:22] [Client thread/DEBUG] [FML/]: The fluid gregtech:molten.alumite has been selected as the default fluid for molten.alumite
[16:25:22] [Client thread/DEBUG] [FML/]: The fluid gregtech:molten.adamantium has been selected as the default fluid for molten.adamantium
[16:25:22] [Client thread/DEBUG] [FML/]: The fluid gregtech:plastic has been selected as the default fluid for plastic
[16:25:22] [Client thread/DEBUG] [FML/]: The fluid gregtech:stannicchloride has been selected as the default fluid for stannicchloride
[16:25:22] [Client thread/DEBUG] [FML/]: The fluid gregtech:molten.lithium6 has been selected as the default fluid for molten.lithium6
[16:25:22] [Client thread/DEBUG] [FML/]: The fluid gregtech:antiprotonplasma has been selected as the default fluid for antiprotonplasma
[16:25:22] [Client thread/DEBUG] [FML/]: The fluid gregtech:cactuswater has been selected as the default fluid for cactuswater
[16:25:22] [Client thread/DEBUG] [FML/]: The fluid gregtech:molten.cheese has been selected as the default fluid for molten.cheese
[16:25:22] [Client thread/DEBUG] [FML/]: The fluid gregtech:beer has been selected as the default fluid for beer
[16:25:22] [Client thread/DEBUG] [FML/]: The fluid gregtech:molten.waxrefractory has been selected as the default fluid for molten.waxrefractory
[16:25:22] [Client thread/DEBUG] [FML/]: The fluid gregtech:molten.voidmetal has been selected as the default fluid for molten.voidmetal
[16:25:22] [Client thread/DEBUG] [FML/]: The fluid gregtech:sulfuricacid has been selected as the default fluid for sulfuricacid
[16:25:22] [Client thread/DEBUG] [FML/]: The fluid gregtech:xenon has been selected as the default fluid for xenon
[16:25:22] [Client thread/DEBUG] [FML/]: The fluid gregtech:sfuel has been selected as the default fluid for sfuel
[16:25:22] [Client thread/DEBUG] [FML/]: The fluid gregtech:cfoam.purple has been selected as the default fluid for cfoam.purple
[16:25:22] [Client thread/DEBUG] [FML/]: The fluid gregtech:molten.draconiumawakened has been selected as the default fluid for molten.draconiumawakened
[16:25:22] [Client thread/DEBUG] [FML/]: The fluid gregtech:persimmonjuice has been selected as the default fluid for persimmonjuice
[16:25:22] [Client thread/DEBUG] [FML/]: The fluid gregtech:seawater has been selected as the default fluid for seawater
[16:25:22] [Client thread/DEBUG] [FML/]: The fluid gregtech:soda has been selected as the default fluid for soda
[16:25:22] [Client thread/DEBUG] [FML/]: The fluid gregtech:binnie.juiceelderberry has been selected as the default fluid for binnie.juiceelderberry
[16:25:22] [Client thread/DEBUG] [FML/]: The fluid gregtech:glass has been selected as the default fluid for glass
[16:25:22] [Client thread/DEBUG] [FML/]: The fluid gregtech:molten.sodiumcarbonate has been selected as the default fluid for molten.sodiumcarbonate
[16:25:22] [Client thread/DEBUG] [FML/]: The fluid gregtech:gooseberrysmoothie has been selected as the default fluid for gooseberrysmoothie
[16:25:22] [Client thread/DEBUG] [FML/]: The fluid gregtech:potion.speed.strong.splash has been selected as the default fluid for potion.speed.strong.splash
[16:25:22] [Client thread/DEBUG] [FML/]: The fluid gregtech:molten.glowstonepluto has been selected as the default fluid for molten.glowstonepluto
[16:25:22] [Client thread/DEBUG] [FML/]: The fluid gregtech:melonsmoothie has been selected as the default fluid for melonsmoothie
[16:25:22] [Client thread/DEBUG] [FML/]: The fluid gregtech:potion.slowness.long.splash has been selected as the default fluid for potion.slowness.long.splash
[16:25:22] [Client thread/DEBUG] [FML/]: The fluid gregtech:nutella has been selected as the default fluid for nutella
[16:25:22] [Client thread/DEBUG] [FML/]: The fluid gregtech:molten.bismuth has been selected as the default fluid for molten.bismuth
[16:25:22] [Client thread/DEBUG] [FML/]: The fluid gregtech:ic2biomass has been selected as the default fluid for ic2biomass
[16:25:22] [Client thread/DEBUG] [FML/]: The fluid gregtech:potion.coffee has been selected as the default fluid for potion.coffee
[16:25:22] [Client thread/DEBUG] [FML/]: The fluid gregtech:molten.potassium has been selected as the default fluid for molten.potassium
[16:25:22] [Client thread/DEBUG] [FML/]: The fluid gregtech:molten.caesium has been selected as the default fluid for molten.caesium
[16:25:22] [Client thread/DEBUG] [FML/]: The fluid gregtech:potion.waterbreathing.splash has been selected as the default fluid for potion.waterbreathing.splash
[16:25:22] [Client thread/DEBUG] [FML/]: The fluid gregtech:molten.waxbee has been selected as the default fluid for molten.waxbee
[16:25:22] [Client thread/DEBUG] [FML/]: The fluid gregtech:dye.flower.lightblue has been selected as the default fluid for dye.flower.lightblue
[16:25:22] [Client thread/DEBUG] [FML/]: The fluid gregtech:dye.chemical.orange has been selected as the default fluid for dye.chemical.orange
[16:25:22] [Client thread/DEBUG] [FML/]: The fluid gregtech:epichlorohydrin has been selected as the default fluid for epichlorohydrin
[16:25:22] [Client thread/DEBUG] [FML/]: The fluid gregtech:darkbeer has been selected as the default fluid for darkbeer
[16:25:22] [Client thread/DEBUG] [FML/]: The fluid gregtech:molten.vanadiummagnetite has been selected as the default fluid for molten.vanadiummagnetite
[16:25:22] [Client thread/DEBUG] [FML/]: The fluid gregtech:molten.moonstone has been selected as the default fluid for molten.moonstone
[16:25:22] [Client thread/DEBUG] [FML/]: The fluid gregtech:methylhydrolaurate has been selected as the default fluid for methylhydrolaurate
[16:25:22] [Client thread/DEBUG] [FML/]: The fluid gregtech:molten.invar has been selected as the default fluid for molten.invar
[16:25:22] [Client thread/DEBUG] [FML/]: The fluid gregtech:short.mead has been selected as the default fluid for short.mead
[16:25:22] [Client thread/DEBUG] [FML/]: The fluid gregtech:molten.aluminiumfluoride has been selected as the default fluid for molten.aluminiumfluoride
[16:25:22] [Client thread/DEBUG] [FML/]: The fluid gregtech:blackberrysmoothie has been selected as the default fluid for blackberrysmoothie
[16:25:22] [Client thread/DEBUG] [FML/]: The fluid gregtech:molten.rutile has been selected as the default fluid for molten.rutile
[16:25:22] [Client thread/DEBUG] [FML/]: The fluid gregtech:ionizedhelium has been selected as the default fluid for ionizedhelium
[16:25:22] [Client thread/DEBUG] [FML/]: The fluid gregtech:molten.magnesiumcarbonate has been selected as the default fluid for molten.magnesiumcarbonate
[16:25:22] [Client thread/DEBUG] [FML/]: The fluid gregtech:potion.jump.strong has been selected as the default fluid for potion.jump.strong
[16:25:22] [Client thread/DEBUG] [FML/]: The fluid gregtech:dye.watermixed.lightgray has been selected as the default fluid for dye.watermixed.lightgray
[16:25:22] [Client thread/DEBUG] [FML/]: The fluid gregtech:potion.invisibility.splash has been selected as the default fluid for potion.invisibility.splash
[16:25:22] [Client thread/DEBUG] [FML/]: The fluid gregtech:plumsmoothie has been selected as the default fluid for plumsmoothie
[16:25:22] [Client thread/DEBUG] [FML/]: The fluid gregtech:molten.chocolate has been selected as the default fluid for molten.chocolate
[16:25:22] [Client thread/DEBUG] [FML/]: The fluid gregtech:hotmoltentin has been selected as the default fluid for hotmoltentin
[16:25:22] [Client thread/DEBUG] [FML/]: The fluid gregtech:liquid_medium_oil has been selected as the default fluid for liquid_medium_oil
[16:25:22] [Client thread/DEBUG] [FML/]: The fluid gregtech:potion.poison.long has been selected as the default fluid for potion.poison.long
[16:25:22] [Client thread/DEBUG] [FML/]: The fluid gregtech:escherichiacoli has been selected as the default fluid for escherichiacoli
[16:25:22] [Client thread/DEBUG] [FML/]: The fluid gregtech:differentiationpromotingprotein_nervecell_gene has been selected as the default fluid for differentiationpromotingprotein_nervecell_gene
[16:25:22] [Client thread/DEBUG] [FML/]: The fluid gregtech:potion.strength.splash has been selected as the default fluid for potion.strength.splash
[16:25:22] [Client thread/DEBUG] [FML/]: The fluid gregtech:grapejuice has been selected as the default fluid for grapejuice
[16:25:22] [Client thread/DEBUG] [FML/]: The fluid gregtech:potion.awkward has been selected as the default fluid for potion.awkward
[16:25:22] [Client thread/DEBUG] [FML/]: The fluid gregtech:bbqsauce has been selected as the default fluid for bbqsauce
[16:25:22] [Client thread/DEBUG] [FML/]: The fluid gregtech:molten.naquadah has been selected as the default fluid for molten.naquadah
[16:25:22] [Client thread/DEBUG] [FML/]: The fluid gregtech:potion.jump.strong.splash has been selected as the default fluid for potion.jump.strong.splash
[16:25:22] [Client thread/DEBUG] [FML/]: The fluid gregtech:molten.ilmenite has been selected as the default fluid for molten.ilmenite
[16:25:22] [Client thread/DEBUG] [FML/]: The fluid gregtech:monochlorodecane has been selected as the default fluid for monochlorodecane
[16:25:22] [Client thread/DEBUG] [FML/]: The fluid gregtech:molten.enderium has been selected as the default fluid for molten.enderium
[16:25:22] [Client thread/DEBUG] [FML/]: The fluid gregtech:potion.idunsapplejuice has been selected as the default fluid for potion.idunsapplejuice
[16:25:22] [Client thread/DEBUG] [FML/]: The fluid gregtech:anti-nitrogen has been selected as the default fluid for anti-nitrogen
[16:25:22] [Client thread/DEBUG] [FML/]: The fluid gregtech:cfoam.cyan has been selected as the default fluid for cfoam.cyan
[16:25:22] [Client thread/DEBUG] [FML/]: The fluid gregtech:molten.marsstone has been selected as the default fluid for molten.marsstone
[16:25:22] [Client thread/DEBUG] [FML/]: The fluid gregtech:potion.weakness.lingering has been selected as the default fluid for potion.weakness.lingering
[16:25:22] [Client thread/DEBUG] [FML/]: The fluid gregtech:potion.jump.strong.lingering has been selected as the default fluid for potion.jump.strong.lingering
[16:25:22] [Client thread/DEBUG] [FML/]: The fluid gregtech:potion.diabolosauce has been selected as the default fluid for potion.diabolosauce
[16:25:22] [Client thread/DEBUG] [FML/]: The fluid gregtech:nitrogendioxide has been selected as the default fluid for nitrogendioxide
[16:25:22] [Client thread/DEBUG] [FML/]: The fluid gregtech:chlororhodiumacid has been selected as the default fluid for chlororhodiumacid
[16:25:22] [Client thread/DEBUG] [FML/]: The fluid gregtech:ethylmethylcarbonate has been selected as the default fluid for ethylmethylcarbonate
[16:25:22] [Client thread/DEBUG] [FML/]: The fluid gregtech:hotmoltensodium has been selected as the default fluid for hotmoltensodium
[16:25:22] [Client thread/DEBUG] [FML/]: The fluid gregtech:oil has been selected as the default fluid for oil
[16:25:22] [Client thread/DEBUG] [FML/]: The fluid gregtech:cfoam.lightgray has been selected as the default fluid for cfoam.lightgray
[16:25:22] [Client thread/DEBUG] [FML/]: The fluid gregtech:potion.damage.splash has been selected as the default fluid for potion.damage.splash
[16:25:22] [Client thread/DEBUG] [FML/]: The fluid gregtech:cfoam.brown has been selected as the default fluid for cfoam.brown
[16:25:22] [Client thread/DEBUG] [FML/]: The fluid gregtech:molten.sugar has been selected as the default fluid for molten.sugar
[16:25:22] [Client thread/DEBUG] [FML/]: The fluid gregtech:molten.brass has been selected as the default fluid for molten.brass
[16:25:22] [Client thread/DEBUG] [FML/]: The fluid gregtech:molten.antimony has been selected as the default fluid for molten.antimony
[16:25:22] [Client thread/DEBUG] [FML/]: The fluid gregtech:molten.schrabidium has been selected as the default fluid for molten.schrabidium
[16:25:22] [Client thread/DEBUG] [FML/]: The fluid gregtech:molten.spectreiron has been selected as the default fluid for molten.spectreiron
[16:25:22] [Client thread/DEBUG] [FML/]: The fluid gregtech:molten.stainlesssteel has been selected as the default fluid for molten.stainlesssteel
[16:25:22] [Client thread/DEBUG] [FML/]: The fluid gregtech:dnaextract has been selected as the default fluid for dnaextract
[16:25:22] [Client thread/DEBUG] [FML/]: The fluid gregtech:gasoil has been selected as the default fluid for gasoil
[16:25:22] [Client thread/DEBUG] [FML/]: The fluid gregtech:binnie.juiceapple has been selected as the default fluid for binnie.juiceapple
[16:25:22] [Client thread/DEBUG] [FML/]: The fluid gregtech:fluorine has been selected as the default fluid for fluorine
[16:25:22] [Client thread/DEBUG] [FML/]: The fluid gregtech:potion.poison.long.splash has been selected as the default fluid for potion.poison.long.splash
[16:25:22] [Client thread/DEBUG] [FML/]: The fluid gregtech:beetjuice has been selected as the default fluid for beetjuice
[16:25:22] [Client thread/DEBUG] [FML/]: The fluid gregtech:steam has been selected as the default fluid for steam
[16:25:22] [Client thread/DEBUG] [FML/]: The fluid gregtech:starfruitsmoothie has been selected as the default fluid for starfruitsmoothie
[16:25:22] [Client thread/DEBUG] [FML/]: The fluid gregtech:plasma.ionizedhydrogen has been selected as the default fluid for plasma.ionizedhydrogen
[16:25:22] [Client thread/DEBUG] [FML/]: The fluid gregtech:molten.nickel has been selected as the default fluid for molten.nickel
[16:25:22] [Client thread/DEBUG] [FML/]: The fluid gregtech:bacteria_differentiationpromotingproteinneuron has been selected as the default fluid for bacteria_differentiationpromotingproteinneuron
[16:25:22] [Client thread/DEBUG] [FML/]: The fluid gregtech:potion.darkcoffee has been selected as the default fluid for potion.darkcoffee
[16:25:22] [Client thread/DEBUG] [FML/]: The fluid gregtech:potion.strength.long has been selected as the default fluid for potion.strength.long
[16:25:22] [Client thread/DEBUG] [FML/]: The fluid gregtech:potion.mundane has been selected as the default fluid for potion.mundane
[16:25:22] [Client thread/DEBUG] [FML/]: The fluid gregtech:trichloromethane has been selected as the default fluid for trichloromethane
[16:25:22] [Client thread/DEBUG] [FML/]: The fluid gregtech:ice has been selected as the default fluid for ice
[16:25:22] [Client thread/DEBUG] [FML/]: The fluid gregtech:hottritiatedwater has been selected as the default fluid for hottritiatedwater
[16:25:22] [Client thread/DEBUG] [FML/]: The fluid gregtech:isoprene has been selected as the default fluid for isoprene
[16:25:22] [Client thread/DEBUG] [FML/]: The fluid gregtech:tritium has been selected as the default fluid for tritium
[16:25:22] [Client thread/DEBUG] [FML/]: The fluid gregtech:potion.health.strong.lingering has been selected as the default fluid for potion.health.strong.lingering
[16:25:22] [Client thread/DEBUG] [FML/]: The fluid gregtech:kiwijuice has been selected as the default fluid for kiwijuice
[16:25:22] [Client thread/DEBUG] [FML/]: The fluid gregtech:potion.regen.strong.lingering has been selected as the default fluid for potion.regen.strong.lingering
[16:25:22] [Client thread/DEBUG] [FML/]: The fluid gregtech:deuterium has been selected as the default fluid for deuterium
[16:25:22] [Client thread/DEBUG] [FML/]: The fluid gregtech:melonjuice has been selected as the default fluid for melonjuice
[16:25:22] [Client thread/DEBUG] [FML/]: The fluid gregtech:potion.fireresistance.splash has been selected as the default fluid for potion.fireresistance.splash
[16:25:22] [Client thread/DEBUG] [FML/]: The fluid gregtech:rainbowsap has been selected as the default fluid for rainbowsap
[16:25:22] [Client thread/DEBUG] [FML/]: The fluid gregtech:molten.aluminiumbrass has been selected as the default fluid for molten.aluminiumbrass
[16:25:22] [Client thread/DEBUG] [FML/]: The fluid gregtech:potion.diablosauce.strong has been selected as the default fluid for potion.diablosauce.strong
[16:25:22] [Client thread/DEBUG] [FML/]: The fluid gregtech:molten.redstonealloy has been selected as the default fluid for molten.redstonealloy
[16:25:22] [Client thread/DEBUG] [FML/]: The fluid gregtech:dye.flower.brown has been selected as the default fluid for dye.flower.brown
[16:25:22] [Client thread/DEBUG] [FML/]: The fluid gregtech:oxygenplasma has been selected as the default fluid for oxygenplasma
[16:25:22] [Client thread/DEBUG] [FML/]: The fluid gregtech:dye.watermixed.orange has been selected as the default fluid for dye.watermixed.orange
[16:25:22] [Client thread/DEBUG] [FML/]: The fluid gregtech:methane has been selected as the default fluid for methane
[16:25:22] [Client thread/DEBUG] [FML/]: The fluid gregtech:potion.speed.strong has been selected as the default fluid for potion.speed.strong
[16:25:22] [Client thread/DEBUG] [FML/]: The fluid gregtech:molten.cobaltbrass has been selected as the default fluid for molten.cobaltbrass
[16:25:22] [Client thread/DEBUG] [FML/]: The fluid gregtech:differentiationpromotingproteinneuron has been selected as the default fluid for differentiationpromotingproteinneuron
[16:25:22] [Client thread/DEBUG] [FML/]: The fluid gregtech:phenol has been selected as the default fluid for phenol
[16:25:22] [Client thread/DEBUG] [FML/]: The fluid gregtech:binnie.juiceplum has been selected as the default fluid for binnie.juiceplum
[16:25:22] [Client thread/DEBUG] [FML/]: The fluid gregtech:molten.ultimet has been selected as the default fluid for molten.ultimet
[16:25:22] [Client thread/DEBUG] [FML/]: The fluid gregtech:molten.darkthaumium has been selected as the default fluid for molten.darkthaumium
[16:25:22] [Client thread/DEBUG] [FML/]: The fluid gregtech:phosgen has been selected as the default fluid for phosgen
[16:25:22] [Client thread/DEBUG] [FML/]: The fluid gregtech:potion.waterbreathing.long has been selected as the default fluid for potion.waterbreathing.long
[16:25:22] [Client thread/DEBUG] [FML/]: The fluid gregtech:binnie.juiceapricot has been selected as the default fluid for binnie.juiceapricot
[16:25:22] [Client thread/DEBUG] [FML/]: The fluid gregtech:naphtha has been selected as the default fluid for naphtha
[16:25:22] [Client thread/DEBUG] [FML/]: The fluid gregtech:potion.regen.lingering has been selected as the default fluid for potion.regen.lingering
[16:25:22] [Client thread/DEBUG] [FML/]: The fluid gregtech:dye.watermixed.yellow has been selected as the default fluid for dye.watermixed.yellow
[16:25:22] [Client thread/DEBUG] [FML/]: The fluid gregtech:mixedester has been selected as the default fluid for mixedester
[16:25:22] [Client thread/DEBUG] [FML/]: The fluid gregtech:molten.alumina has been selected as the default fluid for molten.alumina
[16:25:22] [Client thread/DEBUG] [FML/]: The fluid gregtech:molten.coralium has been selected as the default fluid for molten.coralium
[16:25:22] [Client thread/DEBUG] [FML/]: The fluid gregtech:spoiledmilk has been selected as the default fluid for spoiledmilk
[16:25:22] [Client thread/DEBUG] [FML/]: The fluid gregtech:methanol has been selected as the default fluid for methanol
[16:25:22] [Client thread/DEBUG] [FML/]: The fluid gregtech:dye.watermixed.gray has been selected as the default fluid for dye.watermixed.gray
[16:25:22] [Client thread/DEBUG] [FML/]: The fluid gregtech:molten.manyullyn has been selected as the default fluid for molten.manyullyn
[16:25:22] [Client thread/DEBUG] [FML/]: The fluid gregtech:nitrofuel has been selected as the default fluid for nitrofuel
[16:25:22] [Client thread/DEBUG] [FML/]: The fluid gregtech:bananasmoothie has been selected as the default fluid for bananasmoothie
[16:25:22] [Client thread/DEBUG] [FML/]: The fluid gregtech:potion.weakness.long has been selected as the default fluid for potion.weakness.long
[16:25:22] [Client thread/DEBUG] [FML/]: The fluid gregtech:methanogens has been selected as the default fluid for methanogens
[16:25:22] [Client thread/DEBUG] [FML/]: The fluid gregtech:cfoam.black has been selected as the default fluid for cfoam.black
[16:25:22] [Client thread/DEBUG] [FML/]: The fluid gregtech:ricewater has been selected as the default fluid for ricewater
[16:25:22] [Client thread/DEBUG] [FML/]: The fluid gregtech:dye.watermixed.red has been selected as the default fluid for dye.watermixed.red
[16:25:22] [Client thread/DEBUG] [FML/]: The fluid gregtech:potion.tainted has been selected as the default fluid for potion.tainted
[16:25:22] [Client thread/DEBUG] [FML/]: The fluid gregtech:molten.magnesium has been selected as the default fluid for molten.magnesium
[16:25:22] [Client thread/DEBUG] [FML/]: The fluid gregtech:honeydew has been selected as the default fluid for honeydew
[16:25:22] [Client thread/DEBUG] [FML/]: The fluid gregtech:molten.angmallen has been selected as the default fluid for molten.angmallen
[16:25:22] [Client thread/DEBUG] [FML/]: The fluid gregtech:wheathopsmash has been selected as the default fluid for wheathopsmash
[16:25:22] [Client thread/DEBUG] [FML/]: The fluid gregtech:potion.nightvision.long.lingering has been selected as the default fluid for potion.nightvision.long.lingering
[16:25:22] [Client thread/DEBUG] [FML/]: The fluid gregtech:molten.tantalum has been selected as the default fluid for molten.tantalum
[16:25:22] [Client thread/DEBUG] [FML/]: The fluid gregtech:molten.fluorite has been selected as the default fluid for molten.fluorite
[16:25:22] [Client thread/DEBUG] [FML/]: The fluid gregtech:hopsmash has been selected as the default fluid for hopsmash
[16:25:22] [Client thread/DEBUG] [FML/]: The fluid gregtech:concrete has been selected as the default fluid for concrete
[16:25:22] [Client thread/DEBUG] [FML/]: The fluid gregtech:icetea has been selected as the default fluid for icetea
[16:25:22] [Client thread/DEBUG] [FML/]: The fluid gregtech:dye.watermixed.cyan has been selected as the default fluid for dye.watermixed.cyan
[16:25:22] [Client thread/DEBUG] [FML/]: The fluid gregtech:liquid_extra_heavy_oil has been selected as the default fluid for liquid_extra_heavy_oil
[16:25:22] [Client thread/DEBUG] [FML/]: The fluid gregtech:molten.gold has been selected as the default fluid for molten.gold
[16:25:22] [Client thread/DEBUG] [FML/]: The fluid gregtech:deoxyribonucleotide has been selected as the default fluid for deoxyribonucleotide
[16:25:22] [Client thread/DEBUG] [FML/]: The fluid gregtech:binnie.juiceredgrape has been selected as the default fluid for binnie.juiceredgrape
[16:25:22] [Client thread/DEBUG] [FML/]: The fluid gregtech:molten.bismuthbronze has been selected as the default fluid for molten.bismuthbronze
[16:25:22] [Client thread/DEBUG] [FML/]: The fluid gregtech:creosote has been selected as the default fluid for creosote
[16:25:22] [Client thread/DEBUG] [FML/]: The fluid gregtech:binnie.rumwhite has been selected as the default fluid for binnie.rumwhite
[16:25:22] [Client thread/DEBUG] [FML/]: The fluid gregtech:grc.grapewine0 has been selected as the default fluid for grc.grapewine0
[16:25:22] [Client thread/DEBUG] [FML/]: The fluid gregtech:potion.nightvision has been selected as the default fluid for potion.nightvision
[16:25:22] [Client thread/DEBUG] [FML/]: The fluid gregtech:binnie.juicetomato has been selected as the default fluid for binnie.juicetomato
[16:25:22] [Client thread/DEBUG] [FML/]: The fluid gregtech:binnie.juicecherry has been selected as the default fluid for binnie.juicecherry
[16:25:22] [Client thread/DEBUG] [FML/]: The fluid gregtech:potion.strength.strong.splash has been selected as the default fluid for potion.strength.strong.splash
[16:25:22] [Client thread/DEBUG] [FML/]: The fluid gregtech:binnie.mashwheat has been selected as the default fluid for binnie.mashwheat
[16:25:22] [Client thread/DEBUG] [FML/]: The fluid gregtech:binnie.winewhite has been selected as the default fluid for binnie.winewhite
[16:25:22] [Client thread/DEBUG] [FML/]: The fluid gregtech:potion.health.splash has been selected as the default fluid for potion.health.splash
[16:25:22] [Client thread/DEBUG] [FML/]: The fluid gregtech:spectral_dew has been selected as the default fluid for spectral_dew
[16:25:22] [Client thread/DEBUG] [FML/]: The fluid gregtech:grayvitriol has been selected as the default fluid for grayvitriol
[16:25:22] [Client thread/DEBUG] [FML/]: The fluid gregtech:potion.regen.long has been selected as the default fluid for potion.regen.long
[16:25:22] [Client thread/DEBUG] [FML/]: The fluid gregtech:ectoplasm has been selected as the default fluid for ectoplasm
[16:25:22] [Client thread/DEBUG] [FML/]: The fluid gregtech:molten.octine has been selected as the default fluid for molten.octine
[16:25:22] [Client thread/DEBUG] [FML/]: The fluid gregtech:liquid_heavy_oil has been selected as the default fluid for liquid_heavy_oil
[16:25:22] [Client thread/DEBUG] [FML/]: The fluid gregtech:cfoam.owned.magenta has been selected as the default fluid for cfoam.owned.magenta
[16:25:22] [Client thread/DEBUG] [FML/]: The fluid gregtech:heavywater has been selected as the default fluid for heavywater
[16:25:22] [Client thread/DEBUG] [FML/]: The fluid gregtech:potion.hotsauce has been selected as the default fluid for potion.hotsauce
[16:25:22] [Client thread/DEBUG] [FML/]: The fluid gregtech:ethyne has been selected as the default fluid for ethyne
[16:25:22] [Client thread/DEBUG] [FML/]: The fluid gregtech:yeast has been selected as the default fluid for yeast
[16:25:22] [Client thread/DEBUG] [FML/]: The fluid HTGT6:platiunum_sollution has been selected as the default fluid for platiunum_sollution
[16:25:22] [Client thread/INFO] [FML/]: [Client thread] Client side modded connection established
[16:25:22] [Client thread/INFO] [NEIAddons/]: Connected to new server, resetting commands
[16:25:22] [Server thread/INFO] [FML/]: [Server thread] Server side modded connection established
[16:25:22] [Server thread/DEBUG] [NotEnoughItems/]: Loading Player: Player156
[16:25:22] [Server thread/DEBUG] [NotEnoughItems/]: Sending serverside check to: Player156
[16:25:22] [Client thread/DEBUG] [FML/]: Overriding dimension: using 0
[16:25:24] [Client thread/DEBUG] [NotEnoughItems/]: Loading Local World
[16:25:24] [Client thread/DEBUG] [CCL ASM/]: Inserted super call into [net/minecraft/client/renderer/InventoryEffectRenderer.updateScreen()V]
[16:25:24] [Client thread/DEBUG] [CCL ASM/]: Injecting before method [net/minecraft/client/gui/inventory/GuiContainerCreative.func_147049_a(Lnet/minecraft/creativetab/CreativeTabs;II)Z]
[16:25:24] [Client thread/DEBUG] [CCL ASM/]: Injecting before method [net/minecraft/client/gui/inventory/GuiContainerCreative.renderCreativeInventoryHoveringText(Lnet/minecraft/creativetab/CreativeTabs;II)Z]
[16:25:24] [NEI Plugin Loader/DEBUG] [NotEnoughItems/]: Started NEI plugin loading
[16:25:24] [NEI Plugin Loader/DEBUG] [FML/]: Found a minecraft related directory at C:\Users\brawl\.gradle\caches\minecraft\net\minecraftforge\forge\1.7.10-10.13.4.1614-1.7.10\start, examining for codechicken classes
[16:25:24] [NEI Plugin Loader/DEBUG] [FML/]: Found a minecraft related file at C:\Users\brawl\Desktop\mods\HTGT-6\libs\GregTech6-Unofficial-dev.jar, examining for codechicken classes
[16:25:24] [Client thread/DEBUG] [NotEnoughItems/]: Searching for ïàë
[16:25:24] [Client thread/INFO] [NEIAddons/]: Received handshake from server
[16:25:24] [Client thread/INFO] [NEIAddons/]: Available server commands: 
[16:25:24] [NEI Plugin Loader/DEBUG] [FML/]: Found a minecraft related file at C:\Users\brawl\.gradle\caches\minecraft\net\minecraftforge\forge\1.7.10-10.13.4.1614-1.7.10\forgeSrc-1.7.10-10.13.4.1614-1.7.10.jar, examining for codechicken classes
[16:25:25] [NEI Plugin Loader/DEBUG] [FML/]: Found a minecraft related file at C:\Users\brawl\.gradle\caches\modules-2\files-2.1\net.minecraft\launchwrapper\1.12\111e7bea9c968cdb3d06ef4632bf7ff0824d0f36\launchwrapper-1.12.jar, examining for codechicken classes
[16:25:25] [NEI Plugin Loader/DEBUG] [FML/]: Found a minecraft related file at C:\Users\brawl\.gradle\caches\modules-2\files-2.1\com.google.code.findbugs\jsr305\1.3.9\40719ea6961c0cb6afaeb6a921eaa1f6afd4cfdf\jsr305-1.3.9.jar, examining for codechicken classes
[16:25:25] [NEI Plugin Loader/DEBUG] [FML/]: Found a minecraft related file at C:\Users\brawl\.gradle\caches\modules-2\files-2.1\org.ow2.asm\asm-debug-all\5.0.3\f9e364ae2a66ce2a543012a4668856e84e5dab74\asm-debug-all-5.0.3.jar, examining for codechicken classes
[16:25:25] [NEI Plugin Loader/DEBUG] [FML/]: Found a minecraft related file at C:\Users\brawl\.gradle\caches\modules-2\files-2.1\com.typesafe.akka\akka-actor_2.11\2.3.3\ed62e9fc709ca0f2ff1a3220daa8b70a2870078e\akka-actor_2.11-2.3.3.jar, examining for codechicken classes
[16:25:25] [NEI Plugin Loader/DEBUG] [FML/]: Found a minecraft related file at C:\Users\brawl\.gradle\caches\modules-2\files-2.1\com.typesafe\config\1.2.1\f771f71fdae3df231bcd54d5ca2d57f0bf93f467\config-1.2.1.jar, examining for codechicken classes
[16:25:25] [NEI Plugin Loader/DEBUG] [FML/]: Found a minecraft related file at C:\Users\brawl\.gradle\caches\modules-2\files-2.1\org.scala-lang\scala-actors-migration_2.11\1.1.0\dfa8bc42b181d5b9f1a5dd147f8ae308b893eb6f\scala-actors-migration_2.11-1.1.0.jar, examining for codechicken classes
[16:25:25] [NEI Plugin Loader/DEBUG] [FML/]: Found a minecraft related file at C:\Users\brawl\.gradle\caches\modules-2\files-2.1\org.scala-lang.plugins\scala-continuations-plugin_2.11.1\1.0.2\f361a3283452c57fa30c1ee69448995de23c60f7\scala-continuations-plugin_2.11.1-1.0.2.jar, examining for codechicken classes
[16:25:25] [NEI Plugin Loader/DEBUG] [FML/]: Found a minecraft related file at C:\Users\brawl\.gradle\caches\modules-2\files-2.1\org.scala-lang\scala-compiler\2.11.1\56ea2e6c025e0821f28d73ca271218b8dd04926a\scala-compiler-2.11.1.jar, examining for codechicken classes
[16:25:25] [NEI Plugin Loader/DEBUG] [FML/]: Found a minecraft related file at C:\Users\brawl\.gradle\caches\modules-2\files-2.1\org.scala-lang.plugins\scala-continuations-library_2.11\1.0.2\e517c53a7e9acd6b1668c5a35eccbaa3bab9aac\scala-continuations-library_2.11-1.0.2.jar, examining for codechicken classes
[16:25:25] [NEI Plugin Loader/DEBUG] [FML/]: Found a minecraft related file at C:\Users\brawl\.gradle\caches\modules-2\files-2.1\org.scala-lang\scala-reflect\2.11.1\6580347e61cc7f8e802941e7fde40fa83b8badeb\scala-reflect-2.11.1.jar, examining for codechicken classes
[16:25:25] [NEI Plugin Loader/DEBUG] [FML/]: Found a minecraft related file at C:\Users\brawl\.gradle\caches\modules-2\files-2.1\org.scala-lang\scala-actors\2.11.0\8ccfb6541de179bb1c4d45cf414acee069b7f78b\scala-actors-2.11.0.jar, examining for codechicken classes
[16:25:25] [NEI Plugin Loader/DEBUG] [FML/]: Found a minecraft related file at C:\Users\brawl\.gradle\caches\modules-2\files-2.1\org.scala-lang.modules\scala-xml_2.11\1.0.2\820fbca7e524b530fdadc594c39d49a21ea0337e\scala-xml_2.11-1.0.2.jar, examining for codechicken classes
[16:25:25] [NEI Plugin Loader/DEBUG] [FML/]: Found a minecraft related file at C:\Users\brawl\.gradle\caches\modules-2\files-2.1\org.scala-lang.modules\scala-parser-combinators_2.11\1.0.1\f05d7345bf5a58924f2837c6c1f4d73a938e1ff0\scala-parser-combinators_2.11-1.0.1.jar, examining for codechicken classes
[16:25:25] [NEI Plugin Loader/DEBUG] [FML/]: Found a minecraft related file at C:\Users\brawl\.gradle\caches\modules-2\files-2.1\org.scala-lang\scala-library\2.11.1\e11da23da3eabab9f4777b9220e60d44c1aab6a\scala-library-2.11.1.jar, examining for codechicken classes
[16:25:25] [NEI Plugin Loader/DEBUG] [FML/]: Found a minecraft related file at C:\Users\brawl\.gradle\caches\modules-2\files-2.1\org.scala-lang\scala-parser-combinators_2.11\1.0.1\f05d7345bf5a58924f2837c6c1f4d73a938e1ff0\scala-parser-combinators_2.11-1.0.1.jar, examining for codechicken classes
[16:25:25] [NEI Plugin Loader/DEBUG] [FML/]: Found a minecraft related file at C:\Users\brawl\.gradle\caches\modules-2\files-2.1\org.scala-lang\scala-swing_2.11\1.0.1\b1cdd92bd47b1e1837139c1c53020e86bb9112ae\scala-swing_2.11-1.0.1.jar, examining for codechicken classes
[16:25:25] [NEI Plugin Loader/DEBUG] [FML/]: Found a minecraft related file at C:\Users\brawl\.gradle\caches\modules-2\files-2.1\org.scala-lang\scala-xml_2.11\1.0.2\7a80ec00aec122fba7cd4e0d4cdd87ff7e4cb6d0\scala-xml_2.11-1.0.2.jar, examining for codechicken classes
[16:25:26] [NEI Plugin Loader/DEBUG] [FML/]: Found a minecraft related file at C:\Users\brawl\.gradle\caches\modules-2\files-2.1\net.sf.jopt-simple\jopt-simple\4.5\6065cc95c661255349c1d0756657be17c29a4fd3\jopt-simple-4.5.jar, examining for codechicken classes
[16:25:26] [NEI Plugin Loader/DEBUG] [FML/]: Found a minecraft related file at C:\Users\brawl\.gradle\caches\modules-2\files-2.1\lzma\lzma\0.0.1\521616dc7487b42bef0e803bd2fa3faf668101d7\lzma-0.0.1.jar, examining for codechicken classes
[16:25:26] [NEI Plugin Loader/DEBUG] [FML/]: Found a minecraft related file at C:\Users\brawl\.gradle\caches\modules-2\files-2.1\com.mojang\realms\1.3.5\807ae355ee63583becd7ea60e76aab1532bb42e\realms-1.3.5.jar, examining for codechicken classes
[16:25:26] [NEI Plugin Loader/DEBUG] [FML/]: Found a minecraft related file at C:\Users\brawl\.gradle\caches\modules-2\files-2.1\org.apache.commons\commons-compress\1.8.1\a698750c16740fd5b3871425f4cb3bbaa87f529d\commons-compress-1.8.1.jar, examining for codechicken classes
[16:25:26] [NEI Plugin Loader/DEBUG] [FML/]: Found a minecraft related file at C:\Users\brawl\.gradle\caches\modules-2\files-2.1\org.apache.httpcomponents\httpclient\4.3.3\18f4247ff4572a074444572cee34647c43e7c9c7\httpclient-4.3.3.jar, examining for codechicken classes
[16:25:26] [NEI Plugin Loader/DEBUG] [FML/]: Found a minecraft related file at C:\Users\brawl\.gradle\caches\modules-2\files-2.1\commons-logging\commons-logging\1.1.3\f6f66e966c70a83ffbdb6f17a0919eaf7c8aca7f\commons-logging-1.1.3.jar, examining for codechicken classes
[16:25:26] [NEI Plugin Loader/DEBUG] [FML/]: Found a minecraft related file at C:\Users\brawl\.gradle\caches\modules-2\files-2.1\org.apache.httpcomponents\httpcore\4.3.2\31fbbff1ddbf98f3aa7377c94d33b0447c646b6e\httpcore-4.3.2.jar, examining for codechicken classes
[16:25:26] [NEI Plugin Loader/DEBUG] [FML/]: Found a minecraft related file at C:\Users\brawl\.gradle\caches\modules-2\files-2.1\java3d\vecmath\1.3.1\a0ae4f51da409fa0c20fa0ca59e6bbc9413ae71d\vecmath-1.3.1.jar, examining for codechicken classes
[16:25:26] [NEI Plugin Loader/DEBUG] [FML/]: Found a minecraft related file at C:\Users\brawl\.gradle\caches\modules-2\files-2.1\net.sf.trove4j\trove4j\3.0.3\42ccaf4761f0dfdfa805c9e340d99a755907e2dd\trove4j-3.0.3.jar, examining for codechicken classes
[16:25:26] [NEI Plugin Loader/DEBUG] [FML/]: Found a minecraft related file at C:\Users\brawl\.gradle\caches\modules-2\files-2.1\com.ibm.icu\icu4j-core-mojang\51.2\63d216a9311cca6be337c1e458e587f99d382b84\icu4j-core-mojang-51.2.jar, examining for codechicken classes
[16:25:26] [NEI Plugin Loader/DEBUG] [FML/]: Found a minecraft related file at C:\Users\brawl\.gradle\caches\modules-2\files-2.1\com.paulscode\codecjorbis\20101023\c73b5636faf089d9f00e8732a829577de25237ee\codecjorbis-20101023.jar, examining for codechicken classes
[16:25:26] [NEI Plugin Loader/DEBUG] [FML/]: Found a minecraft related file at C:\Users\brawl\.gradle\caches\modules-2\files-2.1\com.paulscode\codecwav\20101023\12f031cfe88fef5c1dd36c563c0a3a69bd7261da\codecwav-20101023.jar, examining for codechicken classes
[16:25:26] [NEI Plugin Loader/DEBUG] [FML/]: Found a minecraft related file at C:\Users\brawl\.gradle\caches\modules-2\files-2.1\com.paulscode\libraryjavasound\20101123\5c5e304366f75f9eaa2e8cca546a1fb6109348b3\libraryjavasound-20101123.jar, examining for codechicken classes
[16:25:26] [NEI Plugin Loader/DEBUG] [FML/]: Found a minecraft related file at C:\Users\brawl\.gradle\caches\modules-2\files-2.1\com.paulscode\librarylwjglopenal\20100824\73e80d0794c39665aec3f62eee88ca91676674ef\librarylwjglopenal-20100824.jar, examining for codechicken classes
[16:25:26] [NEI Plugin Loader/DEBUG] [FML/]: Found a minecraft related file at C:\Users\brawl\.gradle\caches\modules-2\files-2.1\com.paulscode\soundsystem\20120107\419c05fe9be71f792b2d76cfc9b67f1ed0fec7f6\soundsystem-20120107.jar, examining for codechicken classes
[16:25:26] [NEI Plugin Loader/DEBUG] [FML/]: Found a minecraft related file at C:\Users\brawl\.gradle\caches\modules-2\files-2.1\io.netty\netty-all\4.0.10.Final\9e50bd52ffe257a0e2cd8d971688d6ce7d174325\netty-all-4.0.10.Final.jar, examining for codechicken classes
[16:25:26] [NEI Plugin Loader/DEBUG] [FML/]: Found a minecraft related file at C:\Users\brawl\.gradle\caches\modules-2\files-2.1\com.mojang\authlib\1.5.16\ef1582b11fd0943d069cdcb72e99008ac209a283\authlib-1.5.16.jar, examining for codechicken classes
[16:25:26] [NEI Plugin Loader/DEBUG] [FML/]: Found a minecraft related file at C:\Users\brawl\.gradle\caches\modules-2\files-2.1\com.google.guava\guava\17.0\9c6ef172e8de35fd8d4d8783e4821e57cdef7445\guava-17.0.jar, examining for codechicken classes
[16:25:26] [NEI Plugin Loader/DEBUG] [FML/]: Found a minecraft related file at C:\Users\brawl\.gradle\caches\modules-2\files-2.1\org.apache.commons\commons-lang3\3.3.2\90a3822c38ec8c996e84c16a3477ef632cbc87a3\commons-lang3-3.3.2.jar, examining for codechicken classes
[16:25:26] [NEI Plugin Loader/DEBUG] [FML/]: Found a minecraft related file at C:\Users\brawl\.gradle\caches\modules-2\files-2.1\commons-io\commons-io\2.4\b1b6ea3b7e4aa4f492509a4952029cd8e48019ad\commons-io-2.4.jar, examining for codechicken classes
[16:25:26] [NEI Plugin Loader/DEBUG] [FML/]: Found a minecraft related file at C:\Users\brawl\.gradle\caches\modules-2\files-2.1\commons-codec\commons-codec\1.9\9ce04e34240f674bc72680f8b843b1457383161a\commons-codec-1.9.jar, examining for codechicken classes
[16:25:26] [NEI Plugin Loader/DEBUG] [FML/]: Found a minecraft related file at C:\Users\brawl\.gradle\caches\modules-2\files-2.1\org.lwjgl.lwjgl\lwjgl_util\2.9.1\290d7ba8a1bd9566f5ddf16ad06f09af5ec9b20e\lwjgl_util-2.9.1.jar, examining for codechicken classes
[16:25:26] [NEI Plugin Loader/DEBUG] [FML/]: Found a minecraft related file at C:\Users\brawl\.gradle\caches\modules-2\files-2.1\org.lwjgl.lwjgl\lwjgl\2.9.1\f58c5aabcef0e41718a564be9f8e412fff8db847\lwjgl-2.9.1.jar, examining for codechicken classes
[16:25:26] [NEI Plugin Loader/DEBUG] [FML/]: Found a minecraft related file at C:\Users\brawl\.gradle\caches\modules-2\files-2.1\net.java.jinput\jinput\2.0.5\39c7796b469a600f72380316f6b1f11db6c2c7c4\jinput-2.0.5.jar, examining for codechicken classes
[16:25:26] [NEI Plugin Loader/DEBUG] [FML/]: Found a minecraft related file at C:\Users\brawl\.gradle\caches\modules-2\files-2.1\net.java.jutils\jutils\1.0.0\e12fe1fda814bd348c1579329c86943d2cd3c6a6\jutils-1.0.0.jar, examining for codechicken classes
[16:25:26] [NEI Plugin Loader/DEBUG] [FML/]: Found a minecraft related file at C:\Users\brawl\.gradle\caches\modules-2\files-2.1\com.google.code.gson\gson\2.2.4\a60a5e993c98c864010053cb901b7eab25306568\gson-2.2.4.jar, examining for codechicken classes
[16:25:26] [NEI Plugin Loader/DEBUG] [FML/]: Found a minecraft related file at C:\Users\brawl\.gradle\caches\modules-2\files-2.1\org.apache.logging.log4j\log4j-core\2.0-beta9\678861ba1b2e1fccb594bb0ca03114bb05da9695\log4j-core-2.0-beta9.jar, examining for codechicken classes
[16:25:26] [NEI Plugin Loader/DEBUG] [FML/]: Found a minecraft related file at C:\Users\brawl\.gradle\caches\modules-2\files-2.1\org.apache.logging.log4j\log4j-api\2.0-beta9\1dd66e68cccd907880229f9e2de1314bd13ff785\log4j-api-2.0-beta9.jar, examining for codechicken classes
[16:25:26] [NEI Plugin Loader/DEBUG] [FML/]: Found a minecraft related file at C:\Users\brawl\.gradle\caches\modules-2\files-2.1\tv.twitch\twitch\5.16\1f55f009c61637c10c0acfb8b5ffc600f30044b4\twitch-5.16.jar, examining for codechicken classes
[16:25:26] [NEI Plugin Loader/DEBUG] [FML/]: Found a minecraft related file at C:\Users\brawl\.gradle\caches\modules-2\files-2.1\net.java.jinput\jinput-platform\2.0.5\7ff832a6eb9ab6a767f1ade2b548092d0fa64795\jinput-platform-2.0.5-natives-linux.jar, examining for codechicken classes
[16:25:26] [NEI Plugin Loader/DEBUG] [FML/]: Found a minecraft related file at C:\Users\brawl\.gradle\caches\modules-2\files-2.1\net.java.jinput\jinput-platform\2.0.5\385ee093e01f587f30ee1c8a2ee7d408fd732e16\jinput-platform-2.0.5-natives-windows.jar, examining for codechicken classes
[16:25:26] [NEI Plugin Loader/DEBUG] [FML/]: Found a minecraft related file at C:\Users\brawl\.gradle\caches\modules-2\files-2.1\net.java.jinput\jinput-platform\2.0.5\53f9c919f34d2ca9de8c51fc4e1e8282029a9232\jinput-platform-2.0.5-natives-osx.jar, examining for codechicken classes
[16:25:26] [NEI Plugin Loader/DEBUG] [FML/]: Found a minecraft related file at C:\Users\brawl\.gradle\caches\modules-2\files-2.1\tv.twitch\twitch-platform\5.16\7c6affe439099806a4f552da14c42f9d643d8b23\twitch-platform-5.16-natives-windows-32.jar, examining for codechicken classes
[16:25:26] [Client thread/INFO] [NotEnoughItems/]: Loading bookmarks from file .\saves\NEI\global\bookmarks.ini
[16:25:26] [NEI Plugin Loader/DEBUG] [FML/]: Found a minecraft related file at C:\Users\brawl\.gradle\caches\modules-2\files-2.1\tv.twitch\twitch-platform\5.16\39d0c3d363735b4785598e0e7fbf8297c706a9f9\twitch-platform-5.16-natives-windows-64.jar, examining for codechicken classes
[16:25:26] [NEI Plugin Loader/DEBUG] [FML/]: Found a minecraft related file at C:\Users\brawl\.gradle\caches\modules-2\files-2.1\tv.twitch\twitch-platform\5.16\62503ee712766cf77f97252e5902786fd834b8c5\twitch-platform-5.16-natives-osx.jar, examining for codechicken classes
[16:25:26] [NEI Plugin Loader/DEBUG] [FML/]: Found a minecraft related file at C:\Users\brawl\.gradle\caches\modules-2\files-2.1\tv.twitch\twitch-external-platform\4.5\18215140f010c05b9f86ef6f0f8871954d2ccebf\twitch-external-platform-4.5-natives-windows-32.jar, examining for codechicken classes
[16:25:26] [NEI Plugin Loader/DEBUG] [FML/]: Found a minecraft related file at C:\Users\brawl\.gradle\caches\modules-2\files-2.1\tv.twitch\twitch-external-platform\4.5\c3cde57891b935d41b6680a9c5e1502eeab76d86\twitch-external-platform-4.5-natives-windows-64.jar, examining for codechicken classes
[16:25:26] [NEI Plugin Loader/DEBUG] [FML/]: Found a minecraft related file at C:\Users\brawl\.gradle\caches\modules-2\files-2.1\org.lwjgl.lwjgl\lwjgl-platform\2.9.1\4c517eca808522457dd95ee8fc1fbcdbb602efbe\lwjgl-platform-2.9.1-natives-windows.jar, examining for codechicken classes
[16:25:26] [NEI Plugin Loader/DEBUG] [FML/]: Found a minecraft related file at C:\Users\brawl\.gradle\caches\modules-2\files-2.1\org.lwjgl.lwjgl\lwjgl-platform\2.9.1\aa9aae879af8eb378e22cfc64db56ec2ca9a44d1\lwjgl-platform-2.9.1-natives-linux.jar, examining for codechicken classes
[16:25:26] [NEI Plugin Loader/DEBUG] [FML/]: Found a minecraft related file at C:\Users\brawl\.gradle\caches\modules-2\files-2.1\org.lwjgl.lwjgl\lwjgl-platform\2.9.1\2d12c83fdfbc04ecabf02c7bc8cc54d034f0daac\lwjgl-platform-2.9.1-natives-osx.jar, examining for codechicken classes
[16:25:26] [NEI Plugin Loader/DEBUG] [FML/]: Found a minecraft related file at C:\Users\brawl\Desktop\mods\HTGT-6\build\libs\HiTech6_V_1.0.4_Build_.jar, examining for codechicken classes
[16:25:27] [NEI Plugin Loader/DEBUG] [FML/]: Found a minecraft related file at C:\Users\brawl\Desktop\mods\HTGT-6\run\.\mods\1.7.10\CodeChickenLib-1.1.6-dev.jar, examining for codechicken classes
[16:25:27] [NEI Plugin Loader/DEBUG] [FML/]: Found a minecraft related file at C:\Users\brawl\Desktop\mods\HTGT-6\run\mods\1.7.10\CodeChickenLib-1.1.6-dev.jar, examining for codechicken classes
[16:25:27] [NEI Plugin Loader/DEBUG] [FML/]: Found a minecraft related file at C:\Users\brawl\Desktop\mods\HTGT-6\run\mods\IC2Classic-1.7.10-1.2.5 (1).jar, examining for codechicken classes
[16:25:27] [NEI Plugin Loader/DEBUG] [FML/]: Found a minecraft related file at C:\Users\brawl\Desktop\mods\HTGT-6\run\mods\neiaddons-1.12.15.41-mc1.7.10.jar, examining for codechicken classes
[16:25:27] [NEI Plugin Loader/DEBUG] [FML/]: Found a minecraft related file at C:\Users\brawl\Desktop\mods\HTGT-6\run\mods\NEIIntegration-MC1.7.10-1.1.2.jar, examining for codechicken classes
[16:25:27] [NEI Plugin Loader/DEBUG] [NotEnoughItems/]: Loaded gregapi.NEI_GT_API_Config
[16:25:27] [NEI Plugin Loader/DEBUG] [NotEnoughItems/]: Loaded net.bdew.neiaddons.NEIAddonsConfig
[16:25:27] [NEI Plugin Loader/INFO] [neiintegration/]: Loading integration: Minecraft / Forge
[16:25:27] [NEI Plugin Loader/DEBUG] [NotEnoughItems/]: Loaded tonius.neiintegration.NEIConfig
[16:25:27] [NEI Plugin Loader/INFO] [NotEnoughItems/]: Loading catalyst info from JAR
[16:25:27] [NEI Plugin Loader/TRACE] [FML/]: Unable to find item with name IC2:blockMachine3
[16:25:27] [NEI Plugin Loader/DEBUG] [NotEnoughItems/]: Couldn't find ItemStack IC2:blockMachine3:1
[16:25:27] [NEI Plugin Loader/TRACE] [FML/]: Unable to find item with name IC2:blockMachine3
[16:25:27] [NEI Plugin Loader/DEBUG] [NotEnoughItems/]: Couldn't find ItemStack IC2:blockMachine3:2
[16:25:27] [NEI Plugin Loader/TRACE] [FML/]: Unable to find item with name IC2:blockMachine3
[16:25:27] [NEI Plugin Loader/DEBUG] [NotEnoughItems/]: Couldn't find ItemStack IC2:blockMachine3:8
[16:25:27] [NEI Plugin Loader/DEBUG] [NotEnoughItems/]: NEI plugin loading finished
[16:25:36] [Client thread/DEBUG] [NotEnoughItems/]: Searching for @
[16:25:37] [Client thread/DEBUG] [NotEnoughItems/]: Searching for @H
[16:25:37] [Client thread/DEBUG] [NotEnoughItems/]: Searching for @HY
[16:25:37] [Client thread/DEBUG] [NotEnoughItems/]: Searching for @H
[16:25:37] [Client thread/DEBUG] [NotEnoughItems/]: Searching for @HT
[16:25:38] [Client thread/DEBUG] [NotEnoughItems/]: Searching for @HTG
[16:25:38] [Client thread/DEBUG] [NotEnoughItems/]: Searching for @HTGT
[16:25:38] [Client thread/DEBUG] [NotEnoughItems/]: Searching for @HTGT6
[16:25:53] [Server thread/DEBUG] [FML/]: Gathering id map for writing to world save Íîâûé ìèğ
[16:25:53] [Server thread/TRACE] [gregapi/gregapi]: Sending event FMLServerStoppingEvent to mod gregapi
[16:25:53] [Server thread/TRACE] [gregapi/gregapi]: Sent event FMLServerStoppingEvent to mod gregapi
[16:25:53] [Server thread/DEBUG] [FML/]: Bar Step: ServerStopping - Greg-API took 0,009s
[16:25:53] [Server thread/TRACE] [mcp/mcp]: Sending event FMLServerStoppingEvent to mod mcp
[16:25:53] [Server thread/TRACE] [mcp/mcp]: Sent event FMLServerStoppingEvent to mod mcp
[16:25:53] [Server thread/DEBUG] [FML/]: Bar Step: ServerStopping - Minecraft Coder Pack took 0,000s
[16:25:53] [Server thread/TRACE] [FML/FML]: Sending event FMLServerStoppingEvent to mod FML
[16:25:53] [Server thread/TRACE] [FML/FML]: Sent event FMLServerStoppingEvent to mod FML
[16:25:53] [Server thread/DEBUG] [FML/]: Bar Step: ServerStopping - Forge Mod Loader took 0,000s
[16:25:53] [Server thread/TRACE] [Forge/Forge]: Sending event FMLServerStoppingEvent to mod Forge
[16:25:53] [Server thread/TRACE] [Forge/Forge]: Sent event FMLServerStoppingEvent to mod Forge
[16:25:53] [Server thread/DEBUG] [FML/]: Bar Step: ServerStopping - Minecraft Forge took 0,000s
[16:25:53] [Server thread/TRACE] [CodeChickenCore/CodeChickenCore]: Sending event FMLServerStoppingEvent to mod CodeChickenCore
[16:25:53] [Server thread/TRACE] [CodeChickenCore/CodeChickenCore]: Sent event FMLServerStoppingEvent to mod CodeChickenCore
[16:25:53] [Server thread/DEBUG] [FML/]: Bar Step: ServerStopping - CodeChicken Core took 0,000s
[16:25:53] [Server thread/TRACE] [NotEnoughItems/NotEnoughItems]: Sending event FMLServerStoppingEvent to mod NotEnoughItems
[16:25:53] [Server thread/TRACE] [NotEnoughItems/NotEnoughItems]: Sent event FMLServerStoppingEvent to mod NotEnoughItems
[16:25:53] [Server thread/DEBUG] [FML/]: Bar Step: ServerStopping - NotEnoughItems took 0,000s
[16:25:53] [Server thread/TRACE] [GT_ASM/GT_ASM]: Sending event FMLServerStoppingEvent to mod GT_ASM
[16:25:53] [Server thread/TRACE] [GT_ASM/GT_ASM]: Sent event FMLServerStoppingEvent to mod GT_ASM
[16:25:53] [Server thread/DEBUG] [FML/]: Bar Step: ServerStopping - Greg-ASM® took 0,000s
[16:25:53] [Server thread/TRACE] [IC2/IC2]: Sending event FMLServerStoppingEvent to mod IC2
[16:25:53] [Server thread/TRACE] [IC2/IC2]: Sent event FMLServerStoppingEvent to mod IC2
[16:25:53] [Server thread/DEBUG] [FML/]: Bar Step: ServerStopping - Industrial Craft Classic took 0,000s
[16:25:53] [Server thread/TRACE] [IC2-Classic-Spmod/IC2-Classic-Spmod]: Sending event FMLServerStoppingEvent to mod IC2-Classic-Spmod
[16:25:53] [Server thread/TRACE] [IC2-Classic-Spmod/IC2-Classic-Spmod]: Sent event FMLServerStoppingEvent to mod IC2-Classic-Spmod
[16:25:53] [Server thread/DEBUG] [FML/]: Bar Step: ServerStopping - IC2 Classic Detection Helper took 0,000s
[16:25:53] [Server thread/TRACE] [NEIAddons/NEIAddons]: Sending event FMLServerStoppingEvent to mod NEIAddons
[16:25:53] [Server thread/TRACE] [NEIAddons/NEIAddons]: Sent event FMLServerStoppingEvent to mod NEIAddons
[16:25:53] [Server thread/DEBUG] [FML/]: Bar Step: ServerStopping - NEI Addons took 0,000s
[16:25:53] [Server thread/TRACE] [NEIAddons|Developer/NEIAddons|Developer]: Sending event FMLServerStoppingEvent to mod NEIAddons|Developer
[16:25:53] [Server thread/TRACE] [NEIAddons|Developer/NEIAddons|Developer]: Sent event FMLServerStoppingEvent to mod NEIAddons|Developer
[16:25:53] [Server thread/DEBUG] [FML/]: Bar Step: ServerStopping - NEI Addons: Developer Tools took 0,000s
[16:25:53] [Server thread/TRACE] [NEIAddons|AppEng/NEIAddons|AppEng]: Sending event FMLServerStoppingEvent to mod NEIAddons|AppEng
[16:25:53] [Server thread/TRACE] [NEIAddons|AppEng/NEIAddons|AppEng]: Sent event FMLServerStoppingEvent to mod NEIAddons|AppEng
[16:25:53] [Server thread/DEBUG] [FML/]: Bar Step: ServerStopping - NEI Addons: Applied Energistics 2 took 0,000s
[16:25:53] [Server thread/TRACE] [NEIAddons|Botany/NEIAddons|Botany]: Sending event FMLServerStoppingEvent to mod NEIAddons|Botany
[16:25:53] [Server thread/TRACE] [NEIAddons|Botany/NEIAddons|Botany]: Sent event FMLServerStoppingEvent to mod NEIAddons|Botany
[16:25:53] [Server thread/DEBUG] [FML/]: Bar Step: ServerStopping - NEI Addons: Botany took 0,000s
[16:25:53] [Server thread/TRACE] [NEIAddons|Forestry/NEIAddons|Forestry]: Sending event FMLServerStoppingEvent to mod NEIAddons|Forestry
[16:25:53] [Server thread/TRACE] [NEIAddons|Forestry/NEIAddons|Forestry]: Sent event FMLServerStoppingEvent to mod NEIAddons|Forestry
[16:25:53] [Server thread/DEBUG] [FML/]: Bar Step: ServerStopping - NEI Addons: Forestry took 0,000s
[16:25:53] [Server thread/TRACE] [NEIAddons|CraftingTables/NEIAddons|CraftingTables]: Sending event FMLServerStoppingEvent to mod NEIAddons|CraftingTables
[16:25:53] [Server thread/TRACE] [NEIAddons|CraftingTables/NEIAddons|CraftingTables]: Sent event FMLServerStoppingEvent to mod NEIAddons|CraftingTables
[16:25:53] [Server thread/DEBUG] [FML/]: Bar Step: ServerStopping - NEI Addons: Crafting Tables took 0,000s
[16:25:53] [Server thread/TRACE] [NEIAddons|ExNihilo/NEIAddons|ExNihilo]: Sending event FMLServerStoppingEvent to mod NEIAddons|ExNihilo
[16:25:53] [Server thread/TRACE] [NEIAddons|ExNihilo/NEIAddons|ExNihilo]: Sent event FMLServerStoppingEvent to mod NEIAddons|ExNihilo
[16:25:53] [Server thread/DEBUG] [FML/]: Bar Step: ServerStopping - NEI Addons: Ex Nihilo took 0,000s
[16:25:53] [Server thread/TRACE] [neiintegration/neiintegration]: Sending event FMLServerStoppingEvent to mod neiintegration
[16:25:53] [Server thread/TRACE] [neiintegration/neiintegration]: Sent event FMLServerStoppingEvent to mod neiintegration
[16:25:53] [Server thread/DEBUG] [FML/]: Bar Step: ServerStopping - NEI Integration took 0,000s
[16:25:53] [Server thread/TRACE] [HTGT6/HTGT6]: Sending event FMLServerStoppingEvent to mod HTGT6
[16:25:53] [Server thread/TRACE] [HTGT6/HTGT6]: Sent event FMLServerStoppingEvent to mod HTGT6
[16:25:53] [Server thread/DEBUG] [FML/]: Bar Step: ServerStopping - HTGT6 took 0,000s
[16:25:53] [Server thread/TRACE] [gregapi_post/gregapi_post]: Sending event FMLServerStoppingEvent to mod gregapi_post
[16:25:53] [Server thread/TRACE] [gregapi_post/gregapi_post]: Sent event FMLServerStoppingEvent to mod gregapi_post
[16:25:53] [Server thread/DEBUG] [FML/]: Bar Step: ServerStopping - Greg-API-Post took 0,000s
[16:25:53] [Server thread/TRACE] [gregtech/gregtech]: Sending event FMLServerStoppingEvent to mod gregtech
[16:25:54] [Server thread/TRACE] [gregtech/gregtech]: Sent event FMLServerStoppingEvent to mod gregtech
[16:25:54] [Server thread/DEBUG] [FML/]: Bar Step: ServerStopping - GregTech 6 Unofficial took 0,532s
[16:25:54] [Server thread/DEBUG] [FML/]: Bar Finished: ServerStopping took 0,544s
[16:25:54] [Server thread/DEBUG] [FML/]: Gathering id map for writing to world save Íîâûé ìèğ
[16:25:54] [Server thread/INFO] [FML/]: Unloading dimension 0
[16:25:54] [Server thread/INFO] [FML/]: Unloading dimension -1
[16:25:54] [Server thread/INFO] [FML/]: Unloading dimension 1
[16:25:54] [Server thread/DEBUG] [FML/]: Reverting to frozen data state.
[16:25:54] [Server thread/TRACE] [gregapi/gregapi]: Sending event FMLModIdMappingEvent to mod gregapi
[16:25:56] [Server thread/TRACE] [gregapi/gregapi]: Sent event FMLModIdMappingEvent to mod gregapi
[16:25:56] [Server thread/DEBUG] [FML/]: Bar Step: ModIdMapping - Greg-API took 1,992s
[16:25:56] [Server thread/TRACE] [mcp/mcp]: Sending event FMLModIdMappingEvent to mod mcp
[16:25:56] [Server thread/TRACE] [mcp/mcp]: Sent event FMLModIdMappingEvent to mod mcp
[16:25:56] [Server thread/DEBUG] [FML/]: Bar Step: ModIdMapping - Minecraft Coder Pack took 0,000s
[16:25:56] [Server thread/TRACE] [FML/FML]: Sending event FMLModIdMappingEvent to mod FML
[16:25:56] [Server thread/TRACE] [FML/FML]: Sent event FMLModIdMappingEvent to mod FML
[16:25:56] [Server thread/DEBUG] [FML/]: Bar Step: ModIdMapping - Forge Mod Loader took 0,000s
[16:25:56] [Server thread/TRACE] [Forge/Forge]: Sending event FMLModIdMappingEvent to mod Forge
[16:25:56] [Server thread/TRACE] [Forge/Forge]: Sent event FMLModIdMappingEvent to mod Forge
[16:25:56] [Server thread/DEBUG] [FML/]: Bar Step: ModIdMapping - Minecraft Forge took 0,032s
[16:25:56] [Server thread/TRACE] [CodeChickenCore/CodeChickenCore]: Sending event FMLModIdMappingEvent to mod CodeChickenCore
[16:25:56] [Server thread/TRACE] [CodeChickenCore/CodeChickenCore]: Sent event FMLModIdMappingEvent to mod CodeChickenCore
[16:25:56] [Server thread/DEBUG] [FML/]: Bar Step: ModIdMapping - CodeChicken Core took 0,000s
[16:25:56] [Server thread/TRACE] [NotEnoughItems/NotEnoughItems]: Sending event FMLModIdMappingEvent to mod NotEnoughItems
[16:25:56] [Server thread/TRACE] [NotEnoughItems/NotEnoughItems]: Sent event FMLModIdMappingEvent to mod NotEnoughItems
[16:25:56] [Server thread/DEBUG] [FML/]: Bar Step: ModIdMapping - NotEnoughItems took 0,000s
[16:25:56] [Server thread/TRACE] [GT_ASM/GT_ASM]: Sending event FMLModIdMappingEvent to mod GT_ASM
[16:25:56] [Server thread/TRACE] [GT_ASM/GT_ASM]: Sent event FMLModIdMappingEvent to mod GT_ASM
[16:25:56] [Server thread/DEBUG] [FML/]: Bar Step: ModIdMapping - Greg-ASM® took 0,000s
[16:25:56] [Server thread/TRACE] [IC2/IC2]: Sending event FMLModIdMappingEvent to mod IC2
[16:25:56] [Server thread/TRACE] [IC2/IC2]: Sent event FMLModIdMappingEvent to mod IC2
[16:25:56] [Server thread/DEBUG] [FML/]: Bar Step: ModIdMapping - Industrial Craft Classic took 0,000s
[16:25:56] [Server thread/TRACE] [IC2-Classic-Spmod/IC2-Classic-Spmod]: Sending event FMLModIdMappingEvent to mod IC2-Classic-Spmod
[16:25:56] [Server thread/TRACE] [IC2-Classic-Spmod/IC2-Classic-Spmod]: Sent event FMLModIdMappingEvent to mod IC2-Classic-Spmod
[16:25:56] [Server thread/DEBUG] [FML/]: Bar Step: ModIdMapping - IC2 Classic Detection Helper took 0,000s
[16:25:56] [Server thread/TRACE] [NEIAddons/NEIAddons]: Sending event FMLModIdMappingEvent to mod NEIAddons
[16:25:56] [Server thread/TRACE] [NEIAddons/NEIAddons]: Sent event FMLModIdMappingEvent to mod NEIAddons
[16:25:56] [Server thread/DEBUG] [FML/]: Bar Step: ModIdMapping - NEI Addons took 0,000s
[16:25:56] [Server thread/TRACE] [NEIAddons|Developer/NEIAddons|Developer]: Sending event FMLModIdMappingEvent to mod NEIAddons|Developer
[16:25:56] [Server thread/TRACE] [NEIAddons|Developer/NEIAddons|Developer]: Sent event FMLModIdMappingEvent to mod NEIAddons|Developer
[16:25:56] [Server thread/DEBUG] [FML/]: Bar Step: ModIdMapping - NEI Addons: Developer Tools took 0,000s
[16:25:56] [Server thread/TRACE] [NEIAddons|AppEng/NEIAddons|AppEng]: Sending event FMLModIdMappingEvent to mod NEIAddons|AppEng
[16:25:56] [Server thread/TRACE] [NEIAddons|AppEng/NEIAddons|AppEng]: Sent event FMLModIdMappingEvent to mod NEIAddons|AppEng
[16:25:56] [Server thread/DEBUG] [FML/]: Bar Step: ModIdMapping - NEI Addons: Applied Energistics 2 took 0,000s
[16:25:56] [Server thread/TRACE] [NEIAddons|Botany/NEIAddons|Botany]: Sending event FMLModIdMappingEvent to mod NEIAddons|Botany
[16:25:56] [Server thread/TRACE] [NEIAddons|Botany/NEIAddons|Botany]: Sent event FMLModIdMappingEvent to mod NEIAddons|Botany
[16:25:56] [Server thread/DEBUG] [FML/]: Bar Step: ModIdMapping - NEI Addons: Botany took 0,000s
[16:25:56] [Server thread/TRACE] [NEIAddons|Forestry/NEIAddons|Forestry]: Sending event FMLModIdMappingEvent to mod NEIAddons|Forestry
[16:25:56] [Server thread/TRACE] [NEIAddons|Forestry/NEIAddons|Forestry]: Sent event FMLModIdMappingEvent to mod NEIAddons|Forestry
[16:25:56] [Server thread/DEBUG] [FML/]: Bar Step: ModIdMapping - NEI Addons: Forestry took 0,000s
[16:25:56] [Server thread/TRACE] [NEIAddons|CraftingTables/NEIAddons|CraftingTables]: Sending event FMLModIdMappingEvent to mod NEIAddons|CraftingTables
[16:25:56] [Server thread/TRACE] [NEIAddons|CraftingTables/NEIAddons|CraftingTables]: Sent event FMLModIdMappingEvent to mod NEIAddons|CraftingTables
[16:25:56] [Server thread/DEBUG] [FML/]: Bar Step: ModIdMapping - NEI Addons: Crafting Tables took 0,000s
[16:25:56] [Server thread/TRACE] [NEIAddons|ExNihilo/NEIAddons|ExNihilo]: Sending event FMLModIdMappingEvent to mod NEIAddons|ExNihilo
[16:25:56] [Server thread/TRACE] [NEIAddons|ExNihilo/NEIAddons|ExNihilo]: Sent event FMLModIdMappingEvent to mod NEIAddons|ExNihilo
[16:25:56] [Server thread/DEBUG] [FML/]: Bar Step: ModIdMapping - NEI Addons: Ex Nihilo took 0,000s
[16:25:56] [Server thread/TRACE] [neiintegration/neiintegration]: Sending event FMLModIdMappingEvent to mod neiintegration
[16:25:56] [Server thread/TRACE] [neiintegration/neiintegration]: Sent event FMLModIdMappingEvent to mod neiintegration
[16:25:56] [Server thread/DEBUG] [FML/]: Bar Step: ModIdMapping - NEI Integration took 0,000s
[16:25:56] [Server thread/TRACE] [HTGT6/HTGT6]: Sending event FMLModIdMappingEvent to mod HTGT6
[16:25:56] [Server thread/TRACE] [HTGT6/HTGT6]: Sent event FMLModIdMappingEvent to mod HTGT6
[16:25:56] [Server thread/DEBUG] [FML/]: Bar Step: ModIdMapping - HTGT6 took 0,000s
[16:25:56] [Server thread/TRACE] [gregapi_post/gregapi_post]: Sending event FMLModIdMappingEvent to mod gregapi_post
[16:25:56] [Server thread/TRACE] [gregapi_post/gregapi_post]: Sent event FMLModIdMappingEvent to mod gregapi_post
[16:25:56] [Server thread/DEBUG] [FML/]: Bar Step: ModIdMapping - Greg-API-Post took 0,000s
[16:25:56] [Server thread/TRACE] [gregtech/gregtech]: Sending event FMLModIdMappingEvent to mod gregtech
[16:25:56] [Server thread/TRACE] [gregtech/gregtech]: Sent event FMLModIdMappingEvent to mod gregtech
[16:25:56] [Server thread/DEBUG] [FML/]: Bar Step: ModIdMapping - GregTech 6 Unofficial took 0,000s
[16:25:56] [Server thread/DEBUG] [FML/]: Bar Finished: ModIdMapping took 2,025s
[16:25:56] [Server thread/INFO] [FML/]: Applying holder lookups
[16:25:56] [Server thread/INFO] [FML/]: Holder lookups applied
[16:25:56] [Server thread/TRACE] [gregapi/gregapi]: Sending event FMLServerStoppedEvent to mod gregapi
[16:25:56] [Server thread/TRACE] [gregapi/gregapi]: Sent event FMLServerStoppedEvent to mod gregapi
[16:25:56] [Server thread/DEBUG] [FML/]: Bar Step: ServerStopped - Greg-API took 0,000s
[16:25:56] [Server thread/TRACE] [mcp/mcp]: Sending event FMLServerStoppedEvent to mod mcp
[16:25:56] [Server thread/TRACE] [mcp/mcp]: Sent event FMLServerStoppedEvent to mod mcp
[16:25:56] [Server thread/DEBUG] [FML/]: Bar Step: ServerStopped - Minecraft Coder Pack took 0,000s
[16:25:56] [Server thread/TRACE] [FML/FML]: Sending event FMLServerStoppedEvent to mod FML
[16:25:56] [Server thread/TRACE] [FML/FML]: Sent event FMLServerStoppedEvent to mod FML
[16:25:56] [Server thread/DEBUG] [FML/]: Bar Step: ServerStopped - Forge Mod Loader took 0,000s
[16:25:56] [Server thread/TRACE] [Forge/Forge]: Sending event FMLServerStoppedEvent to mod Forge
[16:25:56] [Server thread/TRACE] [Forge/Forge]: Sent event FMLServerStoppedEvent to mod Forge
[16:25:56] [Server thread/DEBUG] [FML/]: Bar Step: ServerStopped - Minecraft Forge took 0,000s
[16:25:56] [Server thread/TRACE] [CodeChickenCore/CodeChickenCore]: Sending event FMLServerStoppedEvent to mod CodeChickenCore
[16:25:56] [Server thread/TRACE] [CodeChickenCore/CodeChickenCore]: Sent event FMLServerStoppedEvent to mod CodeChickenCore
[16:25:56] [Server thread/DEBUG] [FML/]: Bar Step: ServerStopped - CodeChicken Core took 0,000s
[16:25:56] [Server thread/TRACE] [NotEnoughItems/NotEnoughItems]: Sending event FMLServerStoppedEvent to mod NotEnoughItems
[16:25:56] [Server thread/TRACE] [NotEnoughItems/NotEnoughItems]: Sent event FMLServerStoppedEvent to mod NotEnoughItems
[16:25:56] [Server thread/DEBUG] [FML/]: Bar Step: ServerStopped - NotEnoughItems took 0,000s
[16:25:56] [Server thread/TRACE] [GT_ASM/GT_ASM]: Sending event FMLServerStoppedEvent to mod GT_ASM
[16:25:56] [Server thread/TRACE] [GT_ASM/GT_ASM]: Sent event FMLServerStoppedEvent to mod GT_ASM
[16:25:56] [Server thread/DEBUG] [FML/]: Bar Step: ServerStopped - Greg-ASM® took 0,000s
[16:25:56] [Server thread/TRACE] [IC2/IC2]: Sending event FMLServerStoppedEvent to mod IC2
[16:25:56] [Server thread/TRACE] [IC2/IC2]: Sent event FMLServerStoppedEvent to mod IC2
[16:25:56] [Server thread/DEBUG] [FML/]: Bar Step: ServerStopped - Industrial Craft Classic took 0,000s
[16:25:56] [Server thread/TRACE] [IC2-Classic-Spmod/IC2-Classic-Spmod]: Sending event FMLServerStoppedEvent to mod IC2-Classic-Spmod
[16:25:56] [Server thread/TRACE] [IC2-Classic-Spmod/IC2-Classic-Spmod]: Sent event FMLServerStoppedEvent to mod IC2-Classic-Spmod
[16:25:56] [Server thread/DEBUG] [FML/]: Bar Step: ServerStopped - IC2 Classic Detection Helper took 0,000s
[16:25:56] [Server thread/TRACE] [NEIAddons/NEIAddons]: Sending event FMLServerStoppedEvent to mod NEIAddons
[16:25:56] [Server thread/TRACE] [NEIAddons/NEIAddons]: Sent event FMLServerStoppedEvent to mod NEIAddons
[16:25:56] [Server thread/DEBUG] [FML/]: Bar Step: ServerStopped - NEI Addons took 0,000s
[16:25:56] [Server thread/TRACE] [NEIAddons|Developer/NEIAddons|Developer]: Sending event FMLServerStoppedEvent to mod NEIAddons|Developer
[16:25:56] [Server thread/TRACE] [NEIAddons|Developer/NEIAddons|Developer]: Sent event FMLServerStoppedEvent to mod NEIAddons|Developer
[16:25:56] [Server thread/DEBUG] [FML/]: Bar Step: ServerStopped - NEI Addons: Developer Tools took 0,000s
[16:25:56] [Server thread/TRACE] [NEIAddons|AppEng/NEIAddons|AppEng]: Sending event FMLServerStoppedEvent to mod NEIAddons|AppEng
[16:25:56] [Server thread/TRACE] [NEIAddons|AppEng/NEIAddons|AppEng]: Sent event FMLServerStoppedEvent to mod NEIAddons|AppEng
[16:25:56] [Server thread/DEBUG] [FML/]: Bar Step: ServerStopped - NEI Addons: Applied Energistics 2 took 0,000s
[16:25:56] [Server thread/TRACE] [NEIAddons|Botany/NEIAddons|Botany]: Sending event FMLServerStoppedEvent to mod NEIAddons|Botany
[16:25:56] [Server thread/TRACE] [NEIAddons|Botany/NEIAddons|Botany]: Sent event FMLServerStoppedEvent to mod NEIAddons|Botany
[16:25:56] [Server thread/DEBUG] [FML/]: Bar Step: ServerStopped - NEI Addons: Botany took 0,000s
[16:25:56] [Server thread/TRACE] [NEIAddons|Forestry/NEIAddons|Forestry]: Sending event FMLServerStoppedEvent to mod NEIAddons|Forestry
[16:25:56] [Server thread/TRACE] [NEIAddons|Forestry/NEIAddons|Forestry]: Sent event FMLServerStoppedEvent to mod NEIAddons|Forestry
[16:25:56] [Server thread/DEBUG] [FML/]: Bar Step: ServerStopped - NEI Addons: Forestry took 0,000s
[16:25:56] [Server thread/TRACE] [NEIAddons|CraftingTables/NEIAddons|CraftingTables]: Sending event FMLServerStoppedEvent to mod NEIAddons|CraftingTables
[16:25:56] [Server thread/TRACE] [NEIAddons|CraftingTables/NEIAddons|CraftingTables]: Sent event FMLServerStoppedEvent to mod NEIAddons|CraftingTables
[16:25:56] [Server thread/DEBUG] [FML/]: Bar Step: ServerStopped - NEI Addons: Crafting Tables took 0,000s
[16:25:56] [Server thread/TRACE] [NEIAddons|ExNihilo/NEIAddons|ExNihilo]: Sending event FMLServerStoppedEvent to mod NEIAddons|ExNihilo
[16:25:56] [Server thread/TRACE] [NEIAddons|ExNihilo/NEIAddons|ExNihilo]: Sent event FMLServerStoppedEvent to mod NEIAddons|ExNihilo
[16:25:56] [Server thread/DEBUG] [FML/]: Bar Step: ServerStopped - NEI Addons: Ex Nihilo took 0,000s
[16:25:56] [Server thread/TRACE] [neiintegration/neiintegration]: Sending event FMLServerStoppedEvent to mod neiintegration
[16:25:56] [Server thread/TRACE] [neiintegration/neiintegration]: Sent event FMLServerStoppedEvent to mod neiintegration
[16:25:56] [Server thread/DEBUG] [FML/]: Bar Step: ServerStopped - NEI Integration took 0,000s
[16:25:56] [Server thread/TRACE] [HTGT6/HTGT6]: Sending event FMLServerStoppedEvent to mod HTGT6
[16:25:56] [Server thread/TRACE] [HTGT6/HTGT6]: Sent event FMLServerStoppedEvent to mod HTGT6
[16:25:56] [Server thread/DEBUG] [FML/]: Bar Step: ServerStopped - HTGT6 took 0,000s
[16:25:56] [Server thread/TRACE] [gregapi_post/gregapi_post]: Sending event FMLServerStoppedEvent to mod gregapi_post
[16:25:56] [Server thread/TRACE] [gregapi_post/gregapi_post]: Sent event FMLServerStoppedEvent to mod gregapi_post
[16:25:56] [Server thread/DEBUG] [FML/]: Bar Step: ServerStopped - Greg-API-Post took 0,000s
[16:25:56] [Server thread/TRACE] [gregtech/gregtech]: Sending event FMLServerStoppedEvent to mod gregtech
[16:25:56] [Server thread/TRACE] [gregtech/gregtech]: Sent event FMLServerStoppedEvent to mod gregtech
[16:25:56] [Server thread/DEBUG] [FML/]: Bar Step: ServerStopped - GregTech 6 Unofficial took 0,000s
[16:25:56] [Server thread/DEBUG] [FML/]: Bar Finished: ServerStopped took 0,001s
[16:25:59] [Client thread/INFO] [STDOUT/]: [paulscode.sound.SoundSystemLogger:message:69]: 
[16:25:59] [Client thread/INFO] [STDOUT/]: [paulscode.sound.SoundSystemLogger:message:69]: SoundSystem shutting down...
[16:25:59] [Client thread/INFO] [STDOUT/]: [paulscode.sound.SoundSystemLogger:importantMessage:90]:     Author: Paul Lamb, www.paulscode.com
[16:25:59] [Client thread/INFO] [STDOUT/]: [paulscode.sound.SoundSystemLogger:message:69]: 
