[15:49:08] [main/INFO] [GradleStart]: Extra: []
[15:49:08] [main/INFO] [GradleStart]: Found and added coremod: com.mod.htgt6.common.handler.biometweaks.BiomeLimitLoader
[15:49:08] [main/INFO] [GradleStart]: Running with arguments: [--userProperties, {}, --assetsDir, C:/Users/brawl/.gradle/caches/minecraft/assets, --assetIndex, 1.7.10, --accessToken, {REDACTED}, --version, 1.7.10, --tweakClass, cpw.mods.fml.common.launcher.FMLTweaker, --tweakClass, net.minecraftforge.gradle.tweakers.CoremodTweaker]
[15:49:08] [main/INFO] [LaunchWrapper]: Loading tweak class name cpw.mods.fml.common.launcher.FMLTweaker
[15:49:08] [main/INFO] [LaunchWrapper]: Using primary tweak class name cpw.mods.fml.common.launcher.FMLTweaker
[15:49:08] [main/INFO] [LaunchWrapper]: Loading tweak class name net.minecraftforge.gradle.tweakers.CoremodTweaker
[15:49:08] [main/INFO] [LaunchWrapper]: Calling tweak class cpw.mods.fml.common.launcher.FMLTweaker
[15:53:11] [main/INFO] [GradleStart]: Extra: []
[15:53:11] [main/INFO] [GradleStart]: Found and added coremod: com.mod.htgt6.common.handler.biometweaks.BiomeLimitLoader
[15:53:11] [main/INFO] [GradleStart]: Running with arguments: [--userProperties, {}, --assetsDir, C:/Users/brawl/.gradle/caches/minecraft/assets, --assetIndex, 1.7.10, --accessToken, {REDACTED}, --version, 1.7.10, --tweakClass, cpw.mods.fml.common.launcher.FMLTweaker, --tweakClass, net.minecraftforge.gradle.tweakers.CoremodTweaker]
[15:53:11] [main/INFO] [LaunchWrapper]: Loading tweak class name cpw.mods.fml.common.launcher.FMLTweaker
[15:53:11] [main/INFO] [LaunchWrapper]: Using primary tweak class name cpw.mods.fml.common.launcher.FMLTweaker
[15:53:11] [main/INFO] [LaunchWrapper]: Loading tweak class name net.minecraftforge.gradle.tweakers.CoremodTweaker
[15:53:11] [main/INFO] [LaunchWrapper]: Calling tweak class cpw.mods.fml.common.launcher.FMLTweaker
[15:54:29] [main/INFO] [GradleStart]: Extra: []
[15:54:29] [main/INFO] [GradleStart]: Found and added coremod: com.mod.htgt6.common.handler.biometweaks.BiomeLimitLoader
[15:54:29] [main/INFO] [GradleStart]: Running with arguments: [--userProperties, {}, --assetsDir, C:/Users/brawl/.gradle/caches/minecraft/assets, --assetIndex, 1.7.10, --accessToken, {REDACTED}, --version, 1.7.10, --tweakClass, cpw.mods.fml.common.launcher.FMLTweaker, --tweakClass, net.minecraftforge.gradle.tweakers.CoremodTweaker]
[15:54:29] [main/INFO] [LaunchWrapper]: Loading tweak class name cpw.mods.fml.common.launcher.FMLTweaker
[15:54:29] [main/INFO] [LaunchWrapper]: Using primary tweak class name cpw.mods.fml.common.launcher.FMLTweaker
[15:54:29] [main/INFO] [LaunchWrapper]: Loading tweak class name net.minecraftforge.gradle.tweakers.CoremodTweaker
[15:54:29] [main/INFO] [LaunchWrapper]: Calling tweak class cpw.mods.fml.common.launcher.FMLTweaker
[15:54:52] [main/INFO] [GradleStart]: Extra: []
[15:54:52] [main/INFO] [GradleStart]: Found and added coremod: com.mod.htgt6.common.handler.biometweaks.BiomeLimitLoader
[15:54:52] [main/INFO] [GradleStart]: Running with arguments: [--userProperties, {}, --assetsDir, C:/Users/brawl/.gradle/caches/minecraft/assets, --assetIndex, 1.7.10, --accessToken, {REDACTED}, --version, 1.7.10, --tweakClass, cpw.mods.fml.common.launcher.FMLTweaker, --tweakClass, net.minecraftforge.gradle.tweakers.CoremodTweaker]
[15:54:52] [main/INFO] [LaunchWrapper]: Loading tweak class name cpw.mods.fml.common.launcher.FMLTweaker
[15:54:52] [main/INFO] [LaunchWrapper]: Using primary tweak class name cpw.mods.fml.common.launcher.FMLTweaker
[15:54:52] [main/INFO] [LaunchWrapper]: Loading tweak class name net.minecraftforge.gradle.tweakers.CoremodTweaker
[15:54:52] [main/INFO] [LaunchWrapper]: Calling tweak class cpw.mods.fml.common.launcher.FMLTweaker
[15:57:57] [main/INFO] [GradleStart]: Extra: []
[15:57:57] [main/INFO] [GradleStart]: Found and added coremod: com.mod.htgt6.common.handler.biometweaks.BiomeLimitLoader
[15:57:57] [main/INFO] [GradleStart]: Running with arguments: [--userProperties, {}, --assetsDir, C:/Users/brawl/.gradle/caches/minecraft/assets, --assetIndex, 1.7.10, --accessToken, {REDACTED}, --version, 1.7.10, --tweakClass, cpw.mods.fml.common.launcher.FMLTweaker, --tweakClass, net.minecraftforge.gradle.tweakers.CoremodTweaker]
[15:57:57] [main/INFO] [LaunchWrapper]: Loading tweak class name cpw.mods.fml.common.launcher.FMLTweaker
[15:57:57] [main/INFO] [LaunchWrapper]: Using primary tweak class name cpw.mods.fml.common.launcher.FMLTweaker
[15:57:57] [main/INFO] [LaunchWrapper]: Loading tweak class name net.minecraftforge.gradle.tweakers.CoremodTweaker
[15:57:57] [main/INFO] [LaunchWrapper]: Calling tweak class cpw.mods.fml.common.launcher.FMLTweaker
[16:00:44] [main/INFO] [GradleStart]: Extra: []
[16:00:44] [main/INFO] [GradleStart]: Found and added coremod: com.mod.htgt6.common.handler.biometweaks.BiomeLimitLoader
[16:00:44] [main/INFO] [GradleStart]: Running with arguments: [--userProperties, {}, --assetsDir, C:/Users/brawl/.gradle/caches/minecraft/assets, --assetIndex, 1.7.10, --accessToken, {REDACTED}, --version, 1.7.10, --tweakClass, cpw.mods.fml.common.launcher.FMLTweaker, --tweakClass, net.minecraftforge.gradle.tweakers.CoremodTweaker]
[16:00:44] [main/INFO] [LaunchWrapper]: Loading tweak class name cpw.mods.fml.common.launcher.FMLTweaker
[16:00:44] [main/INFO] [LaunchWrapper]: Using primary tweak class name cpw.mods.fml.common.launcher.FMLTweaker
[16:00:44] [main/INFO] [LaunchWrapper]: Loading tweak class name net.minecraftforge.gradle.tweakers.CoremodTweaker
[16:00:44] [main/INFO] [LaunchWrapper]: Calling tweak class cpw.mods.fml.common.launcher.FMLTweaker
[16:03:49] [main/INFO] [GradleStart]: Extra: []
[16:03:49] [main/INFO] [GradleStart]: Found and added coremod: com.mod.htgt6.common.handler.biometweaks.BiomeLimitLoader
[16:03:49] [main/INFO] [GradleStart]: Running with arguments: [--userProperties, {}, --assetsDir, C:/Users/brawl/.gradle/caches/minecraft/assets, --assetIndex, 1.7.10, --accessToken, {REDACTED}, --version, 1.7.10, --tweakClass, cpw.mods.fml.common.launcher.FMLTweaker, --tweakClass, net.minecraftforge.gradle.tweakers.CoremodTweaker]
[16:03:50] [main/INFO] [LaunchWrapper]: Loading tweak class name cpw.mods.fml.common.launcher.FMLTweaker
[16:03:50] [main/INFO] [LaunchWrapper]: Using primary tweak class name cpw.mods.fml.common.launcher.FMLTweaker
[16:03:50] [main/INFO] [LaunchWrapper]: Loading tweak class name net.minecraftforge.gradle.tweakers.CoremodTweaker
[16:03:50] [main/INFO] [LaunchWrapper]: Calling tweak class cpw.mods.fml.common.launcher.FMLTweaker
[16:07:24] [main/INFO] [GradleStart]: Extra: []
[16:07:24] [main/INFO] [GradleStart]: Found and added coremod: com.mod.htgt6.common.handler.biometweaks.BiomeLimitLoader
[16:07:24] [main/INFO] [GradleStart]: Running with arguments: [--userProperties, {}, --assetsDir, C:/Users/brawl/.gradle/caches/minecraft/assets, --assetIndex, 1.7.10, --accessToken, {REDACTED}, --version, 1.7.10, --tweakClass, cpw.mods.fml.common.launcher.FMLTweaker, --tweakClass, net.minecraftforge.gradle.tweakers.CoremodTweaker]
[16:07:24] [main/INFO] [LaunchWrapper]: Loading tweak class name cpw.mods.fml.common.launcher.FMLTweaker
[16:07:24] [main/INFO] [LaunchWrapper]: Using primary tweak class name cpw.mods.fml.common.launcher.FMLTweaker
[16:07:24] [main/INFO] [LaunchWrapper]: Loading tweak class name net.minecraftforge.gradle.tweakers.CoremodTweaker
[16:07:24] [main/INFO] [LaunchWrapper]: Calling tweak class cpw.mods.fml.common.launcher.FMLTweaker
[16:09:21] [main/INFO] [GradleStart]: Extra: []
[16:09:21] [main/INFO] [GradleStart]: Found and added coremod: com.mod.htgt6.common.handler.biometweaks.BiomeLimitLoader
[16:09:21] [main/INFO] [GradleStart]: Running with arguments: [--userProperties, {}, --assetsDir, C:/Users/brawl/.gradle/caches/minecraft/assets, --assetIndex, 1.7.10, --accessToken, {REDACTED}, --version, 1.7.10, --tweakClass, cpw.mods.fml.common.launcher.FMLTweaker, --tweakClass, net.minecraftforge.gradle.tweakers.CoremodTweaker]
[16:09:21] [main/INFO] [LaunchWrapper]: Loading tweak class name cpw.mods.fml.common.launcher.FMLTweaker
[16:09:21] [main/INFO] [LaunchWrapper]: Using primary tweak class name cpw.mods.fml.common.launcher.FMLTweaker
[16:09:21] [main/INFO] [LaunchWrapper]: Loading tweak class name net.minecraftforge.gradle.tweakers.CoremodTweaker
[16:09:21] [main/INFO] [LaunchWrapper]: Calling tweak class cpw.mods.fml.common.launcher.FMLTweaker
[16:10:14] [main/INFO] [GradleStart]: Extra: []
[16:10:14] [main/INFO] [GradleStart]: Found and added coremod: com.mod.htgt6.common.handler.biometweaks.BiomeLimitLoader
[16:10:14] [main/INFO] [GradleStart]: Running with arguments: [--userProperties, {}, --assetsDir, C:/Users/brawl/.gradle/caches/minecraft/assets, --assetIndex, 1.7.10, --accessToken, {REDACTED}, --version, 1.7.10, --tweakClass, cpw.mods.fml.common.launcher.FMLTweaker, --tweakClass, net.minecraftforge.gradle.tweakers.CoremodTweaker]
[16:10:14] [main/INFO] [LaunchWrapper]: Loading tweak class name cpw.mods.fml.common.launcher.FMLTweaker
[16:10:14] [main/INFO] [LaunchWrapper]: Using primary tweak class name cpw.mods.fml.common.launcher.FMLTweaker
[16:10:14] [main/INFO] [LaunchWrapper]: Loading tweak class name net.minecraftforge.gradle.tweakers.CoremodTweaker
[16:10:14] [main/INFO] [LaunchWrapper]: Calling tweak class cpw.mods.fml.common.launcher.FMLTweaker
[16:13:22] [main/INFO] [GradleStart]: Extra: []
[16:13:22] [main/INFO] [GradleStart]: Found and added coremod: com.mod.htgt6.common.handler.biometweaks.BiomeLimitLoader
[16:13:22] [main/INFO] [GradleStart]: Running with arguments: [--userProperties, {}, --assetsDir, C:/Users/brawl/.gradle/caches/minecraft/assets, --assetIndex, 1.7.10, --accessToken, {REDACTED}, --version, 1.7.10, --tweakClass, cpw.mods.fml.common.launcher.FMLTweaker, --tweakClass, net.minecraftforge.gradle.tweakers.CoremodTweaker]
[16:13:22] [main/INFO] [LaunchWrapper]: Loading tweak class name cpw.mods.fml.common.launcher.FMLTweaker
[16:13:22] [main/INFO] [LaunchWrapper]: Using primary tweak class name cpw.mods.fml.common.launcher.FMLTweaker
[16:13:22] [main/INFO] [LaunchWrapper]: Loading tweak class name net.minecraftforge.gradle.tweakers.CoremodTweaker
[16:13:22] [main/INFO] [LaunchWrapper]: Calling tweak class cpw.mods.fml.common.launcher.FMLTweaker
[16:13:45] [main/INFO] [GradleStart]: Extra: []
[16:13:45] [main/INFO] [GradleStart]: Found and added coremod: com.mod.htgt6.common.handler.biometweaks.BiomeLimitLoader
[16:13:45] [main/INFO] [GradleStart]: Running with arguments: [--userProperties, {}, --assetsDir, C:/Users/brawl/.gradle/caches/minecraft/assets, --assetIndex, 1.7.10, --accessToken, {REDACTED}, --version, 1.7.10, --tweakClass, cpw.mods.fml.common.launcher.FMLTweaker, --tweakClass, net.minecraftforge.gradle.tweakers.CoremodTweaker]
[16:13:45] [main/INFO] [LaunchWrapper]: Loading tweak class name cpw.mods.fml.common.launcher.FMLTweaker
[16:13:45] [main/INFO] [LaunchWrapper]: Using primary tweak class name cpw.mods.fml.common.launcher.FMLTweaker
[16:13:45] [main/INFO] [LaunchWrapper]: Loading tweak class name net.minecraftforge.gradle.tweakers.CoremodTweaker
[16:13:45] [main/INFO] [LaunchWrapper]: Calling tweak class cpw.mods.fml.common.launcher.FMLTweaker
[16:16:23] [main/INFO] [GradleStart]: Extra: []
[16:16:23] [main/INFO] [GradleStart]: Found and added coremod: com.mod.htgt6.common.handler.biometweaks.BiomeLimitLoader
[16:16:23] [main/INFO] [GradleStart]: Running with arguments: [--userProperties, {}, --assetsDir, C:/Users/brawl/.gradle/caches/minecraft/assets, --assetIndex, 1.7.10, --accessToken, {REDACTED}, --version, 1.7.10, --tweakClass, cpw.mods.fml.common.launcher.FMLTweaker, --tweakClass, net.minecraftforge.gradle.tweakers.CoremodTweaker]
[16:16:23] [main/INFO] [LaunchWrapper]: Loading tweak class name cpw.mods.fml.common.launcher.FMLTweaker
[16:16:23] [main/INFO] [LaunchWrapper]: Using primary tweak class name cpw.mods.fml.common.launcher.FMLTweaker
[16:16:23] [main/INFO] [LaunchWrapper]: Loading tweak class name net.minecraftforge.gradle.tweakers.CoremodTweaker
[16:16:23] [main/INFO] [LaunchWrapper]: Calling tweak class cpw.mods.fml.common.launcher.FMLTweaker
[16:18:19] [main/INFO] [GradleStart]: Extra: []
[16:18:19] [main/INFO] [GradleStart]: Found and added coremod: com.mod.htgt6.common.handler.biometweaks.BiomeLimitLoader
[16:18:19] [main/INFO] [GradleStart]: Running with arguments: [--userProperties, {}, --assetsDir, C:/Users/brawl/.gradle/caches/minecraft/assets, --assetIndex, 1.7.10, --accessToken, {REDACTED}, --version, 1.7.10, --tweakClass, cpw.mods.fml.common.launcher.FMLTweaker, --tweakClass, net.minecraftforge.gradle.tweakers.CoremodTweaker]
[16:18:19] [main/INFO] [LaunchWrapper]: Loading tweak class name cpw.mods.fml.common.launcher.FMLTweaker
[16:18:19] [main/INFO] [LaunchWrapper]: Using primary tweak class name cpw.mods.fml.common.launcher.FMLTweaker
[16:18:19] [main/INFO] [LaunchWrapper]: Loading tweak class name net.minecraftforge.gradle.tweakers.CoremodTweaker
[16:18:19] [main/INFO] [LaunchWrapper]: Calling tweak class cpw.mods.fml.common.launcher.FMLTweaker
[16:19:45] [main/INFO] [GradleStart]: Extra: []
[16:19:45] [main/INFO] [GradleStart]: Found and added coremod: com.mod.htgt6.common.handler.biometweaks.BiomeLimitLoader
[16:19:45] [main/INFO] [GradleStart]: Running with arguments: [--userProperties, {}, --assetsDir, C:/Users/brawl/.gradle/caches/minecraft/assets, --assetIndex, 1.7.10, --accessToken, {REDACTED}, --version, 1.7.10, --tweakClass, cpw.mods.fml.common.launcher.FMLTweaker, --tweakClass, net.minecraftforge.gradle.tweakers.CoremodTweaker]
[16:19:45] [main/INFO] [LaunchWrapper]: Loading tweak class name cpw.mods.fml.common.launcher.FMLTweaker
[16:19:45] [main/INFO] [LaunchWrapper]: Using primary tweak class name cpw.mods.fml.common.launcher.FMLTweaker
[16:19:45] [main/INFO] [LaunchWrapper]: Loading tweak class name net.minecraftforge.gradle.tweakers.CoremodTweaker
[16:19:45] [main/INFO] [LaunchWrapper]: Calling tweak class cpw.mods.fml.common.launcher.FMLTweaker
[16:24:32] [main/INFO] [GradleStart]: Extra: []
[16:24:32] [main/INFO] [GradleStart]: Found and added coremod: com.mod.htgt6.common.handler.biometweaks.BiomeLimitLoader
[16:24:32] [main/INFO] [GradleStart]: Running with arguments: [--userProperties, {}, --assetsDir, C:/Users/brawl/.gradle/caches/minecraft/assets, --assetIndex, 1.7.10, --accessToken, {REDACTED}, --version, 1.7.10, --tweakClass, cpw.mods.fml.common.launcher.FMLTweaker, --tweakClass, net.minecraftforge.gradle.tweakers.CoremodTweaker]
[16:24:32] [main/INFO] [LaunchWrapper]: Loading tweak class name cpw.mods.fml.common.launcher.FMLTweaker
[16:24:32] [main/INFO] [LaunchWrapper]: Using primary tweak class name cpw.mods.fml.common.launcher.FMLTweaker
[16:24:32] [main/INFO] [LaunchWrapper]: Loading tweak class name net.minecraftforge.gradle.tweakers.CoremodTweaker
[16:24:32] [main/INFO] [LaunchWrapper]: Calling tweak class cpw.mods.fml.common.launcher.FMLTweaker
[16:41:47] [main/INFO] [GradleStart]: Extra: []
[16:41:47] [main/INFO] [GradleStart]: Found and added coremod: com.mod.htgt6.common.handler.biometweaks.BiomeLimitLoader
[16:41:47] [main/INFO] [GradleStart]: Running with arguments: [--userProperties, {}, --assetsDir, C:/Users/brawl/.gradle/caches/minecraft/assets, --assetIndex, 1.7.10, --accessToken, {REDACTED}, --version, 1.7.10, --tweakClass, cpw.mods.fml.common.launcher.FMLTweaker, --tweakClass, net.minecraftforge.gradle.tweakers.CoremodTweaker]
[16:41:47] [main/INFO] [LaunchWrapper]: Loading tweak class name cpw.mods.fml.common.launcher.FMLTweaker
[16:41:47] [main/INFO] [LaunchWrapper]: Using primary tweak class name cpw.mods.fml.common.launcher.FMLTweaker
[16:41:47] [main/INFO] [LaunchWrapper]: Loading tweak class name net.minecraftforge.gradle.tweakers.CoremodTweaker
[16:41:47] [main/INFO] [LaunchWrapper]: Calling tweak class cpw.mods.fml.common.launcher.FMLTweaker
[16:49:15] [main/INFO] [GradleStart]: Extra: []
[16:49:15] [main/INFO] [GradleStart]: Found and added coremod: com.mod.htgt6.common.handler.biometweaks.BiomeLimitLoader
[16:49:15] [main/INFO] [GradleStart]: Running with arguments: [--userProperties, {}, --assetsDir, C:/Users/brawl/.gradle/caches/minecraft/assets, --assetIndex, 1.7.10, --accessToken, {REDACTED}, --version, 1.7.10, --tweakClass, cpw.mods.fml.common.launcher.FMLTweaker, --tweakClass, net.minecraftforge.gradle.tweakers.CoremodTweaker]
[16:49:15] [main/INFO] [LaunchWrapper]: Loading tweak class name cpw.mods.fml.common.launcher.FMLTweaker
[16:49:15] [main/INFO] [LaunchWrapper]: Using primary tweak class name cpw.mods.fml.common.launcher.FMLTweaker
[16:49:15] [main/INFO] [LaunchWrapper]: Loading tweak class name net.minecraftforge.gradle.tweakers.CoremodTweaker
[16:49:15] [main/INFO] [LaunchWrapper]: Calling tweak class cpw.mods.fml.common.launcher.FMLTweaker
[16:54:32] [main/INFO] [GradleStart]: Extra: []
[16:54:32] [main/INFO] [GradleStart]: Found and added coremod: com.mod.htgt6.common.handler.biometweaks.BiomeLimitLoader
[16:54:32] [main/INFO] [GradleStart]: Running with arguments: [--userProperties, {}, --assetsDir, C:/Users/brawl/.gradle/caches/minecraft/assets, --assetIndex, 1.7.10, --accessToken, {REDACTED}, --version, 1.7.10, --tweakClass, cpw.mods.fml.common.launcher.FMLTweaker, --tweakClass, net.minecraftforge.gradle.tweakers.CoremodTweaker]
[16:54:32] [main/INFO] [LaunchWrapper]: Loading tweak class name cpw.mods.fml.common.launcher.FMLTweaker
[16:54:32] [main/INFO] [LaunchWrapper]: Using primary tweak class name cpw.mods.fml.common.launcher.FMLTweaker
[16:54:32] [main/INFO] [LaunchWrapper]: Loading tweak class name net.minecraftforge.gradle.tweakers.CoremodTweaker
[16:54:32] [main/INFO] [LaunchWrapper]: Calling tweak class cpw.mods.fml.common.launcher.FMLTweaker
[17:02:18] [main/INFO] [GradleStart]: Extra: []
[17:02:18] [main/INFO] [GradleStart]: Found and added coremod: com.mod.htgt6.common.handler.biometweaks.BiomeLimitLoader
[17:02:18] [main/INFO] [GradleStart]: Running with arguments: [--userProperties, {}, --assetsDir, C:/Users/brawl/.gradle/caches/minecraft/assets, --assetIndex, 1.7.10, --accessToken, {REDACTED}, --version, 1.7.10, --tweakClass, cpw.mods.fml.common.launcher.FMLTweaker, --tweakClass, net.minecraftforge.gradle.tweakers.CoremodTweaker]
[17:02:18] [main/INFO] [LaunchWrapper]: Loading tweak class name cpw.mods.fml.common.launcher.FMLTweaker
[17:02:18] [main/INFO] [LaunchWrapper]: Using primary tweak class name cpw.mods.fml.common.launcher.FMLTweaker
[17:02:18] [main/INFO] [LaunchWrapper]: Loading tweak class name net.minecraftforge.gradle.tweakers.CoremodTweaker
[17:02:18] [main/INFO] [LaunchWrapper]: Calling tweak class cpw.mods.fml.common.launcher.FMLTweaker
[17:03:44] [main/INFO] [GradleStart]: Extra: []
[17:03:44] [main/INFO] [GradleStart]: Found and added coremod: com.mod.htgt6.common.handler.biometweaks.BiomeLimitLoader
[17:03:44] [main/INFO] [GradleStart]: Running with arguments: [--userProperties, {}, --assetsDir, C:/Users/brawl/.gradle/caches/minecraft/assets, --assetIndex, 1.7.10, --accessToken, {REDACTED}, --version, 1.7.10, --tweakClass, cpw.mods.fml.common.launcher.FMLTweaker, --tweakClass, net.minecraftforge.gradle.tweakers.CoremodTweaker]
[17:03:44] [main/INFO] [LaunchWrapper]: Loading tweak class name cpw.mods.fml.common.launcher.FMLTweaker
[17:03:44] [main/INFO] [LaunchWrapper]: Using primary tweak class name cpw.mods.fml.common.launcher.FMLTweaker
[17:03:44] [main/INFO] [LaunchWrapper]: Loading tweak class name net.minecraftforge.gradle.tweakers.CoremodTweaker
[17:03:44] [main/INFO] [LaunchWrapper]: Calling tweak class cpw.mods.fml.common.launcher.FMLTweaker
[17:10:34] [main/INFO] [GradleStart]: Extra: []
[17:10:34] [main/INFO] [GradleStart]: Found and added coremod: com.mod.htgt6.common.handler.biometweaks.BiomeLimitLoader
[17:10:34] [main/INFO] [GradleStart]: Running with arguments: [--userProperties, {}, --assetsDir, C:/Users/brawl/.gradle/caches/minecraft/assets, --assetIndex, 1.7.10, --accessToken, {REDACTED}, --version, 1.7.10, --tweakClass, cpw.mods.fml.common.launcher.FMLTweaker, --tweakClass, net.minecraftforge.gradle.tweakers.CoremodTweaker]
[17:10:34] [main/INFO] [LaunchWrapper]: Loading tweak class name cpw.mods.fml.common.launcher.FMLTweaker
[17:10:34] [main/INFO] [LaunchWrapper]: Using primary tweak class name cpw.mods.fml.common.launcher.FMLTweaker
[17:10:34] [main/INFO] [LaunchWrapper]: Loading tweak class name net.minecraftforge.gradle.tweakers.CoremodTweaker
[17:10:34] [main/INFO] [LaunchWrapper]: Calling tweak class cpw.mods.fml.common.launcher.FMLTweaker
[17:13:11] [main/INFO] [GradleStart]: Extra: []
[17:13:11] [main/INFO] [GradleStart]: Found and added coremod: com.mod.htgt6.common.handler.biometweaks.BiomeLimitLoader
[17:13:11] [main/INFO] [GradleStart]: Running with arguments: [--userProperties, {}, --assetsDir, C:/Users/brawl/.gradle/caches/minecraft/assets, --assetIndex, 1.7.10, --accessToken, {REDACTED}, --version, 1.7.10, --tweakClass, cpw.mods.fml.common.launcher.FMLTweaker, --tweakClass, net.minecraftforge.gradle.tweakers.CoremodTweaker]
[17:13:11] [main/INFO] [LaunchWrapper]: Loading tweak class name cpw.mods.fml.common.launcher.FMLTweaker
[17:13:11] [main/INFO] [LaunchWrapper]: Using primary tweak class name cpw.mods.fml.common.launcher.FMLTweaker
[17:13:11] [main/INFO] [LaunchWrapper]: Loading tweak class name net.minecraftforge.gradle.tweakers.CoremodTweaker
[17:13:11] [main/INFO] [LaunchWrapper]: Calling tweak class cpw.mods.fml.common.launcher.FMLTweaker
[17:15:05] [main/INFO] [GradleStart]: Extra: []
[17:15:05] [main/INFO] [GradleStart]: Found and added coremod: com.mod.htgt6.common.handler.biometweaks.BiomeLimitLoader
[17:15:05] [main/INFO] [GradleStart]: Running with arguments: [--userProperties, {}, --assetsDir, C:/Users/brawl/.gradle/caches/minecraft/assets, --assetIndex, 1.7.10, --accessToken, {REDACTED}, --version, 1.7.10, --tweakClass, cpw.mods.fml.common.launcher.FMLTweaker, --tweakClass, net.minecraftforge.gradle.tweakers.CoremodTweaker]
[17:15:05] [main/INFO] [LaunchWrapper]: Loading tweak class name cpw.mods.fml.common.launcher.FMLTweaker
[17:15:05] [main/INFO] [LaunchWrapper]: Using primary tweak class name cpw.mods.fml.common.launcher.FMLTweaker
[17:15:05] [main/INFO] [LaunchWrapper]: Loading tweak class name net.minecraftforge.gradle.tweakers.CoremodTweaker
[17:15:05] [main/INFO] [LaunchWrapper]: Calling tweak class cpw.mods.fml.common.launcher.FMLTweaker
[17:17:29] [main/INFO] [GradleStart]: Extra: []
[17:17:29] [main/INFO] [GradleStart]: Found and added coremod: com.mod.htgt6.common.handler.biometweaks.BiomeLimitLoader
[17:17:29] [main/INFO] [GradleStart]: Running with arguments: [--userProperties, {}, --assetsDir, C:/Users/brawl/.gradle/caches/minecraft/assets, --assetIndex, 1.7.10, --accessToken, {REDACTED}, --version, 1.7.10, --tweakClass, cpw.mods.fml.common.launcher.FMLTweaker, --tweakClass, net.minecraftforge.gradle.tweakers.CoremodTweaker]
[17:17:29] [main/INFO] [LaunchWrapper]: Loading tweak class name cpw.mods.fml.common.launcher.FMLTweaker
[17:17:29] [main/INFO] [LaunchWrapper]: Using primary tweak class name cpw.mods.fml.common.launcher.FMLTweaker
[17:17:29] [main/INFO] [LaunchWrapper]: Loading tweak class name net.minecraftforge.gradle.tweakers.CoremodTweaker
[17:17:29] [main/INFO] [LaunchWrapper]: Calling tweak class cpw.mods.fml.common.launcher.FMLTweaker
[17:18:46] [main/INFO] [GradleStart]: Extra: []
[17:18:46] [main/INFO] [GradleStart]: Found and added coremod: com.mod.htgt6.common.handler.biometweaks.BiomeLimitLoader
[17:18:46] [main/INFO] [GradleStart]: Running with arguments: [--userProperties, {}, --assetsDir, C:/Users/brawl/.gradle/caches/minecraft/assets, --assetIndex, 1.7.10, --accessToken, {REDACTED}, --version, 1.7.10, --tweakClass, cpw.mods.fml.common.launcher.FMLTweaker, --tweakClass, net.minecraftforge.gradle.tweakers.CoremodTweaker]
[17:18:46] [main/INFO] [LaunchWrapper]: Loading tweak class name cpw.mods.fml.common.launcher.FMLTweaker
[17:18:46] [main/INFO] [LaunchWrapper]: Using primary tweak class name cpw.mods.fml.common.launcher.FMLTweaker
[17:18:46] [main/INFO] [LaunchWrapper]: Loading tweak class name net.minecraftforge.gradle.tweakers.CoremodTweaker
[17:18:46] [main/INFO] [LaunchWrapper]: Calling tweak class cpw.mods.fml.common.launcher.FMLTweaker
[17:20:37] [main/INFO] [GradleStart]: Extra: []
[17:20:37] [main/INFO] [GradleStart]: Found and added coremod: com.mod.htgt6.common.handler.biometweaks.BiomeLimitLoader
[17:20:37] [main/INFO] [GradleStart]: Running with arguments: [--userProperties, {}, --assetsDir, C:/Users/brawl/.gradle/caches/minecraft/assets, --assetIndex, 1.7.10, --accessToken, {REDACTED}, --version, 1.7.10, --tweakClass, cpw.mods.fml.common.launcher.FMLTweaker, --tweakClass, net.minecraftforge.gradle.tweakers.CoremodTweaker]
[17:20:37] [main/INFO] [LaunchWrapper]: Loading tweak class name cpw.mods.fml.common.launcher.FMLTweaker
[17:20:37] [main/INFO] [LaunchWrapper]: Using primary tweak class name cpw.mods.fml.common.launcher.FMLTweaker
[17:20:37] [main/INFO] [LaunchWrapper]: Loading tweak class name net.minecraftforge.gradle.tweakers.CoremodTweaker
[17:20:37] [main/INFO] [LaunchWrapper]: Calling tweak class cpw.mods.fml.common.launcher.FMLTweaker
[17:22:02] [main/INFO] [GradleStart]: Extra: []
[17:22:02] [main/INFO] [GradleStart]: Found and added coremod: com.mod.htgt6.common.handler.biometweaks.BiomeLimitLoader
[17:22:02] [main/INFO] [GradleStart]: Running with arguments: [--userProperties, {}, --assetsDir, C:/Users/brawl/.gradle/caches/minecraft/assets, --assetIndex, 1.7.10, --accessToken, {REDACTED}, --version, 1.7.10, --tweakClass, cpw.mods.fml.common.launcher.FMLTweaker, --tweakClass, net.minecraftforge.gradle.tweakers.CoremodTweaker]
[17:22:02] [main/INFO] [LaunchWrapper]: Loading tweak class name cpw.mods.fml.common.launcher.FMLTweaker
[17:22:02] [main/INFO] [LaunchWrapper]: Using primary tweak class name cpw.mods.fml.common.launcher.FMLTweaker
[17:22:02] [main/INFO] [LaunchWrapper]: Loading tweak class name net.minecraftforge.gradle.tweakers.CoremodTweaker
[17:22:02] [main/INFO] [LaunchWrapper]: Calling tweak class cpw.mods.fml.common.launcher.FMLTweaker
[17:23:31] [main/INFO] [GradleStart]: Extra: []
[17:23:31] [main/INFO] [GradleStart]: Found and added coremod: com.mod.htgt6.common.handler.biometweaks.BiomeLimitLoader
[17:23:31] [main/INFO] [GradleStart]: Running with arguments: [--userProperties, {}, --assetsDir, C:/Users/brawl/.gradle/caches/minecraft/assets, --assetIndex, 1.7.10, --accessToken, {REDACTED}, --version, 1.7.10, --tweakClass, cpw.mods.fml.common.launcher.FMLTweaker, --tweakClass, net.minecraftforge.gradle.tweakers.CoremodTweaker]
[17:23:31] [main/INFO] [LaunchWrapper]: Loading tweak class name cpw.mods.fml.common.launcher.FMLTweaker
[17:23:31] [main/INFO] [LaunchWrapper]: Using primary tweak class name cpw.mods.fml.common.launcher.FMLTweaker
[17:23:31] [main/INFO] [LaunchWrapper]: Loading tweak class name net.minecraftforge.gradle.tweakers.CoremodTweaker
[17:23:31] [main/INFO] [LaunchWrapper]: Calling tweak class cpw.mods.fml.common.launcher.FMLTweaker
[17:29:21] [main/INFO] [GradleStart]: Extra: []
[17:29:21] [main/INFO] [GradleStart]: Found and added coremod: com.mod.htgt6.common.handler.biometweaks.BiomeLimitLoader
[17:29:21] [main/INFO] [GradleStart]: Running with arguments: [--userProperties, {}, --assetsDir, C:/Users/brawl/.gradle/caches/minecraft/assets, --assetIndex, 1.7.10, --accessToken, {REDACTED}, --version, 1.7.10, --tweakClass, cpw.mods.fml.common.launcher.FMLTweaker, --tweakClass, net.minecraftforge.gradle.tweakers.CoremodTweaker]
[17:29:21] [main/INFO] [LaunchWrapper]: Loading tweak class name cpw.mods.fml.common.launcher.FMLTweaker
[17:29:21] [main/INFO] [LaunchWrapper]: Using primary tweak class name cpw.mods.fml.common.launcher.FMLTweaker
[17:29:21] [main/INFO] [LaunchWrapper]: Loading tweak class name net.minecraftforge.gradle.tweakers.CoremodTweaker
[17:29:21] [main/INFO] [LaunchWrapper]: Calling tweak class cpw.mods.fml.common.launcher.FMLTweaker
[17:31:53] [main/INFO] [GradleStart]: Extra: []
[17:31:53] [main/INFO] [GradleStart]: Found and added coremod: com.mod.htgt6.common.handler.biometweaks.BiomeLimitLoader
[17:31:53] [main/INFO] [GradleStart]: Running with arguments: [--userProperties, {}, --assetsDir, C:/Users/brawl/.gradle/caches/minecraft/assets, --assetIndex, 1.7.10, --accessToken, {REDACTED}, --version, 1.7.10, --tweakClass, cpw.mods.fml.common.launcher.FMLTweaker, --tweakClass, net.minecraftforge.gradle.tweakers.CoremodTweaker]
[17:31:53] [main/INFO] [LaunchWrapper]: Loading tweak class name cpw.mods.fml.common.launcher.FMLTweaker
[17:31:53] [main/INFO] [LaunchWrapper]: Using primary tweak class name cpw.mods.fml.common.launcher.FMLTweaker
[17:31:53] [main/INFO] [LaunchWrapper]: Loading tweak class name net.minecraftforge.gradle.tweakers.CoremodTweaker
[17:31:53] [main/INFO] [LaunchWrapper]: Calling tweak class cpw.mods.fml.common.launcher.FMLTweaker
[17:33:09] [main/INFO] [GradleStart]: Extra: []
[17:33:09] [main/INFO] [GradleStart]: Found and added coremod: com.mod.htgt6.common.handler.biometweaks.BiomeLimitLoader
[17:33:09] [main/INFO] [GradleStart]: Running with arguments: [--userProperties, {}, --assetsDir, C:/Users/brawl/.gradle/caches/minecraft/assets, --assetIndex, 1.7.10, --accessToken, {REDACTED}, --version, 1.7.10, --tweakClass, cpw.mods.fml.common.launcher.FMLTweaker, --tweakClass, net.minecraftforge.gradle.tweakers.CoremodTweaker]
[17:33:09] [main/INFO] [LaunchWrapper]: Loading tweak class name cpw.mods.fml.common.launcher.FMLTweaker
[17:33:09] [main/INFO] [LaunchWrapper]: Using primary tweak class name cpw.mods.fml.common.launcher.FMLTweaker
[17:33:09] [main/INFO] [LaunchWrapper]: Loading tweak class name net.minecraftforge.gradle.tweakers.CoremodTweaker
[17:33:09] [main/INFO] [LaunchWrapper]: Calling tweak class cpw.mods.fml.common.launcher.FMLTweaker
[17:33:48] [main/INFO] [GradleStart]: Extra: []
[17:33:49] [main/INFO] [GradleStart]: Found and added coremod: com.mod.htgt6.common.handler.biometweaks.BiomeLimitLoader
[17:33:49] [main/INFO] [GradleStart]: Running with arguments: [--userProperties, {}, --assetsDir, C:/Users/brawl/.gradle/caches/minecraft/assets, --assetIndex, 1.7.10, --accessToken, {REDACTED}, --version, 1.7.10, --tweakClass, cpw.mods.fml.common.launcher.FMLTweaker, --tweakClass, net.minecraftforge.gradle.tweakers.CoremodTweaker]
[17:33:49] [main/INFO] [LaunchWrapper]: Loading tweak class name cpw.mods.fml.common.launcher.FMLTweaker
[17:33:49] [main/INFO] [LaunchWrapper]: Using primary tweak class name cpw.mods.fml.common.launcher.FMLTweaker
[17:33:49] [main/INFO] [LaunchWrapper]: Loading tweak class name net.minecraftforge.gradle.tweakers.CoremodTweaker
[17:33:49] [main/INFO] [LaunchWrapper]: Calling tweak class cpw.mods.fml.common.launcher.FMLTweaker
[17:34:30] [main/INFO] [GradleStart]: Extra: []
[17:34:30] [main/INFO] [GradleStart]: Found and added coremod: com.mod.htgt6.common.handler.biometweaks.BiomeLimitLoader
[17:34:30] [main/INFO] [GradleStart]: Running with arguments: [--userProperties, {}, --assetsDir, C:/Users/brawl/.gradle/caches/minecraft/assets, --assetIndex, 1.7.10, --accessToken, {REDACTED}, --version, 1.7.10, --tweakClass, cpw.mods.fml.common.launcher.FMLTweaker, --tweakClass, net.minecraftforge.gradle.tweakers.CoremodTweaker]
[17:34:30] [main/INFO] [LaunchWrapper]: Loading tweak class name cpw.mods.fml.common.launcher.FMLTweaker
[17:34:30] [main/INFO] [LaunchWrapper]: Using primary tweak class name cpw.mods.fml.common.launcher.FMLTweaker
[17:34:30] [main/INFO] [LaunchWrapper]: Loading tweak class name net.minecraftforge.gradle.tweakers.CoremodTweaker
[17:34:30] [main/INFO] [LaunchWrapper]: Calling tweak class cpw.mods.fml.common.launcher.FMLTweaker
[17:36:25] [main/INFO] [GradleStart]: Extra: []
[17:36:25] [main/INFO] [GradleStart]: Found and added coremod: com.mod.htgt6.common.handler.biometweaks.BiomeLimitLoader
[17:36:25] [main/INFO] [GradleStart]: Running with arguments: [--userProperties, {}, --assetsDir, C:/Users/brawl/.gradle/caches/minecraft/assets, --assetIndex, 1.7.10, --accessToken, {REDACTED}, --version, 1.7.10, --tweakClass, cpw.mods.fml.common.launcher.FMLTweaker, --tweakClass, net.minecraftforge.gradle.tweakers.CoremodTweaker]
[17:36:25] [main/INFO] [LaunchWrapper]: Loading tweak class name cpw.mods.fml.common.launcher.FMLTweaker
[17:36:25] [main/INFO] [LaunchWrapper]: Using primary tweak class name cpw.mods.fml.common.launcher.FMLTweaker
[17:36:25] [main/INFO] [LaunchWrapper]: Loading tweak class name net.minecraftforge.gradle.tweakers.CoremodTweaker
[17:36:25] [main/INFO] [LaunchWrapper]: Calling tweak class cpw.mods.fml.common.launcher.FMLTweaker
[17:39:01] [main/INFO] [GradleStart]: Extra: []
[17:39:01] [main/INFO] [GradleStart]: Found and added coremod: com.mod.htgt6.common.handler.biometweaks.BiomeLimitLoader
[17:39:01] [main/INFO] [GradleStart]: Running with arguments: [--userProperties, {}, --assetsDir, C:/Users/brawl/.gradle/caches/minecraft/assets, --assetIndex, 1.7.10, --accessToken, {REDACTED}, --version, 1.7.10, --tweakClass, cpw.mods.fml.common.launcher.FMLTweaker, --tweakClass, net.minecraftforge.gradle.tweakers.CoremodTweaker]
[17:39:01] [main/INFO] [LaunchWrapper]: Loading tweak class name cpw.mods.fml.common.launcher.FMLTweaker
[17:39:01] [main/INFO] [LaunchWrapper]: Using primary tweak class name cpw.mods.fml.common.launcher.FMLTweaker
[17:39:01] [main/INFO] [LaunchWrapper]: Loading tweak class name net.minecraftforge.gradle.tweakers.CoremodTweaker
[17:39:01] [main/INFO] [LaunchWrapper]: Calling tweak class cpw.mods.fml.common.launcher.FMLTweaker
[17:39:58] [main/INFO] [GradleStart]: Extra: []
[17:39:58] [main/INFO] [GradleStart]: Found and added coremod: com.mod.htgt6.common.handler.biometweaks.BiomeLimitLoader
[17:39:58] [main/INFO] [GradleStart]: Running with arguments: [--userProperties, {}, --assetsDir, C:/Users/brawl/.gradle/caches/minecraft/assets, --assetIndex, 1.7.10, --accessToken, {REDACTED}, --version, 1.7.10, --tweakClass, cpw.mods.fml.common.launcher.FMLTweaker, --tweakClass, net.minecraftforge.gradle.tweakers.CoremodTweaker]
[17:39:58] [main/INFO] [LaunchWrapper]: Loading tweak class name cpw.mods.fml.common.launcher.FMLTweaker
[17:39:58] [main/INFO] [LaunchWrapper]: Using primary tweak class name cpw.mods.fml.common.launcher.FMLTweaker
[17:39:58] [main/INFO] [LaunchWrapper]: Loading tweak class name net.minecraftforge.gradle.tweakers.CoremodTweaker
[17:39:58] [main/INFO] [LaunchWrapper]: Calling tweak class cpw.mods.fml.common.launcher.FMLTweaker
[17:40:51] [main/INFO] [GradleStart]: Extra: []
[17:40:51] [main/INFO] [GradleStart]: Found and added coremod: com.mod.htgt6.common.handler.biometweaks.BiomeLimitLoader
[17:40:51] [main/INFO] [GradleStart]: Running with arguments: [--userProperties, {}, --assetsDir, C:/Users/brawl/.gradle/caches/minecraft/assets, --assetIndex, 1.7.10, --accessToken, {REDACTED}, --version, 1.7.10, --tweakClass, cpw.mods.fml.common.launcher.FMLTweaker, --tweakClass, net.minecraftforge.gradle.tweakers.CoremodTweaker]
[17:40:51] [main/INFO] [LaunchWrapper]: Loading tweak class name cpw.mods.fml.common.launcher.FMLTweaker
[17:40:51] [main/INFO] [LaunchWrapper]: Using primary tweak class name cpw.mods.fml.common.launcher.FMLTweaker
[17:40:51] [main/INFO] [LaunchWrapper]: Loading tweak class name net.minecraftforge.gradle.tweakers.CoremodTweaker
[17:40:51] [main/INFO] [LaunchWrapper]: Calling tweak class cpw.mods.fml.common.launcher.FMLTweaker
[17:41:34] [main/INFO] [GradleStart]: Extra: []
[17:41:34] [main/INFO] [GradleStart]: Found and added coremod: com.mod.htgt6.common.handler.biometweaks.BiomeLimitLoader
[17:41:34] [main/INFO] [GradleStart]: Running with arguments: [--userProperties, {}, --assetsDir, C:/Users/brawl/.gradle/caches/minecraft/assets, --assetIndex, 1.7.10, --accessToken, {REDACTED}, --version, 1.7.10, --tweakClass, cpw.mods.fml.common.launcher.FMLTweaker, --tweakClass, net.minecraftforge.gradle.tweakers.CoremodTweaker]
[17:41:34] [main/INFO] [LaunchWrapper]: Loading tweak class name cpw.mods.fml.common.launcher.FMLTweaker
[17:41:34] [main/INFO] [LaunchWrapper]: Using primary tweak class name cpw.mods.fml.common.launcher.FMLTweaker
[17:41:34] [main/INFO] [LaunchWrapper]: Loading tweak class name net.minecraftforge.gradle.tweakers.CoremodTweaker
[17:41:34] [main/INFO] [LaunchWrapper]: Calling tweak class cpw.mods.fml.common.launcher.FMLTweaker
[17:42:35] [main/INFO] [GradleStart]: Extra: []
[17:42:35] [main/INFO] [GradleStart]: Found and added coremod: com.mod.htgt6.common.handler.biometweaks.BiomeLimitLoader
[17:42:35] [main/INFO] [GradleStart]: Running with arguments: [--userProperties, {}, --assetsDir, C:/Users/brawl/.gradle/caches/minecraft/assets, --assetIndex, 1.7.10, --accessToken, {REDACTED}, --version, 1.7.10, --tweakClass, cpw.mods.fml.common.launcher.FMLTweaker, --tweakClass, net.minecraftforge.gradle.tweakers.CoremodTweaker]
[17:42:35] [main/INFO] [LaunchWrapper]: Loading tweak class name cpw.mods.fml.common.launcher.FMLTweaker
[17:42:35] [main/INFO] [LaunchWrapper]: Using primary tweak class name cpw.mods.fml.common.launcher.FMLTweaker
[17:42:35] [main/INFO] [LaunchWrapper]: Loading tweak class name net.minecraftforge.gradle.tweakers.CoremodTweaker
[17:42:35] [main/INFO] [LaunchWrapper]: Calling tweak class cpw.mods.fml.common.launcher.FMLTweaker
[17:43:19] [main/INFO] [GradleStart]: Extra: []
[17:43:19] [main/INFO] [GradleStart]: Found and added coremod: com.mod.htgt6.common.handler.biometweaks.BiomeLimitLoader
[17:43:19] [main/INFO] [GradleStart]: Running with arguments: [--userProperties, {}, --assetsDir, C:/Users/brawl/.gradle/caches/minecraft/assets, --assetIndex, 1.7.10, --accessToken, {REDACTED}, --version, 1.7.10, --tweakClass, cpw.mods.fml.common.launcher.FMLTweaker, --tweakClass, net.minecraftforge.gradle.tweakers.CoremodTweaker]
[17:43:19] [main/INFO] [LaunchWrapper]: Loading tweak class name cpw.mods.fml.common.launcher.FMLTweaker
[17:43:19] [main/INFO] [LaunchWrapper]: Using primary tweak class name cpw.mods.fml.common.launcher.FMLTweaker
[17:43:19] [main/INFO] [LaunchWrapper]: Loading tweak class name net.minecraftforge.gradle.tweakers.CoremodTweaker
[17:43:19] [main/INFO] [LaunchWrapper]: Calling tweak class cpw.mods.fml.common.launcher.FMLTweaker
[17:44:07] [main/INFO] [GradleStart]: Extra: []
[17:44:07] [main/INFO] [GradleStart]: Found and added coremod: com.mod.htgt6.common.handler.biometweaks.BiomeLimitLoader
[17:44:07] [main/INFO] [GradleStart]: Running with arguments: [--userProperties, {}, --assetsDir, C:/Users/brawl/.gradle/caches/minecraft/assets, --assetIndex, 1.7.10, --accessToken, {REDACTED}, --version, 1.7.10, --tweakClass, cpw.mods.fml.common.launcher.FMLTweaker, --tweakClass, net.minecraftforge.gradle.tweakers.CoremodTweaker]
[17:44:07] [main/INFO] [LaunchWrapper]: Loading tweak class name cpw.mods.fml.common.launcher.FMLTweaker
[17:44:07] [main/INFO] [LaunchWrapper]: Using primary tweak class name cpw.mods.fml.common.launcher.FMLTweaker
[17:44:07] [main/INFO] [LaunchWrapper]: Loading tweak class name net.minecraftforge.gradle.tweakers.CoremodTweaker
[17:44:07] [main/INFO] [LaunchWrapper]: Calling tweak class cpw.mods.fml.common.launcher.FMLTweaker
[17:45:32] [main/INFO] [GradleStart]: Extra: []
[17:45:32] [main/INFO] [GradleStart]: Found and added coremod: com.mod.htgt6.common.handler.biometweaks.BiomeLimitLoader
[17:45:32] [main/INFO] [GradleStart]: Running with arguments: [--userProperties, {}, --assetsDir, C:/Users/brawl/.gradle/caches/minecraft/assets, --assetIndex, 1.7.10, --accessToken, {REDACTED}, --version, 1.7.10, --tweakClass, cpw.mods.fml.common.launcher.FMLTweaker, --tweakClass, net.minecraftforge.gradle.tweakers.CoremodTweaker]
[17:45:32] [main/INFO] [LaunchWrapper]: Loading tweak class name cpw.mods.fml.common.launcher.FMLTweaker
[17:45:32] [main/INFO] [LaunchWrapper]: Using primary tweak class name cpw.mods.fml.common.launcher.FMLTweaker
[17:45:32] [main/INFO] [LaunchWrapper]: Loading tweak class name net.minecraftforge.gradle.tweakers.CoremodTweaker
[17:45:32] [main/INFO] [LaunchWrapper]: Calling tweak class cpw.mods.fml.common.launcher.FMLTweaker
[17:46:07] [main/INFO] [GradleStart]: Extra: []
[17:46:08] [main/INFO] [GradleStart]: Found and added coremod: com.mod.htgt6.common.handler.biometweaks.BiomeLimitLoader
[17:46:08] [main/INFO] [GradleStart]: Running with arguments: [--userProperties, {}, --assetsDir, C:/Users/brawl/.gradle/caches/minecraft/assets, --assetIndex, 1.7.10, --accessToken, {REDACTED}, --version, 1.7.10, --tweakClass, cpw.mods.fml.common.launcher.FMLTweaker, --tweakClass, net.minecraftforge.gradle.tweakers.CoremodTweaker]
[17:46:08] [main/INFO] [LaunchWrapper]: Loading tweak class name cpw.mods.fml.common.launcher.FMLTweaker
[17:46:08] [main/INFO] [LaunchWrapper]: Using primary tweak class name cpw.mods.fml.common.launcher.FMLTweaker
[17:46:08] [main/INFO] [LaunchWrapper]: Loading tweak class name net.minecraftforge.gradle.tweakers.CoremodTweaker
[17:46:08] [main/INFO] [LaunchWrapper]: Calling tweak class cpw.mods.fml.common.launcher.FMLTweaker
[17:47:00] [main/INFO] [GradleStart]: Extra: []
[17:47:00] [main/INFO] [GradleStart]: Found and added coremod: com.mod.htgt6.common.handler.biometweaks.BiomeLimitLoader
[17:47:00] [main/INFO] [GradleStart]: Running with arguments: [--userProperties, {}, --assetsDir, C:/Users/brawl/.gradle/caches/minecraft/assets, --assetIndex, 1.7.10, --accessToken, {REDACTED}, --version, 1.7.10, --tweakClass, cpw.mods.fml.common.launcher.FMLTweaker, --tweakClass, net.minecraftforge.gradle.tweakers.CoremodTweaker]
[17:47:00] [main/INFO] [LaunchWrapper]: Loading tweak class name cpw.mods.fml.common.launcher.FMLTweaker
[17:47:01] [main/INFO] [LaunchWrapper]: Using primary tweak class name cpw.mods.fml.common.launcher.FMLTweaker
[17:47:01] [main/INFO] [LaunchWrapper]: Loading tweak class name net.minecraftforge.gradle.tweakers.CoremodTweaker
[17:47:01] [main/INFO] [LaunchWrapper]: Calling tweak class cpw.mods.fml.common.launcher.FMLTweaker
[17:47:45] [main/INFO] [GradleStart]: Extra: []
[17:47:45] [main/INFO] [GradleStart]: Found and added coremod: com.mod.htgt6.common.handler.biometweaks.BiomeLimitLoader
[17:47:45] [main/INFO] [GradleStart]: Running with arguments: [--userProperties, {}, --assetsDir, C:/Users/brawl/.gradle/caches/minecraft/assets, --assetIndex, 1.7.10, --accessToken, {REDACTED}, --version, 1.7.10, --tweakClass, cpw.mods.fml.common.launcher.FMLTweaker, --tweakClass, net.minecraftforge.gradle.tweakers.CoremodTweaker]
[17:47:45] [main/INFO] [LaunchWrapper]: Loading tweak class name cpw.mods.fml.common.launcher.FMLTweaker
[17:47:45] [main/INFO] [LaunchWrapper]: Using primary tweak class name cpw.mods.fml.common.launcher.FMLTweaker
[17:47:45] [main/INFO] [LaunchWrapper]: Loading tweak class name net.minecraftforge.gradle.tweakers.CoremodTweaker
[17:47:45] [main/INFO] [LaunchWrapper]: Calling tweak class cpw.mods.fml.common.launcher.FMLTweaker
[17:49:55] [main/INFO] [GradleStart]: Extra: []
[17:49:55] [main/INFO] [GradleStart]: Found and added coremod: com.mod.htgt6.common.handler.biometweaks.BiomeLimitLoader
[17:49:55] [main/INFO] [GradleStart]: Running with arguments: [--userProperties, {}, --assetsDir, C:/Users/brawl/.gradle/caches/minecraft/assets, --assetIndex, 1.7.10, --accessToken, {REDACTED}, --version, 1.7.10, --tweakClass, cpw.mods.fml.common.launcher.FMLTweaker, --tweakClass, net.minecraftforge.gradle.tweakers.CoremodTweaker]
[17:49:55] [main/INFO] [LaunchWrapper]: Loading tweak class name cpw.mods.fml.common.launcher.FMLTweaker
[17:49:55] [main/INFO] [LaunchWrapper]: Using primary tweak class name cpw.mods.fml.common.launcher.FMLTweaker
[17:49:55] [main/INFO] [LaunchWrapper]: Loading tweak class name net.minecraftforge.gradle.tweakers.CoremodTweaker
[17:49:55] [main/INFO] [LaunchWrapper]: Calling tweak class cpw.mods.fml.common.launcher.FMLTweaker
[17:51:17] [main/INFO] [GradleStart]: Extra: []
[17:51:17] [main/INFO] [GradleStart]: Found and added coremod: com.mod.htgt6.common.handler.biometweaks.BiomeLimitLoader
[17:51:17] [main/INFO] [GradleStart]: Running with arguments: [--userProperties, {}, --assetsDir, C:/Users/brawl/.gradle/caches/minecraft/assets, --assetIndex, 1.7.10, --accessToken, {REDACTED}, --version, 1.7.10, --tweakClass, cpw.mods.fml.common.launcher.FMLTweaker, --tweakClass, net.minecraftforge.gradle.tweakers.CoremodTweaker]
[17:51:17] [main/INFO] [LaunchWrapper]: Loading tweak class name cpw.mods.fml.common.launcher.FMLTweaker
[17:51:17] [main/INFO] [LaunchWrapper]: Using primary tweak class name cpw.mods.fml.common.launcher.FMLTweaker
[17:51:17] [main/INFO] [LaunchWrapper]: Loading tweak class name net.minecraftforge.gradle.tweakers.CoremodTweaker
[17:51:17] [main/INFO] [LaunchWrapper]: Calling tweak class cpw.mods.fml.common.launcher.FMLTweaker
[18:20:32] [main/INFO] [GradleStart]: Extra: []
[18:20:32] [main/INFO] [GradleStart]: Found and added coremod: com.mod.htgt6.common.handler.biometweaks.BiomeLimitLoader
[18:20:32] [main/INFO] [GradleStart]: Running with arguments: [--userProperties, {}, --assetsDir, C:/Users/brawl/.gradle/caches/minecraft/assets, --assetIndex, 1.7.10, --accessToken, {REDACTED}, --version, 1.7.10, --tweakClass, cpw.mods.fml.common.launcher.FMLTweaker, --tweakClass, net.minecraftforge.gradle.tweakers.CoremodTweaker]
[18:20:32] [main/INFO] [LaunchWrapper]: Loading tweak class name cpw.mods.fml.common.launcher.FMLTweaker
[18:20:32] [main/INFO] [LaunchWrapper]: Using primary tweak class name cpw.mods.fml.common.launcher.FMLTweaker
[18:20:32] [main/INFO] [LaunchWrapper]: Loading tweak class name net.minecraftforge.gradle.tweakers.CoremodTweaker
[18:20:32] [main/INFO] [LaunchWrapper]: Calling tweak class cpw.mods.fml.common.launcher.FMLTweaker
[18:23:42] [main/INFO] [GradleStart]: Extra: []
[18:23:42] [main/INFO] [GradleStart]: Found and added coremod: com.mod.htgt6.common.handler.biometweaks.BiomeLimitLoader
[18:23:42] [main/INFO] [GradleStart]: Running with arguments: [--userProperties, {}, --assetsDir, C:/Users/brawl/.gradle/caches/minecraft/assets, --assetIndex, 1.7.10, --accessToken, {REDACTED}, --version, 1.7.10, --tweakClass, cpw.mods.fml.common.launcher.FMLTweaker, --tweakClass, net.minecraftforge.gradle.tweakers.CoremodTweaker]
[18:23:42] [main/INFO] [LaunchWrapper]: Loading tweak class name cpw.mods.fml.common.launcher.FMLTweaker
[18:23:42] [main/INFO] [LaunchWrapper]: Using primary tweak class name cpw.mods.fml.common.launcher.FMLTweaker
[18:23:42] [main/INFO] [LaunchWrapper]: Loading tweak class name net.minecraftforge.gradle.tweakers.CoremodTweaker
[18:23:42] [main/INFO] [LaunchWrapper]: Calling tweak class cpw.mods.fml.common.launcher.FMLTweaker
[18:28:33] [main/INFO] [GradleStart]: Extra: []
[18:28:33] [main/INFO] [GradleStart]: Found and added coremod: com.mod.htgt6.common.handler.biometweaks.BiomeLimitLoader
[18:28:33] [main/INFO] [GradleStart]: Running with arguments: [--userProperties, {}, --assetsDir, C:/Users/brawl/.gradle/caches/minecraft/assets, --assetIndex, 1.7.10, --accessToken, {REDACTED}, --version, 1.7.10, --tweakClass, cpw.mods.fml.common.launcher.FMLTweaker, --tweakClass, net.minecraftforge.gradle.tweakers.CoremodTweaker]
[18:28:33] [main/INFO] [LaunchWrapper]: Loading tweak class name cpw.mods.fml.common.launcher.FMLTweaker
[18:28:33] [main/INFO] [LaunchWrapper]: Using primary tweak class name cpw.mods.fml.common.launcher.FMLTweaker
[18:28:33] [main/INFO] [LaunchWrapper]: Loading tweak class name net.minecraftforge.gradle.tweakers.CoremodTweaker
[18:28:33] [main/INFO] [LaunchWrapper]: Calling tweak class cpw.mods.fml.common.launcher.FMLTweaker
[18:29:49] [main/INFO] [GradleStart]: Extra: []
[18:29:49] [main/INFO] [GradleStart]: Found and added coremod: com.mod.htgt6.common.handler.biometweaks.BiomeLimitLoader
[18:29:49] [main/INFO] [GradleStart]: Running with arguments: [--userProperties, {}, --assetsDir, C:/Users/brawl/.gradle/caches/minecraft/assets, --assetIndex, 1.7.10, --accessToken, {REDACTED}, --version, 1.7.10, --tweakClass, cpw.mods.fml.common.launcher.FMLTweaker, --tweakClass, net.minecraftforge.gradle.tweakers.CoremodTweaker]
[18:29:49] [main/INFO] [LaunchWrapper]: Loading tweak class name cpw.mods.fml.common.launcher.FMLTweaker
[18:29:49] [main/INFO] [LaunchWrapper]: Using primary tweak class name cpw.mods.fml.common.launcher.FMLTweaker
[18:29:49] [main/INFO] [LaunchWrapper]: Loading tweak class name net.minecraftforge.gradle.tweakers.CoremodTweaker
[18:29:49] [main/INFO] [LaunchWrapper]: Calling tweak class cpw.mods.fml.common.launcher.FMLTweaker
[18:30:43] [main/INFO] [GradleStart]: Extra: []
[18:30:43] [main/INFO] [GradleStart]: Found and added coremod: com.mod.htgt6.common.handler.biometweaks.BiomeLimitLoader
[18:30:43] [main/INFO] [GradleStart]: Running with arguments: [--userProperties, {}, --assetsDir, C:/Users/brawl/.gradle/caches/minecraft/assets, --assetIndex, 1.7.10, --accessToken, {REDACTED}, --version, 1.7.10, --tweakClass, cpw.mods.fml.common.launcher.FMLTweaker, --tweakClass, net.minecraftforge.gradle.tweakers.CoremodTweaker]
[18:30:43] [main/INFO] [LaunchWrapper]: Loading tweak class name cpw.mods.fml.common.launcher.FMLTweaker
[18:30:43] [main/INFO] [LaunchWrapper]: Using primary tweak class name cpw.mods.fml.common.launcher.FMLTweaker
[18:30:43] [main/INFO] [LaunchWrapper]: Loading tweak class name net.minecraftforge.gradle.tweakers.CoremodTweaker
[18:30:43] [main/INFO] [LaunchWrapper]: Calling tweak class cpw.mods.fml.common.launcher.FMLTweaker
[18:31:27] [main/INFO] [GradleStart]: Extra: []
[18:31:27] [main/INFO] [GradleStart]: Found and added coremod: com.mod.htgt6.common.handler.biometweaks.BiomeLimitLoader
[18:31:27] [main/INFO] [GradleStart]: Running with arguments: [--userProperties, {}, --assetsDir, C:/Users/brawl/.gradle/caches/minecraft/assets, --assetIndex, 1.7.10, --accessToken, {REDACTED}, --version, 1.7.10, --tweakClass, cpw.mods.fml.common.launcher.FMLTweaker, --tweakClass, net.minecraftforge.gradle.tweakers.CoremodTweaker]
[18:31:27] [main/INFO] [LaunchWrapper]: Loading tweak class name cpw.mods.fml.common.launcher.FMLTweaker
[18:31:27] [main/INFO] [LaunchWrapper]: Using primary tweak class name cpw.mods.fml.common.launcher.FMLTweaker
[18:31:27] [main/INFO] [LaunchWrapper]: Loading tweak class name net.minecraftforge.gradle.tweakers.CoremodTweaker
[18:31:27] [main/INFO] [LaunchWrapper]: Calling tweak class cpw.mods.fml.common.launcher.FMLTweaker
[18:33:26] [main/INFO] [GradleStart]: Extra: []
[18:33:26] [main/INFO] [GradleStart]: Found and added coremod: com.mod.htgt6.common.handler.biometweaks.BiomeLimitLoader
[18:33:26] [main/INFO] [GradleStart]: Running with arguments: [--userProperties, {}, --assetsDir, C:/Users/brawl/.gradle/caches/minecraft/assets, --assetIndex, 1.7.10, --accessToken, {REDACTED}, --version, 1.7.10, --tweakClass, cpw.mods.fml.common.launcher.FMLTweaker, --tweakClass, net.minecraftforge.gradle.tweakers.CoremodTweaker]
[18:33:26] [main/INFO] [LaunchWrapper]: Loading tweak class name cpw.mods.fml.common.launcher.FMLTweaker
[18:33:26] [main/INFO] [LaunchWrapper]: Using primary tweak class name cpw.mods.fml.common.launcher.FMLTweaker
[18:33:26] [main/INFO] [LaunchWrapper]: Loading tweak class name net.minecraftforge.gradle.tweakers.CoremodTweaker
[18:33:26] [main/INFO] [LaunchWrapper]: Calling tweak class cpw.mods.fml.common.launcher.FMLTweaker
[18:36:50] [main/INFO] [GradleStart]: Extra: []
[18:36:50] [main/INFO] [GradleStart]: Found and added coremod: com.mod.htgt6.common.handler.biometweaks.BiomeLimitLoader
[18:36:50] [main/INFO] [GradleStart]: Running with arguments: [--userProperties, {}, --assetsDir, C:/Users/brawl/.gradle/caches/minecraft/assets, --assetIndex, 1.7.10, --accessToken, {REDACTED}, --version, 1.7.10, --tweakClass, cpw.mods.fml.common.launcher.FMLTweaker, --tweakClass, net.minecraftforge.gradle.tweakers.CoremodTweaker]
[18:36:50] [main/INFO] [LaunchWrapper]: Loading tweak class name cpw.mods.fml.common.launcher.FMLTweaker
[18:36:50] [main/INFO] [LaunchWrapper]: Using primary tweak class name cpw.mods.fml.common.launcher.FMLTweaker
[18:36:50] [main/INFO] [LaunchWrapper]: Loading tweak class name net.minecraftforge.gradle.tweakers.CoremodTweaker
[18:36:50] [main/INFO] [LaunchWrapper]: Calling tweak class cpw.mods.fml.common.launcher.FMLTweaker
[18:38:28] [main/INFO] [GradleStart]: Extra: []
[18:38:29] [main/INFO] [GradleStart]: Found and added coremod: com.mod.htgt6.common.handler.biometweaks.BiomeLimitLoader
[18:38:29] [main/INFO] [GradleStart]: Running with arguments: [--userProperties, {}, --assetsDir, C:/Users/brawl/.gradle/caches/minecraft/assets, --assetIndex, 1.7.10, --accessToken, {REDACTED}, --version, 1.7.10, --tweakClass, cpw.mods.fml.common.launcher.FMLTweaker, --tweakClass, net.minecraftforge.gradle.tweakers.CoremodTweaker]
[18:38:29] [main/INFO] [LaunchWrapper]: Loading tweak class name cpw.mods.fml.common.launcher.FMLTweaker
[18:38:29] [main/INFO] [LaunchWrapper]: Using primary tweak class name cpw.mods.fml.common.launcher.FMLTweaker
[18:38:29] [main/INFO] [LaunchWrapper]: Loading tweak class name net.minecraftforge.gradle.tweakers.CoremodTweaker
[18:38:29] [main/INFO] [LaunchWrapper]: Calling tweak class cpw.mods.fml.common.launcher.FMLTweaker
[18:39:16] [main/INFO] [GradleStart]: Extra: []
[18:39:16] [main/INFO] [GradleStart]: Found and added coremod: com.mod.htgt6.common.handler.biometweaks.BiomeLimitLoader
[18:39:16] [main/INFO] [GradleStart]: Running with arguments: [--userProperties, {}, --assetsDir, C:/Users/brawl/.gradle/caches/minecraft/assets, --assetIndex, 1.7.10, --accessToken, {REDACTED}, --version, 1.7.10, --tweakClass, cpw.mods.fml.common.launcher.FMLTweaker, --tweakClass, net.minecraftforge.gradle.tweakers.CoremodTweaker]
[18:39:16] [main/INFO] [LaunchWrapper]: Loading tweak class name cpw.mods.fml.common.launcher.FMLTweaker
[18:39:16] [main/INFO] [LaunchWrapper]: Using primary tweak class name cpw.mods.fml.common.launcher.FMLTweaker
[18:39:16] [main/INFO] [LaunchWrapper]: Loading tweak class name net.minecraftforge.gradle.tweakers.CoremodTweaker
[18:39:16] [main/INFO] [LaunchWrapper]: Calling tweak class cpw.mods.fml.common.launcher.FMLTweaker
[18:40:00] [main/INFO] [GradleStart]: Extra: []
[18:40:00] [main/INFO] [GradleStart]: Found and added coremod: com.mod.htgt6.common.handler.biometweaks.BiomeLimitLoader
[18:40:00] [main/INFO] [GradleStart]: Running with arguments: [--userProperties, {}, --assetsDir, C:/Users/brawl/.gradle/caches/minecraft/assets, --assetIndex, 1.7.10, --accessToken, {REDACTED}, --version, 1.7.10, --tweakClass, cpw.mods.fml.common.launcher.FMLTweaker, --tweakClass, net.minecraftforge.gradle.tweakers.CoremodTweaker]
[18:40:00] [main/INFO] [LaunchWrapper]: Loading tweak class name cpw.mods.fml.common.launcher.FMLTweaker
[18:40:00] [main/INFO] [LaunchWrapper]: Using primary tweak class name cpw.mods.fml.common.launcher.FMLTweaker
[18:40:00] [main/INFO] [LaunchWrapper]: Loading tweak class name net.minecraftforge.gradle.tweakers.CoremodTweaker
[18:40:00] [main/INFO] [LaunchWrapper]: Calling tweak class cpw.mods.fml.common.launcher.FMLTweaker
[18:44:22] [main/INFO] [GradleStart]: Extra: []
[18:44:22] [main/INFO] [GradleStart]: Found and added coremod: com.mod.htgt6.common.handler.biometweaks.BiomeLimitLoader
[18:44:22] [main/INFO] [GradleStart]: Running with arguments: [--userProperties, {}, --assetsDir, C:/Users/brawl/.gradle/caches/minecraft/assets, --assetIndex, 1.7.10, --accessToken, {REDACTED}, --version, 1.7.10, --tweakClass, cpw.mods.fml.common.launcher.FMLTweaker, --tweakClass, net.minecraftforge.gradle.tweakers.CoremodTweaker]
[18:44:22] [main/INFO] [LaunchWrapper]: Loading tweak class name cpw.mods.fml.common.launcher.FMLTweaker
[18:44:22] [main/INFO] [LaunchWrapper]: Using primary tweak class name cpw.mods.fml.common.launcher.FMLTweaker
[18:44:22] [main/INFO] [LaunchWrapper]: Loading tweak class name net.minecraftforge.gradle.tweakers.CoremodTweaker
[18:44:22] [main/INFO] [LaunchWrapper]: Calling tweak class cpw.mods.fml.common.launcher.FMLTweaker
[18:53:08] [main/INFO] [GradleStart]: Extra: []
[18:53:08] [main/INFO] [GradleStart]: Found and added coremod: com.mod.htgt6.common.handler.biometweaks.BiomeLimitLoader
[18:53:08] [main/INFO] [GradleStart]: Running with arguments: [--userProperties, {}, --assetsDir, C:/Users/brawl/.gradle/caches/minecraft/assets, --assetIndex, 1.7.10, --accessToken, {REDACTED}, --version, 1.7.10, --tweakClass, cpw.mods.fml.common.launcher.FMLTweaker, --tweakClass, net.minecraftforge.gradle.tweakers.CoremodTweaker]
[18:53:08] [main/INFO] [LaunchWrapper]: Loading tweak class name cpw.mods.fml.common.launcher.FMLTweaker
[18:53:08] [main/INFO] [LaunchWrapper]: Using primary tweak class name cpw.mods.fml.common.launcher.FMLTweaker
[18:53:08] [main/INFO] [LaunchWrapper]: Loading tweak class name net.minecraftforge.gradle.tweakers.CoremodTweaker
[18:53:08] [main/INFO] [LaunchWrapper]: Calling tweak class cpw.mods.fml.common.launcher.FMLTweaker
[19:00:18] [main/INFO] [GradleStart]: Extra: []
[19:00:18] [main/INFO] [GradleStart]: Found and added coremod: com.mod.htgt6.common.handler.biometweaks.BiomeLimitLoader
[19:00:18] [main/INFO] [GradleStart]: Running with arguments: [--userProperties, {}, --assetsDir, C:/Users/brawl/.gradle/caches/minecraft/assets, --assetIndex, 1.7.10, --accessToken, {REDACTED}, --version, 1.7.10, --tweakClass, cpw.mods.fml.common.launcher.FMLTweaker, --tweakClass, net.minecraftforge.gradle.tweakers.CoremodTweaker]
[19:00:18] [main/INFO] [LaunchWrapper]: Loading tweak class name cpw.mods.fml.common.launcher.FMLTweaker
[19:00:18] [main/INFO] [LaunchWrapper]: Using primary tweak class name cpw.mods.fml.common.launcher.FMLTweaker
[19:00:18] [main/INFO] [LaunchWrapper]: Loading tweak class name net.minecraftforge.gradle.tweakers.CoremodTweaker
[19:00:18] [main/INFO] [LaunchWrapper]: Calling tweak class cpw.mods.fml.common.launcher.FMLTweaker
[19:07:56] [main/INFO] [GradleStart]: Extra: []
[19:07:56] [main/INFO] [GradleStart]: Found and added coremod: com.mod.htgt6.common.handler.biometweaks.BiomeLimitLoader
[19:07:56] [main/INFO] [GradleStart]: Running with arguments: [--userProperties, {}, --assetsDir, C:/Users/brawl/.gradle/caches/minecraft/assets, --assetIndex, 1.7.10, --accessToken, {REDACTED}, --version, 1.7.10, --tweakClass, cpw.mods.fml.common.launcher.FMLTweaker, --tweakClass, net.minecraftforge.gradle.tweakers.CoremodTweaker]
[19:07:56] [main/INFO] [LaunchWrapper]: Loading tweak class name cpw.mods.fml.common.launcher.FMLTweaker
[19:07:56] [main/INFO] [LaunchWrapper]: Using primary tweak class name cpw.mods.fml.common.launcher.FMLTweaker
[19:07:56] [main/INFO] [LaunchWrapper]: Loading tweak class name net.minecraftforge.gradle.tweakers.CoremodTweaker
[19:07:56] [main/INFO] [LaunchWrapper]: Calling tweak class cpw.mods.fml.common.launcher.FMLTweaker
[18:28:27] [main/INFO] [GradleStart]: Extra: []
[18:28:27] [main/INFO] [GradleStart]: Found and added coremod: com.mod.htgt6.common.handler.biometweaks.BiomeLimitLoader
[18:28:27] [main/INFO] [GradleStart]: Running with arguments: [--userProperties, {}, --assetsDir, C:/Users/brawl/.gradle/caches/minecraft/assets, --assetIndex, 1.7.10, --accessToken, {REDACTED}, --version, 1.7.10, --tweakClass, cpw.mods.fml.common.launcher.FMLTweaker, --tweakClass, net.minecraftforge.gradle.tweakers.CoremodTweaker]
[18:28:27] [main/INFO] [LaunchWrapper]: Loading tweak class name cpw.mods.fml.common.launcher.FMLTweaker
[18:28:27] [main/INFO] [LaunchWrapper]: Using primary tweak class name cpw.mods.fml.common.launcher.FMLTweaker
[18:28:27] [main/INFO] [LaunchWrapper]: Loading tweak class name net.minecraftforge.gradle.tweakers.CoremodTweaker
[18:28:27] [main/INFO] [LaunchWrapper]: Calling tweak class cpw.mods.fml.common.launcher.FMLTweaker
[18:40:52] [main/INFO] [GradleStart]: Extra: []
[18:40:52] [main/INFO] [GradleStart]: Found and added coremod: com.mod.htgt6.common.handler.biometweaks.BiomeLimitLoader
[18:40:52] [main/INFO] [GradleStart]: Running with arguments: [--userProperties, {}, --assetsDir, C:/Users/brawl/.gradle/caches/minecraft/assets, --assetIndex, 1.7.10, --accessToken, {REDACTED}, --version, 1.7.10, --tweakClass, cpw.mods.fml.common.launcher.FMLTweaker, --tweakClass, net.minecraftforge.gradle.tweakers.CoremodTweaker]
[18:40:52] [main/INFO] [LaunchWrapper]: Loading tweak class name cpw.mods.fml.common.launcher.FMLTweaker
[18:40:52] [main/INFO] [LaunchWrapper]: Using primary tweak class name cpw.mods.fml.common.launcher.FMLTweaker
[18:40:52] [main/INFO] [LaunchWrapper]: Loading tweak class name net.minecraftforge.gradle.tweakers.CoremodTweaker
[18:40:52] [main/INFO] [LaunchWrapper]: Calling tweak class cpw.mods.fml.common.launcher.FMLTweaker
[19:14:40] [main/INFO] [GradleStart]: Extra: []
[19:14:40] [main/INFO] [GradleStart]: Found and added coremod: com.mod.htgt6.common.handler.biometweaks.BiomeLimitLoader
[19:14:40] [main/INFO] [GradleStart]: Running with arguments: [--userProperties, {}, --assetsDir, C:/Users/brawl/.gradle/caches/minecraft/assets, --assetIndex, 1.7.10, --accessToken, {REDACTED}, --version, 1.7.10, --tweakClass, cpw.mods.fml.common.launcher.FMLTweaker, --tweakClass, net.minecraftforge.gradle.tweakers.CoremodTweaker]
[19:14:40] [main/INFO] [LaunchWrapper]: Loading tweak class name cpw.mods.fml.common.launcher.FMLTweaker
[19:14:40] [main/INFO] [LaunchWrapper]: Using primary tweak class name cpw.mods.fml.common.launcher.FMLTweaker
[19:14:40] [main/INFO] [LaunchWrapper]: Loading tweak class name net.minecraftforge.gradle.tweakers.CoremodTweaker
[19:14:40] [main/INFO] [LaunchWrapper]: Calling tweak class cpw.mods.fml.common.launcher.FMLTweaker
[19:27:03] [main/INFO] [GradleStart]: Extra: []
[19:27:03] [main/INFO] [GradleStart]: Found and added coremod: com.mod.htgt6.common.handler.biometweaks.BiomeLoadingPlugin
[19:27:03] [main/INFO] [GradleStart]: Running with arguments: [--userProperties, {}, --assetsDir, C:/Users/brawl/.gradle/caches/minecraft/assets, --assetIndex, 1.7.10, --accessToken, {REDACTED}, --version, 1.7.10, --tweakClass, cpw.mods.fml.common.launcher.FMLTweaker, --tweakClass, net.minecraftforge.gradle.tweakers.CoremodTweaker]
[19:27:03] [main/INFO] [LaunchWrapper]: Loading tweak class name cpw.mods.fml.common.launcher.FMLTweaker
[19:27:03] [main/INFO] [LaunchWrapper]: Using primary tweak class name cpw.mods.fml.common.launcher.FMLTweaker
[19:27:03] [main/INFO] [LaunchWrapper]: Loading tweak class name net.minecraftforge.gradle.tweakers.CoremodTweaker
[19:27:03] [main/INFO] [LaunchWrapper]: Calling tweak class cpw.mods.fml.common.launcher.FMLTweaker
[19:27:42] [main/INFO] [GradleStart]: Extra: []
[19:27:42] [main/INFO] [GradleStart]: Found and added coremod: com.mod.htgt6.common.handler.biometweaks.BiomeLoadingPlugin
[19:27:42] [main/INFO] [GradleStart]: Running with arguments: [--userProperties, {}, --assetsDir, C:/Users/brawl/.gradle/caches/minecraft/assets, --assetIndex, 1.7.10, --accessToken, {REDACTED}, --version, 1.7.10, --tweakClass, cpw.mods.fml.common.launcher.FMLTweaker, --tweakClass, net.minecraftforge.gradle.tweakers.CoremodTweaker]
[19:27:42] [main/INFO] [LaunchWrapper]: Loading tweak class name cpw.mods.fml.common.launcher.FMLTweaker
[19:27:42] [main/INFO] [LaunchWrapper]: Using primary tweak class name cpw.mods.fml.common.launcher.FMLTweaker
[19:27:42] [main/INFO] [LaunchWrapper]: Loading tweak class name net.minecraftforge.gradle.tweakers.CoremodTweaker
[19:27:42] [main/INFO] [LaunchWrapper]: Calling tweak class cpw.mods.fml.common.launcher.FMLTweaker
[19:28:32] [main/INFO] [GradleStart]: Extra: []
[19:28:32] [main/INFO] [GradleStart]: Found and added coremod: com.mod.htgt6.common.handler.biometweaks.BiomeLoadingPlugin
[19:28:32] [main/INFO] [GradleStart]: Running with arguments: [--userProperties, {}, --assetsDir, C:/Users/brawl/.gradle/caches/minecraft/assets, --assetIndex, 1.7.10, --accessToken, {REDACTED}, --version, 1.7.10, --tweakClass, cpw.mods.fml.common.launcher.FMLTweaker, --tweakClass, net.minecraftforge.gradle.tweakers.CoremodTweaker]
[19:28:33] [main/INFO] [LaunchWrapper]: Loading tweak class name cpw.mods.fml.common.launcher.FMLTweaker
[19:28:33] [main/INFO] [LaunchWrapper]: Using primary tweak class name cpw.mods.fml.common.launcher.FMLTweaker
[19:28:33] [main/INFO] [LaunchWrapper]: Loading tweak class name net.minecraftforge.gradle.tweakers.CoremodTweaker
[19:28:33] [main/INFO] [LaunchWrapper]: Calling tweak class cpw.mods.fml.common.launcher.FMLTweaker
[19:32:33] [main/INFO] [GradleStart]: Extra: []
[19:32:33] [main/INFO] [GradleStart]: Found and added coremod: com.mod.htgt6.common.handler.biometweaks.BiomeLoadingPlugin
[19:32:33] [main/INFO] [GradleStart]: Running with arguments: [--userProperties, {}, --assetsDir, C:/Users/brawl/.gradle/caches/minecraft/assets, --assetIndex, 1.7.10, --accessToken, {REDACTED}, --version, 1.7.10, --tweakClass, cpw.mods.fml.common.launcher.FMLTweaker, --tweakClass, net.minecraftforge.gradle.tweakers.CoremodTweaker]
[19:32:33] [main/INFO] [LaunchWrapper]: Loading tweak class name cpw.mods.fml.common.launcher.FMLTweaker
[19:32:33] [main/INFO] [LaunchWrapper]: Using primary tweak class name cpw.mods.fml.common.launcher.FMLTweaker
[19:32:33] [main/INFO] [LaunchWrapper]: Loading tweak class name net.minecraftforge.gradle.tweakers.CoremodTweaker
[19:32:33] [main/INFO] [LaunchWrapper]: Calling tweak class cpw.mods.fml.common.launcher.FMLTweaker
[19:33:28] [main/INFO] [GradleStart]: Extra: []
[19:33:28] [main/INFO] [GradleStart]: Found and added coremod: com.mod.htgt6.common.handler.biometweaks.BiomeLoadingPlugin
[19:33:28] [main/INFO] [GradleStart]: Running with arguments: [--userProperties, {}, --assetsDir, C:/Users/brawl/.gradle/caches/minecraft/assets, --assetIndex, 1.7.10, --accessToken, {REDACTED}, --version, 1.7.10, --tweakClass, cpw.mods.fml.common.launcher.FMLTweaker, --tweakClass, net.minecraftforge.gradle.tweakers.CoremodTweaker]
[19:33:28] [main/INFO] [LaunchWrapper]: Loading tweak class name cpw.mods.fml.common.launcher.FMLTweaker
[19:33:28] [main/INFO] [LaunchWrapper]: Using primary tweak class name cpw.mods.fml.common.launcher.FMLTweaker
[19:33:28] [main/INFO] [LaunchWrapper]: Loading tweak class name net.minecraftforge.gradle.tweakers.CoremodTweaker
[19:33:28] [main/INFO] [LaunchWrapper]: Calling tweak class cpw.mods.fml.common.launcher.FMLTweaker
[19:34:21] [main/INFO] [GradleStart]: Extra: []
[19:34:21] [main/INFO] [GradleStart]: Found and added coremod: com.mod.htgt6.common.handler.biometweaks.BiomeLoadingPlugin
[19:34:22] [main/INFO] [GradleStart]: Running with arguments: [--userProperties, {}, --assetsDir, C:/Users/brawl/.gradle/caches/minecraft/assets, --assetIndex, 1.7.10, --accessToken, {REDACTED}, --version, 1.7.10, --tweakClass, cpw.mods.fml.common.launcher.FMLTweaker, --tweakClass, net.minecraftforge.gradle.tweakers.CoremodTweaker]
[19:34:22] [main/INFO] [LaunchWrapper]: Loading tweak class name cpw.mods.fml.common.launcher.FMLTweaker
[19:34:22] [main/INFO] [LaunchWrapper]: Using primary tweak class name cpw.mods.fml.common.launcher.FMLTweaker
[19:34:22] [main/INFO] [LaunchWrapper]: Loading tweak class name net.minecraftforge.gradle.tweakers.CoremodTweaker
[19:34:22] [main/INFO] [LaunchWrapper]: Calling tweak class cpw.mods.fml.common.launcher.FMLTweaker
[19:44:45] [main/INFO] [GradleStart]: Extra: []
[19:44:45] [main/INFO] [GradleStart]: Found and added coremod: com.mod.htgt6.BiomeLoadingPlugin
[19:44:45] [main/INFO] [GradleStart]: Running with arguments: [--userProperties, {}, --assetsDir, C:/Users/brawl/.gradle/caches/minecraft/assets, --assetIndex, 1.7.10, --accessToken, {REDACTED}, --version, 1.7.10, --tweakClass, cpw.mods.fml.common.launcher.FMLTweaker, --tweakClass, net.minecraftforge.gradle.tweakers.CoremodTweaker]
[19:44:45] [main/INFO] [LaunchWrapper]: Loading tweak class name cpw.mods.fml.common.launcher.FMLTweaker
[19:44:45] [main/INFO] [LaunchWrapper]: Using primary tweak class name cpw.mods.fml.common.launcher.FMLTweaker
[19:44:45] [main/INFO] [LaunchWrapper]: Loading tweak class name net.minecraftforge.gradle.tweakers.CoremodTweaker
[19:44:45] [main/INFO] [LaunchWrapper]: Calling tweak class cpw.mods.fml.common.launcher.FMLTweaker
[19:45:40] [main/INFO] [GradleStart]: Extra: []
[19:45:41] [main/INFO] [GradleStart]: Found and added coremod: com.mod.htgt6.BiomeLoadingPlugin
[19:45:41] [main/INFO] [GradleStart]: Running with arguments: [--userProperties, {}, --assetsDir, C:/Users/brawl/.gradle/caches/minecraft/assets, --assetIndex, 1.7.10, --accessToken, {REDACTED}, --version, 1.7.10, --tweakClass, cpw.mods.fml.common.launcher.FMLTweaker, --tweakClass, net.minecraftforge.gradle.tweakers.CoremodTweaker]
[19:45:41] [main/INFO] [LaunchWrapper]: Loading tweak class name cpw.mods.fml.common.launcher.FMLTweaker
[19:45:41] [main/INFO] [LaunchWrapper]: Using primary tweak class name cpw.mods.fml.common.launcher.FMLTweaker
[19:45:41] [main/INFO] [LaunchWrapper]: Loading tweak class name net.minecraftforge.gradle.tweakers.CoremodTweaker
[19:45:41] [main/INFO] [LaunchWrapper]: Calling tweak class cpw.mods.fml.common.launcher.FMLTweaker
[19:55:25] [main/INFO] [GradleStart]: Extra: []
[19:55:25] [main/INFO] [GradleStart]: Found and added coremod: com.mod.htgt6.BiomeLoadingPlugin
[19:55:25] [main/INFO] [GradleStart]: Running with arguments: [--userProperties, {}, --assetsDir, C:/Users/brawl/.gradle/caches/minecraft/assets, --assetIndex, 1.7.10, --accessToken, {REDACTED}, --version, 1.7.10, --tweakClass, cpw.mods.fml.common.launcher.FMLTweaker, --tweakClass, net.minecraftforge.gradle.tweakers.CoremodTweaker]
[19:55:25] [main/INFO] [LaunchWrapper]: Loading tweak class name cpw.mods.fml.common.launcher.FMLTweaker
[19:55:25] [main/INFO] [LaunchWrapper]: Using primary tweak class name cpw.mods.fml.common.launcher.FMLTweaker
[19:55:25] [main/INFO] [LaunchWrapper]: Loading tweak class name net.minecraftforge.gradle.tweakers.CoremodTweaker
[19:55:25] [main/INFO] [LaunchWrapper]: Calling tweak class cpw.mods.fml.common.launcher.FMLTweaker
[19:57:46] [main/INFO] [GradleStart]: Extra: []
[19:57:46] [main/INFO] [GradleStart]: Found and added coremod: com.mod.htgt6.BiomeLoadingPlugin
[19:57:46] [main/INFO] [GradleStart]: Running with arguments: [--userProperties, {}, --assetsDir, C:/Users/brawl/.gradle/caches/minecraft/assets, --assetIndex, 1.7.10, --accessToken, {REDACTED}, --version, 1.7.10, --tweakClass, cpw.mods.fml.common.launcher.FMLTweaker, --tweakClass, net.minecraftforge.gradle.tweakers.CoremodTweaker]
[19:57:46] [main/INFO] [LaunchWrapper]: Loading tweak class name cpw.mods.fml.common.launcher.FMLTweaker
[19:57:46] [main/INFO] [LaunchWrapper]: Using primary tweak class name cpw.mods.fml.common.launcher.FMLTweaker
[19:57:46] [main/INFO] [LaunchWrapper]: Loading tweak class name net.minecraftforge.gradle.tweakers.CoremodTweaker
[19:57:46] [main/INFO] [LaunchWrapper]: Calling tweak class cpw.mods.fml.common.launcher.FMLTweaker
[20:00:59] [main/INFO] [GradleStart]: Extra: []
[20:00:59] [main/INFO] [GradleStart]: Found and added coremod: com.mod.htgt6.BiomeLoadingPlugin
[20:00:59] [main/INFO] [GradleStart]: Running with arguments: [--userProperties, {}, --assetsDir, C:/Users/brawl/.gradle/caches/minecraft/assets, --assetIndex, 1.7.10, --accessToken, {REDACTED}, --version, 1.7.10, --tweakClass, cpw.mods.fml.common.launcher.FMLTweaker, --tweakClass, net.minecraftforge.gradle.tweakers.CoremodTweaker]
[20:00:59] [main/INFO] [LaunchWrapper]: Loading tweak class name cpw.mods.fml.common.launcher.FMLTweaker
[20:00:59] [main/INFO] [LaunchWrapper]: Using primary tweak class name cpw.mods.fml.common.launcher.FMLTweaker
[20:00:59] [main/INFO] [LaunchWrapper]: Loading tweak class name net.minecraftforge.gradle.tweakers.CoremodTweaker
[20:00:59] [main/INFO] [LaunchWrapper]: Calling tweak class cpw.mods.fml.common.launcher.FMLTweaker
[20:02:31] [main/INFO] [GradleStart]: Extra: []
[20:02:31] [main/INFO] [GradleStart]: Found and added coremod: com.mod.htgt6.BiomeLoadingPlugin
[20:02:31] [main/INFO] [GradleStart]: Running with arguments: [--userProperties, {}, --assetsDir, C:/Users/brawl/.gradle/caches/minecraft/assets, --assetIndex, 1.7.10, --accessToken, {REDACTED}, --version, 1.7.10, --tweakClass, cpw.mods.fml.common.launcher.FMLTweaker, --tweakClass, net.minecraftforge.gradle.tweakers.CoremodTweaker]
[20:02:31] [main/INFO] [LaunchWrapper]: Loading tweak class name cpw.mods.fml.common.launcher.FMLTweaker
[20:02:31] [main/INFO] [LaunchWrapper]: Using primary tweak class name cpw.mods.fml.common.launcher.FMLTweaker
[20:02:31] [main/INFO] [LaunchWrapper]: Loading tweak class name net.minecraftforge.gradle.tweakers.CoremodTweaker
[20:02:31] [main/INFO] [LaunchWrapper]: Calling tweak class cpw.mods.fml.common.launcher.FMLTweaker
[20:03:58] [main/INFO] [GradleStart]: Extra: []
[20:03:58] [main/INFO] [GradleStart]: Found and added coremod: com.mod.htgt6.BiomeLoadingPlugin
[20:03:58] [main/INFO] [GradleStart]: Running with arguments: [--userProperties, {}, --assetsDir, C:/Users/brawl/.gradle/caches/minecraft/assets, --assetIndex, 1.7.10, --accessToken, {REDACTED}, --version, 1.7.10, --tweakClass, cpw.mods.fml.common.launcher.FMLTweaker, --tweakClass, net.minecraftforge.gradle.tweakers.CoremodTweaker]
[20:03:58] [main/INFO] [LaunchWrapper]: Loading tweak class name cpw.mods.fml.common.launcher.FMLTweaker
[20:03:58] [main/INFO] [LaunchWrapper]: Using primary tweak class name cpw.mods.fml.common.launcher.FMLTweaker
[20:03:58] [main/INFO] [LaunchWrapper]: Loading tweak class name net.minecraftforge.gradle.tweakers.CoremodTweaker
[20:03:58] [main/INFO] [LaunchWrapper]: Calling tweak class cpw.mods.fml.common.launcher.FMLTweaker
[20:05:50] [main/INFO] [GradleStart]: Extra: []
[20:05:50] [main/INFO] [GradleStart]: Found and added coremod: com.mod.htgt6.BiomeLoadingPlugin
[20:05:50] [main/INFO] [GradleStart]: Running with arguments: [--userProperties, {}, --assetsDir, C:/Users/brawl/.gradle/caches/minecraft/assets, --assetIndex, 1.7.10, --accessToken, {REDACTED}, --version, 1.7.10, --tweakClass, cpw.mods.fml.common.launcher.FMLTweaker, --tweakClass, net.minecraftforge.gradle.tweakers.CoremodTweaker]
[20:05:50] [main/INFO] [LaunchWrapper]: Loading tweak class name cpw.mods.fml.common.launcher.FMLTweaker
[20:05:50] [main/INFO] [LaunchWrapper]: Using primary tweak class name cpw.mods.fml.common.launcher.FMLTweaker
[20:05:50] [main/INFO] [LaunchWrapper]: Loading tweak class name net.minecraftforge.gradle.tweakers.CoremodTweaker
[20:05:50] [main/INFO] [LaunchWrapper]: Calling tweak class cpw.mods.fml.common.launcher.FMLTweaker
[20:08:16] [main/INFO] [GradleStart]: Extra: []
[20:08:16] [main/INFO] [GradleStart]: Found and added coremod: com.mod.htgt6.BiomeLoadingPlugin
[20:08:16] [main/INFO] [GradleStart]: Running with arguments: [--userProperties, {}, --assetsDir, C:/Users/brawl/.gradle/caches/minecraft/assets, --assetIndex, 1.7.10, --accessToken, {REDACTED}, --version, 1.7.10, --tweakClass, cpw.mods.fml.common.launcher.FMLTweaker, --tweakClass, net.minecraftforge.gradle.tweakers.CoremodTweaker]
[20:08:16] [main/INFO] [LaunchWrapper]: Loading tweak class name cpw.mods.fml.common.launcher.FMLTweaker
[20:08:16] [main/INFO] [LaunchWrapper]: Using primary tweak class name cpw.mods.fml.common.launcher.FMLTweaker
[20:08:16] [main/INFO] [LaunchWrapper]: Loading tweak class name net.minecraftforge.gradle.tweakers.CoremodTweaker
[20:08:16] [main/INFO] [LaunchWrapper]: Calling tweak class cpw.mods.fml.common.launcher.FMLTweaker
[20:19:19] [main/INFO] [GradleStart]: Extra: []
[20:19:19] [main/INFO] [GradleStart]: Found and added coremod: com.mod.htgt6.BiomeLoadingPlugin
[20:19:19] [main/INFO] [GradleStart]: Running with arguments: [--userProperties, {}, --assetsDir, C:/Users/brawl/.gradle/caches/minecraft/assets, --assetIndex, 1.7.10, --accessToken, {REDACTED}, --version, 1.7.10, --tweakClass, cpw.mods.fml.common.launcher.FMLTweaker, --tweakClass, net.minecraftforge.gradle.tweakers.CoremodTweaker]
[20:19:19] [main/INFO] [LaunchWrapper]: Loading tweak class name cpw.mods.fml.common.launcher.FMLTweaker
[20:19:19] [main/INFO] [LaunchWrapper]: Using primary tweak class name cpw.mods.fml.common.launcher.FMLTweaker
[20:19:19] [main/INFO] [LaunchWrapper]: Loading tweak class name net.minecraftforge.gradle.tweakers.CoremodTweaker
[20:19:19] [main/INFO] [LaunchWrapper]: Calling tweak class cpw.mods.fml.common.launcher.FMLTweaker
[20:20:05] [main/INFO] [GradleStart]: Extra: []
[20:20:05] [main/INFO] [GradleStart]: Found and added coremod: com.mod.htgt6.BiomeLoadingPlugin
[20:20:05] [main/INFO] [GradleStart]: Running with arguments: [--userProperties, {}, --assetsDir, C:/Users/brawl/.gradle/caches/minecraft/assets, --assetIndex, 1.7.10, --accessToken, {REDACTED}, --version, 1.7.10, --tweakClass, cpw.mods.fml.common.launcher.FMLTweaker, --tweakClass, net.minecraftforge.gradle.tweakers.CoremodTweaker]
[20:20:05] [main/INFO] [LaunchWrapper]: Loading tweak class name cpw.mods.fml.common.launcher.FMLTweaker
[20:20:05] [main/INFO] [LaunchWrapper]: Using primary tweak class name cpw.mods.fml.common.launcher.FMLTweaker
[20:20:05] [main/INFO] [LaunchWrapper]: Loading tweak class name net.minecraftforge.gradle.tweakers.CoremodTweaker
[20:20:05] [main/INFO] [LaunchWrapper]: Calling tweak class cpw.mods.fml.common.launcher.FMLTweaker
[20:21:58] [main/INFO] [GradleStart]: Extra: []
[20:21:58] [main/INFO] [GradleStart]: Found and added coremod: com.mod.htgt6.BiomeLoadingPlugin
[20:21:58] [main/INFO] [GradleStart]: Running with arguments: [--userProperties, {}, --assetsDir, C:/Users/brawl/.gradle/caches/minecraft/assets, --assetIndex, 1.7.10, --accessToken, {REDACTED}, --version, 1.7.10, --tweakClass, cpw.mods.fml.common.launcher.FMLTweaker, --tweakClass, net.minecraftforge.gradle.tweakers.CoremodTweaker]
[20:21:58] [main/INFO] [LaunchWrapper]: Loading tweak class name cpw.mods.fml.common.launcher.FMLTweaker
[20:21:58] [main/INFO] [LaunchWrapper]: Using primary tweak class name cpw.mods.fml.common.launcher.FMLTweaker
[20:21:58] [main/INFO] [LaunchWrapper]: Loading tweak class name net.minecraftforge.gradle.tweakers.CoremodTweaker
[20:21:58] [main/INFO] [LaunchWrapper]: Calling tweak class cpw.mods.fml.common.launcher.FMLTweaker
[20:23:07] [main/INFO] [GradleStart]: Extra: []
[20:23:07] [main/INFO] [GradleStart]: Found and added coremod: com.mod.htgt6.BiomeLoadingPlugin
[20:23:07] [main/INFO] [GradleStart]: Running with arguments: [--userProperties, {}, --assetsDir, C:/Users/brawl/.gradle/caches/minecraft/assets, --assetIndex, 1.7.10, --accessToken, {REDACTED}, --version, 1.7.10, --tweakClass, cpw.mods.fml.common.launcher.FMLTweaker, --tweakClass, net.minecraftforge.gradle.tweakers.CoremodTweaker]
[20:23:07] [main/INFO] [LaunchWrapper]: Loading tweak class name cpw.mods.fml.common.launcher.FMLTweaker
[20:23:07] [main/INFO] [LaunchWrapper]: Using primary tweak class name cpw.mods.fml.common.launcher.FMLTweaker
[20:23:07] [main/INFO] [LaunchWrapper]: Loading tweak class name net.minecraftforge.gradle.tweakers.CoremodTweaker
[20:23:07] [main/INFO] [LaunchWrapper]: Calling tweak class cpw.mods.fml.common.launcher.FMLTweaker
[20:27:38] [main/INFO] [GradleStart]: Extra: []
[20:27:38] [main/INFO] [GradleStart]: Found and added coremod: com.mod.htgt6.BiomeLoadingPlugin
[20:27:38] [main/INFO] [GradleStart]: Running with arguments: [--userProperties, {}, --assetsDir, C:/Users/brawl/.gradle/caches/minecraft/assets, --assetIndex, 1.7.10, --accessToken, {REDACTED}, --version, 1.7.10, --tweakClass, cpw.mods.fml.common.launcher.FMLTweaker, --tweakClass, net.minecraftforge.gradle.tweakers.CoremodTweaker]
[20:27:38] [main/INFO] [LaunchWrapper]: Loading tweak class name cpw.mods.fml.common.launcher.FMLTweaker
[20:27:38] [main/INFO] [LaunchWrapper]: Using primary tweak class name cpw.mods.fml.common.launcher.FMLTweaker
[20:27:38] [main/INFO] [LaunchWrapper]: Loading tweak class name net.minecraftforge.gradle.tweakers.CoremodTweaker
[20:27:38] [main/INFO] [LaunchWrapper]: Calling tweak class cpw.mods.fml.common.launcher.FMLTweaker
[20:30:41] [main/INFO] [GradleStart]: Extra: []
[20:30:41] [main/INFO] [GradleStart]: Found and added coremod: com.mod.htgt6.BiomeLoadingPlugin
[20:30:41] [main/INFO] [GradleStart]: Running with arguments: [--userProperties, {}, --assetsDir, C:/Users/brawl/.gradle/caches/minecraft/assets, --assetIndex, 1.7.10, --accessToken, {REDACTED}, --version, 1.7.10, --tweakClass, cpw.mods.fml.common.launcher.FMLTweaker, --tweakClass, net.minecraftforge.gradle.tweakers.CoremodTweaker]
[20:30:41] [main/INFO] [LaunchWrapper]: Loading tweak class name cpw.mods.fml.common.launcher.FMLTweaker
[20:30:41] [main/INFO] [LaunchWrapper]: Using primary tweak class name cpw.mods.fml.common.launcher.FMLTweaker
[20:30:41] [main/INFO] [LaunchWrapper]: Loading tweak class name net.minecraftforge.gradle.tweakers.CoremodTweaker
[20:30:41] [main/INFO] [LaunchWrapper]: Calling tweak class cpw.mods.fml.common.launcher.FMLTweaker
[20:32:30] [main/INFO] [GradleStart]: Extra: []
[20:32:30] [main/INFO] [GradleStart]: Found and added coremod: com.mod.htgt6.BiomeLoadingPlugin
[20:32:30] [main/INFO] [GradleStart]: Running with arguments: [--userProperties, {}, --assetsDir, C:/Users/brawl/.gradle/caches/minecraft/assets, --assetIndex, 1.7.10, --accessToken, {REDACTED}, --version, 1.7.10, --tweakClass, cpw.mods.fml.common.launcher.FMLTweaker, --tweakClass, net.minecraftforge.gradle.tweakers.CoremodTweaker]
[20:32:30] [main/INFO] [LaunchWrapper]: Loading tweak class name cpw.mods.fml.common.launcher.FMLTweaker
[20:32:30] [main/INFO] [LaunchWrapper]: Using primary tweak class name cpw.mods.fml.common.launcher.FMLTweaker
[20:32:30] [main/INFO] [LaunchWrapper]: Loading tweak class name net.minecraftforge.gradle.tweakers.CoremodTweaker
[20:32:30] [main/INFO] [LaunchWrapper]: Calling tweak class cpw.mods.fml.common.launcher.FMLTweaker
[20:32:51] [main/INFO] [GradleStart]: Extra: []
[20:32:51] [main/INFO] [GradleStart]: Found and added coremod: com.mod.htgt6.BiomeLoadingPlugin
[20:32:51] [main/INFO] [GradleStart]: Running with arguments: [--userProperties, {}, --assetsDir, C:/Users/brawl/.gradle/caches/minecraft/assets, --assetIndex, 1.7.10, --accessToken, {REDACTED}, --version, 1.7.10, --tweakClass, cpw.mods.fml.common.launcher.FMLTweaker, --tweakClass, net.minecraftforge.gradle.tweakers.CoremodTweaker]
[20:32:51] [main/INFO] [LaunchWrapper]: Loading tweak class name cpw.mods.fml.common.launcher.FMLTweaker
[20:32:51] [main/INFO] [LaunchWrapper]: Using primary tweak class name cpw.mods.fml.common.launcher.FMLTweaker
[20:32:51] [main/INFO] [LaunchWrapper]: Loading tweak class name net.minecraftforge.gradle.tweakers.CoremodTweaker
[20:32:51] [main/INFO] [LaunchWrapper]: Calling tweak class cpw.mods.fml.common.launcher.FMLTweaker
[20:34:47] [main/INFO] [GradleStart]: Extra: []
[20:34:47] [main/INFO] [GradleStart]: Found and added coremod: com.mod.htgt6.BiomeLoadingPlugin
[20:34:47] [main/INFO] [GradleStart]: Running with arguments: [--userProperties, {}, --assetsDir, C:/Users/brawl/.gradle/caches/minecraft/assets, --assetIndex, 1.7.10, --accessToken, {REDACTED}, --version, 1.7.10, --tweakClass, cpw.mods.fml.common.launcher.FMLTweaker, --tweakClass, net.minecraftforge.gradle.tweakers.CoremodTweaker]
[20:34:47] [main/INFO] [LaunchWrapper]: Loading tweak class name cpw.mods.fml.common.launcher.FMLTweaker
[20:34:47] [main/INFO] [LaunchWrapper]: Using primary tweak class name cpw.mods.fml.common.launcher.FMLTweaker
[20:34:47] [main/INFO] [LaunchWrapper]: Loading tweak class name net.minecraftforge.gradle.tweakers.CoremodTweaker
[20:34:47] [main/INFO] [LaunchWrapper]: Calling tweak class cpw.mods.fml.common.launcher.FMLTweaker
[20:36:36] [main/INFO] [GradleStart]: Extra: []
[20:36:36] [main/INFO] [GradleStart]: Found and added coremod: com.mod.htgt6.BiomeLoadingPlugin
[20:36:36] [main/INFO] [GradleStart]: Running with arguments: [--userProperties, {}, --assetsDir, C:/Users/brawl/.gradle/caches/minecraft/assets, --assetIndex, 1.7.10, --accessToken, {REDACTED}, --version, 1.7.10, --tweakClass, cpw.mods.fml.common.launcher.FMLTweaker, --tweakClass, net.minecraftforge.gradle.tweakers.CoremodTweaker]
[20:36:36] [main/INFO] [LaunchWrapper]: Loading tweak class name cpw.mods.fml.common.launcher.FMLTweaker
[20:36:36] [main/INFO] [LaunchWrapper]: Using primary tweak class name cpw.mods.fml.common.launcher.FMLTweaker
[20:36:36] [main/INFO] [LaunchWrapper]: Loading tweak class name net.minecraftforge.gradle.tweakers.CoremodTweaker
[20:36:36] [main/INFO] [LaunchWrapper]: Calling tweak class cpw.mods.fml.common.launcher.FMLTweaker
[20:37:58] [main/INFO] [GradleStart]: Extra: []
[20:37:58] [main/INFO] [GradleStart]: Found and added coremod: com.mod.htgt6.BiomeLoadingPlugin
[20:37:58] [main/INFO] [GradleStart]: Running with arguments: [--userProperties, {}, --assetsDir, C:/Users/brawl/.gradle/caches/minecraft/assets, --assetIndex, 1.7.10, --accessToken, {REDACTED}, --version, 1.7.10, --tweakClass, cpw.mods.fml.common.launcher.FMLTweaker, --tweakClass, net.minecraftforge.gradle.tweakers.CoremodTweaker]
[20:37:58] [main/INFO] [LaunchWrapper]: Loading tweak class name cpw.mods.fml.common.launcher.FMLTweaker
[20:37:58] [main/INFO] [LaunchWrapper]: Using primary tweak class name cpw.mods.fml.common.launcher.FMLTweaker
[20:37:58] [main/INFO] [LaunchWrapper]: Loading tweak class name net.minecraftforge.gradle.tweakers.CoremodTweaker
[20:37:58] [main/INFO] [LaunchWrapper]: Calling tweak class cpw.mods.fml.common.launcher.FMLTweaker
[20:49:05] [main/INFO] [GradleStart]: Extra: []
[20:49:05] [main/INFO] [GradleStart]: Found and added coremod: com.mod.htgt6.BiomeLoadingPlugin
[20:49:05] [main/INFO] [GradleStart]: Running with arguments: [--userProperties, {}, --assetsDir, C:/Users/brawl/.gradle/caches/minecraft/assets, --assetIndex, 1.7.10, --accessToken, {REDACTED}, --version, 1.7.10, --tweakClass, cpw.mods.fml.common.launcher.FMLTweaker, --tweakClass, net.minecraftforge.gradle.tweakers.CoremodTweaker]
[20:49:05] [main/INFO] [LaunchWrapper]: Loading tweak class name cpw.mods.fml.common.launcher.FMLTweaker
[20:49:05] [main/INFO] [LaunchWrapper]: Using primary tweak class name cpw.mods.fml.common.launcher.FMLTweaker
[20:49:05] [main/INFO] [LaunchWrapper]: Loading tweak class name net.minecraftforge.gradle.tweakers.CoremodTweaker
[20:49:05] [main/INFO] [LaunchWrapper]: Calling tweak class cpw.mods.fml.common.launcher.FMLTweaker
[20:51:24] [main/INFO] [GradleStart]: Extra: []
[20:51:24] [main/INFO] [GradleStart]: Found and added coremod: com.mod.htgt6.BiomeLoadingPlugin
[20:51:24] [main/INFO] [GradleStart]: Running with arguments: [--userProperties, {}, --assetsDir, C:/Users/brawl/.gradle/caches/minecraft/assets, --assetIndex, 1.7.10, --accessToken, {REDACTED}, --version, 1.7.10, --tweakClass, cpw.mods.fml.common.launcher.FMLTweaker, --tweakClass, net.minecraftforge.gradle.tweakers.CoremodTweaker]
[20:51:24] [main/INFO] [LaunchWrapper]: Loading tweak class name cpw.mods.fml.common.launcher.FMLTweaker
[20:51:24] [main/INFO] [LaunchWrapper]: Using primary tweak class name cpw.mods.fml.common.launcher.FMLTweaker
[20:51:24] [main/INFO] [LaunchWrapper]: Loading tweak class name net.minecraftforge.gradle.tweakers.CoremodTweaker
[20:51:24] [main/INFO] [LaunchWrapper]: Calling tweak class cpw.mods.fml.common.launcher.FMLTweaker
[20:52:45] [main/INFO] [GradleStart]: Extra: []
[20:52:45] [main/INFO] [GradleStart]: Found and added coremod: com.mod.htgt6.BiomeLoadingPlugin
[20:52:45] [main/INFO] [GradleStart]: Running with arguments: [--userProperties, {}, --assetsDir, C:/Users/brawl/.gradle/caches/minecraft/assets, --assetIndex, 1.7.10, --accessToken, {REDACTED}, --version, 1.7.10, --tweakClass, cpw.mods.fml.common.launcher.FMLTweaker, --tweakClass, net.minecraftforge.gradle.tweakers.CoremodTweaker]
[20:52:45] [main/INFO] [LaunchWrapper]: Loading tweak class name cpw.mods.fml.common.launcher.FMLTweaker
[20:52:45] [main/INFO] [LaunchWrapper]: Using primary tweak class name cpw.mods.fml.common.launcher.FMLTweaker
[20:52:45] [main/INFO] [LaunchWrapper]: Loading tweak class name net.minecraftforge.gradle.tweakers.CoremodTweaker
[20:52:45] [main/INFO] [LaunchWrapper]: Calling tweak class cpw.mods.fml.common.launcher.FMLTweaker
[20:53:40] [main/INFO] [GradleStart]: Extra: []
[20:53:40] [main/INFO] [GradleStart]: Found and added coremod: com.mod.htgt6.BiomeLoadingPlugin
[20:53:40] [main/INFO] [GradleStart]: Running with arguments: [--userProperties, {}, --assetsDir, C:/Users/brawl/.gradle/caches/minecraft/assets, --assetIndex, 1.7.10, --accessToken, {REDACTED}, --version, 1.7.10, --tweakClass, cpw.mods.fml.common.launcher.FMLTweaker, --tweakClass, net.minecraftforge.gradle.tweakers.CoremodTweaker]
[20:53:40] [main/INFO] [LaunchWrapper]: Loading tweak class name cpw.mods.fml.common.launcher.FMLTweaker
[20:53:40] [main/INFO] [LaunchWrapper]: Using primary tweak class name cpw.mods.fml.common.launcher.FMLTweaker
[20:53:40] [main/INFO] [LaunchWrapper]: Loading tweak class name net.minecraftforge.gradle.tweakers.CoremodTweaker
[20:53:40] [main/INFO] [LaunchWrapper]: Calling tweak class cpw.mods.fml.common.launcher.FMLTweaker
[20:59:44] [main/INFO] [GradleStart]: Extra: []
[20:59:44] [main/INFO] [GradleStart]: Found and added coremod: com.mod.htgt6.BiomeLoadingPlugin
[20:59:44] [main/INFO] [GradleStart]: Running with arguments: [--userProperties, {}, --assetsDir, C:/Users/brawl/.gradle/caches/minecraft/assets, --assetIndex, 1.7.10, --accessToken, {REDACTED}, --version, 1.7.10, --tweakClass, cpw.mods.fml.common.launcher.FMLTweaker, --tweakClass, net.minecraftforge.gradle.tweakers.CoremodTweaker]
[20:59:44] [main/INFO] [LaunchWrapper]: Loading tweak class name cpw.mods.fml.common.launcher.FMLTweaker
[20:59:44] [main/INFO] [LaunchWrapper]: Using primary tweak class name cpw.mods.fml.common.launcher.FMLTweaker
[20:59:44] [main/INFO] [LaunchWrapper]: Loading tweak class name net.minecraftforge.gradle.tweakers.CoremodTweaker
[20:59:44] [main/INFO] [LaunchWrapper]: Calling tweak class cpw.mods.fml.common.launcher.FMLTweaker
[21:01:11] [main/INFO] [GradleStart]: Extra: []
[21:01:11] [main/INFO] [GradleStart]: Found and added coremod: com.mod.htgt6.BiomeLoadingPlugin
[21:01:11] [main/INFO] [GradleStart]: Running with arguments: [--userProperties, {}, --assetsDir, C:/Users/brawl/.gradle/caches/minecraft/assets, --assetIndex, 1.7.10, --accessToken, {REDACTED}, --version, 1.7.10, --tweakClass, cpw.mods.fml.common.launcher.FMLTweaker, --tweakClass, net.minecraftforge.gradle.tweakers.CoremodTweaker]
[21:01:11] [main/INFO] [LaunchWrapper]: Loading tweak class name cpw.mods.fml.common.launcher.FMLTweaker
[21:01:11] [main/INFO] [LaunchWrapper]: Using primary tweak class name cpw.mods.fml.common.launcher.FMLTweaker
[21:01:11] [main/INFO] [LaunchWrapper]: Loading tweak class name net.minecraftforge.gradle.tweakers.CoremodTweaker
[21:01:11] [main/INFO] [LaunchWrapper]: Calling tweak class cpw.mods.fml.common.launcher.FMLTweaker
[21:06:09] [main/INFO] [GradleStart]: Extra: []
[21:06:09] [main/INFO] [GradleStart]: Found and added coremod: com.mod.htgt6.BiomeLoadingPlugin
[21:06:09] [main/INFO] [GradleStart]: Running with arguments: [--userProperties, {}, --assetsDir, C:/Users/brawl/.gradle/caches/minecraft/assets, --assetIndex, 1.7.10, --accessToken, {REDACTED}, --version, 1.7.10, --tweakClass, cpw.mods.fml.common.launcher.FMLTweaker, --tweakClass, net.minecraftforge.gradle.tweakers.CoremodTweaker]
[21:06:10] [main/INFO] [LaunchWrapper]: Loading tweak class name cpw.mods.fml.common.launcher.FMLTweaker
[21:06:10] [main/INFO] [LaunchWrapper]: Using primary tweak class name cpw.mods.fml.common.launcher.FMLTweaker
[21:06:10] [main/INFO] [LaunchWrapper]: Loading tweak class name net.minecraftforge.gradle.tweakers.CoremodTweaker
[21:06:10] [main/INFO] [LaunchWrapper]: Calling tweak class cpw.mods.fml.common.launcher.FMLTweaker
[09:59:03] [main/INFO] [GradleStart]: Extra: []
[09:59:03] [main/INFO] [GradleStart]: Found and added coremod: com.mod.htgt6.BiomeLoadingPlugin
[09:59:03] [main/INFO] [GradleStart]: Running with arguments: [--userProperties, {}, --assetsDir, C:/Users/brawl/.gradle/caches/minecraft/assets, --assetIndex, 1.7.10, --accessToken, {REDACTED}, --version, 1.7.10, --tweakClass, cpw.mods.fml.common.launcher.FMLTweaker, --tweakClass, net.minecraftforge.gradle.tweakers.CoremodTweaker]
[09:59:03] [main/INFO] [LaunchWrapper]: Loading tweak class name cpw.mods.fml.common.launcher.FMLTweaker
[09:59:03] [main/INFO] [LaunchWrapper]: Using primary tweak class name cpw.mods.fml.common.launcher.FMLTweaker
[09:59:03] [main/INFO] [LaunchWrapper]: Loading tweak class name net.minecraftforge.gradle.tweakers.CoremodTweaker
[09:59:03] [main/INFO] [LaunchWrapper]: Calling tweak class cpw.mods.fml.common.launcher.FMLTweaker
[10:03:38] [main/INFO] [GradleStart]: Extra: []
[10:03:38] [main/INFO] [GradleStart]: Found and added coremod: com.mod.htgt6.BiomeLoadingPlugin
[10:03:38] [main/INFO] [GradleStart]: Running with arguments: [--userProperties, {}, --assetsDir, C:/Users/brawl/.gradle/caches/minecraft/assets, --assetIndex, 1.7.10, --accessToken, {REDACTED}, --version, 1.7.10, --tweakClass, cpw.mods.fml.common.launcher.FMLTweaker, --tweakClass, net.minecraftforge.gradle.tweakers.CoremodTweaker]
[10:03:38] [main/INFO] [LaunchWrapper]: Loading tweak class name cpw.mods.fml.common.launcher.FMLTweaker
[10:03:38] [main/INFO] [LaunchWrapper]: Using primary tweak class name cpw.mods.fml.common.launcher.FMLTweaker
[10:03:38] [main/INFO] [LaunchWrapper]: Loading tweak class name net.minecraftforge.gradle.tweakers.CoremodTweaker
[10:03:38] [main/INFO] [LaunchWrapper]: Calling tweak class cpw.mods.fml.common.launcher.FMLTweaker
[10:09:42] [main/INFO] [GradleStart]: Extra: []
[10:09:42] [main/INFO] [GradleStart]: Found and added coremod: com.mod.htgt6.BiomeLoadingPlugin
[10:09:42] [main/INFO] [GradleStart]: Running with arguments: [--userProperties, {}, --assetsDir, C:/Users/brawl/.gradle/caches/minecraft/assets, --assetIndex, 1.7.10, --accessToken, {REDACTED}, --version, 1.7.10, --tweakClass, cpw.mods.fml.common.launcher.FMLTweaker, --tweakClass, net.minecraftforge.gradle.tweakers.CoremodTweaker]
[10:09:42] [main/INFO] [LaunchWrapper]: Loading tweak class name cpw.mods.fml.common.launcher.FMLTweaker
[10:09:42] [main/INFO] [LaunchWrapper]: Using primary tweak class name cpw.mods.fml.common.launcher.FMLTweaker
[10:09:42] [main/INFO] [LaunchWrapper]: Loading tweak class name net.minecraftforge.gradle.tweakers.CoremodTweaker
[10:09:42] [main/INFO] [LaunchWrapper]: Calling tweak class cpw.mods.fml.common.launcher.FMLTweaker
[10:13:22] [main/INFO] [GradleStart]: Extra: []
[10:13:22] [main/INFO] [GradleStart]: Found and added coremod: com.mod.htgt6.BiomeLoadingPlugin
[10:13:22] [main/INFO] [GradleStart]: Running with arguments: [--userProperties, {}, --assetsDir, C:/Users/brawl/.gradle/caches/minecraft/assets, --assetIndex, 1.7.10, --accessToken, {REDACTED}, --version, 1.7.10, --tweakClass, cpw.mods.fml.common.launcher.FMLTweaker, --tweakClass, net.minecraftforge.gradle.tweakers.CoremodTweaker]
[10:13:22] [main/INFO] [LaunchWrapper]: Loading tweak class name cpw.mods.fml.common.launcher.FMLTweaker
[10:13:22] [main/INFO] [LaunchWrapper]: Using primary tweak class name cpw.mods.fml.common.launcher.FMLTweaker
[10:13:22] [main/INFO] [LaunchWrapper]: Loading tweak class name net.minecraftforge.gradle.tweakers.CoremodTweaker
[10:13:22] [main/INFO] [LaunchWrapper]: Calling tweak class cpw.mods.fml.common.launcher.FMLTweaker
[10:19:41] [main/INFO] [GradleStart]: Extra: []
[10:19:41] [main/INFO] [GradleStart]: Found and added coremod: com.mod.htgt6.BiomeLoadingPlugin
[10:19:41] [main/INFO] [GradleStart]: Running with arguments: [--userProperties, {}, --assetsDir, C:/Users/brawl/.gradle/caches/minecraft/assets, --assetIndex, 1.7.10, --accessToken, {REDACTED}, --version, 1.7.10, --tweakClass, cpw.mods.fml.common.launcher.FMLTweaker, --tweakClass, net.minecraftforge.gradle.tweakers.CoremodTweaker]
[10:19:41] [main/INFO] [LaunchWrapper]: Loading tweak class name cpw.mods.fml.common.launcher.FMLTweaker
[10:19:41] [main/INFO] [LaunchWrapper]: Using primary tweak class name cpw.mods.fml.common.launcher.FMLTweaker
[10:19:41] [main/INFO] [LaunchWrapper]: Loading tweak class name net.minecraftforge.gradle.tweakers.CoremodTweaker
[10:19:41] [main/INFO] [LaunchWrapper]: Calling tweak class cpw.mods.fml.common.launcher.FMLTweaker
[10:20:14] [main/INFO] [GradleStart]: Extra: []
[10:20:15] [main/INFO] [GradleStart]: Found and added coremod: com.mod.htgt6.BiomeLoadingPlugin
[10:20:15] [main/INFO] [GradleStart]: Running with arguments: [--userProperties, {}, --assetsDir, C:/Users/brawl/.gradle/caches/minecraft/assets, --assetIndex, 1.7.10, --accessToken, {REDACTED}, --version, 1.7.10, --tweakClass, cpw.mods.fml.common.launcher.FMLTweaker, --tweakClass, net.minecraftforge.gradle.tweakers.CoremodTweaker]
[10:20:15] [main/INFO] [LaunchWrapper]: Loading tweak class name cpw.mods.fml.common.launcher.FMLTweaker
[10:20:15] [main/INFO] [LaunchWrapper]: Using primary tweak class name cpw.mods.fml.common.launcher.FMLTweaker
[10:20:15] [main/INFO] [LaunchWrapper]: Loading tweak class name net.minecraftforge.gradle.tweakers.CoremodTweaker
[10:20:15] [main/INFO] [LaunchWrapper]: Calling tweak class cpw.mods.fml.common.launcher.FMLTweaker
[10:23:38] [main/INFO] [GradleStart]: Extra: []
[10:23:39] [main/INFO] [GradleStart]: Found and added coremod: com.mod.htgt6.BiomeLoadingPlugin
[10:23:39] [main/INFO] [GradleStart]: Running with arguments: [--userProperties, {}, --assetsDir, C:/Users/brawl/.gradle/caches/minecraft/assets, --assetIndex, 1.7.10, --accessToken, {REDACTED}, --version, 1.7.10, --tweakClass, cpw.mods.fml.common.launcher.FMLTweaker, --tweakClass, net.minecraftforge.gradle.tweakers.CoremodTweaker]
[10:23:39] [main/INFO] [LaunchWrapper]: Loading tweak class name cpw.mods.fml.common.launcher.FMLTweaker
[10:23:39] [main/INFO] [LaunchWrapper]: Using primary tweak class name cpw.mods.fml.common.launcher.FMLTweaker
[10:23:39] [main/INFO] [LaunchWrapper]: Loading tweak class name net.minecraftforge.gradle.tweakers.CoremodTweaker
[10:23:39] [main/INFO] [LaunchWrapper]: Calling tweak class cpw.mods.fml.common.launcher.FMLTweaker
[10:24:43] [main/INFO] [GradleStart]: Extra: []
[10:24:43] [main/INFO] [GradleStart]: Found and added coremod: com.mod.htgt6.BiomeLoadingPlugin
[10:24:43] [main/INFO] [GradleStart]: Running with arguments: [--userProperties, {}, --assetsDir, C:/Users/brawl/.gradle/caches/minecraft/assets, --assetIndex, 1.7.10, --accessToken, {REDACTED}, --version, 1.7.10, --tweakClass, cpw.mods.fml.common.launcher.FMLTweaker, --tweakClass, net.minecraftforge.gradle.tweakers.CoremodTweaker]
[10:24:43] [main/INFO] [LaunchWrapper]: Loading tweak class name cpw.mods.fml.common.launcher.FMLTweaker
[10:24:43] [main/INFO] [LaunchWrapper]: Using primary tweak class name cpw.mods.fml.common.launcher.FMLTweaker
[10:24:43] [main/INFO] [LaunchWrapper]: Loading tweak class name net.minecraftforge.gradle.tweakers.CoremodTweaker
[10:24:43] [main/INFO] [LaunchWrapper]: Calling tweak class cpw.mods.fml.common.launcher.FMLTweaker
[10:27:32] [main/INFO] [GradleStart]: Extra: []
[10:27:32] [main/INFO] [GradleStart]: Found and added coremod: com.mod.htgt6.BiomeLoadingPlugin
[10:27:32] [main/INFO] [GradleStart]: Running with arguments: [--userProperties, {}, --assetsDir, C:/Users/brawl/.gradle/caches/minecraft/assets, --assetIndex, 1.7.10, --accessToken, {REDACTED}, --version, 1.7.10, --tweakClass, cpw.mods.fml.common.launcher.FMLTweaker, --tweakClass, net.minecraftforge.gradle.tweakers.CoremodTweaker]
[10:27:32] [main/INFO] [LaunchWrapper]: Loading tweak class name cpw.mods.fml.common.launcher.FMLTweaker
[10:27:32] [main/INFO] [LaunchWrapper]: Using primary tweak class name cpw.mods.fml.common.launcher.FMLTweaker
[10:27:32] [main/INFO] [LaunchWrapper]: Loading tweak class name net.minecraftforge.gradle.tweakers.CoremodTweaker
[10:27:32] [main/INFO] [LaunchWrapper]: Calling tweak class cpw.mods.fml.common.launcher.FMLTweaker
[10:28:27] [main/INFO] [GradleStart]: Extra: []
[10:28:27] [main/INFO] [GradleStart]: Found and added coremod: com.mod.htgt6.BiomeLoadingPlugin
[10:28:27] [main/INFO] [GradleStart]: Running with arguments: [--userProperties, {}, --assetsDir, C:/Users/brawl/.gradle/caches/minecraft/assets, --assetIndex, 1.7.10, --accessToken, {REDACTED}, --version, 1.7.10, --tweakClass, cpw.mods.fml.common.launcher.FMLTweaker, --tweakClass, net.minecraftforge.gradle.tweakers.CoremodTweaker]
[10:28:27] [main/INFO] [LaunchWrapper]: Loading tweak class name cpw.mods.fml.common.launcher.FMLTweaker
[10:28:27] [main/INFO] [LaunchWrapper]: Using primary tweak class name cpw.mods.fml.common.launcher.FMLTweaker
[10:28:27] [main/INFO] [LaunchWrapper]: Loading tweak class name net.minecraftforge.gradle.tweakers.CoremodTweaker
[10:28:27] [main/INFO] [LaunchWrapper]: Calling tweak class cpw.mods.fml.common.launcher.FMLTweaker
[10:32:30] [main/INFO] [GradleStart]: Extra: []
[10:32:30] [main/INFO] [GradleStart]: Found and added coremod: com.mod.htgt6.BiomeLoadingPlugin
[10:32:30] [main/INFO] [GradleStart]: Running with arguments: [--userProperties, {}, --assetsDir, C:/Users/brawl/.gradle/caches/minecraft/assets, --assetIndex, 1.7.10, --accessToken, {REDACTED}, --version, 1.7.10, --tweakClass, cpw.mods.fml.common.launcher.FMLTweaker, --tweakClass, net.minecraftforge.gradle.tweakers.CoremodTweaker]
[10:32:30] [main/INFO] [LaunchWrapper]: Loading tweak class name cpw.mods.fml.common.launcher.FMLTweaker
[10:32:30] [main/INFO] [LaunchWrapper]: Using primary tweak class name cpw.mods.fml.common.launcher.FMLTweaker
[10:32:30] [main/INFO] [LaunchWrapper]: Loading tweak class name net.minecraftforge.gradle.tweakers.CoremodTweaker
[10:32:30] [main/INFO] [LaunchWrapper]: Calling tweak class cpw.mods.fml.common.launcher.FMLTweaker
[10:35:15] [main/INFO] [GradleStart]: Extra: []
[10:35:15] [main/INFO] [GradleStart]: Found and added coremod: com.mod.htgt6.BiomeLoadingPlugin
[10:35:15] [main/INFO] [GradleStart]: Running with arguments: [--userProperties, {}, --assetsDir, C:/Users/brawl/.gradle/caches/minecraft/assets, --assetIndex, 1.7.10, --accessToken, {REDACTED}, --version, 1.7.10, --tweakClass, cpw.mods.fml.common.launcher.FMLTweaker, --tweakClass, net.minecraftforge.gradle.tweakers.CoremodTweaker]
[10:35:15] [main/INFO] [LaunchWrapper]: Loading tweak class name cpw.mods.fml.common.launcher.FMLTweaker
[10:35:15] [main/INFO] [LaunchWrapper]: Using primary tweak class name cpw.mods.fml.common.launcher.FMLTweaker
[10:35:15] [main/INFO] [LaunchWrapper]: Loading tweak class name net.minecraftforge.gradle.tweakers.CoremodTweaker
[10:35:15] [main/INFO] [LaunchWrapper]: Calling tweak class cpw.mods.fml.common.launcher.FMLTweaker
[10:37:50] [main/INFO] [GradleStart]: Extra: []
[10:37:50] [main/INFO] [GradleStart]: Found and added coremod: com.mod.htgt6.BiomeLoadingPlugin
[10:37:50] [main/INFO] [GradleStart]: Running with arguments: [--userProperties, {}, --assetsDir, C:/Users/brawl/.gradle/caches/minecraft/assets, --assetIndex, 1.7.10, --accessToken, {REDACTED}, --version, 1.7.10, --tweakClass, cpw.mods.fml.common.launcher.FMLTweaker, --tweakClass, net.minecraftforge.gradle.tweakers.CoremodTweaker]
[10:37:50] [main/INFO] [LaunchWrapper]: Loading tweak class name cpw.mods.fml.common.launcher.FMLTweaker
[10:37:50] [main/INFO] [LaunchWrapper]: Using primary tweak class name cpw.mods.fml.common.launcher.FMLTweaker
[10:37:50] [main/INFO] [LaunchWrapper]: Loading tweak class name net.minecraftforge.gradle.tweakers.CoremodTweaker
[10:37:50] [main/INFO] [LaunchWrapper]: Calling tweak class cpw.mods.fml.common.launcher.FMLTweaker
[10:38:21] [main/INFO] [GradleStart]: Extra: []
[10:38:21] [main/INFO] [GradleStart]: Found and added coremod: com.mod.htgt6.BiomeLoadingPlugin
[10:38:21] [main/INFO] [GradleStart]: Running with arguments: [--userProperties, {}, --assetsDir, C:/Users/brawl/.gradle/caches/minecraft/assets, --assetIndex, 1.7.10, --accessToken, {REDACTED}, --version, 1.7.10, --tweakClass, cpw.mods.fml.common.launcher.FMLTweaker, --tweakClass, net.minecraftforge.gradle.tweakers.CoremodTweaker]
[10:38:21] [main/INFO] [LaunchWrapper]: Loading tweak class name cpw.mods.fml.common.launcher.FMLTweaker
[10:38:21] [main/INFO] [LaunchWrapper]: Using primary tweak class name cpw.mods.fml.common.launcher.FMLTweaker
[10:38:21] [main/INFO] [LaunchWrapper]: Loading tweak class name net.minecraftforge.gradle.tweakers.CoremodTweaker
[10:38:21] [main/INFO] [LaunchWrapper]: Calling tweak class cpw.mods.fml.common.launcher.FMLTweaker
[10:43:45] [main/INFO] [GradleStart]: Extra: []
[10:43:46] [main/INFO] [GradleStart]: Found and added coremod: com.mod.htgt6.BiomeLoadingPlugin
[10:43:46] [main/INFO] [GradleStart]: Running with arguments: [--userProperties, {}, --assetsDir, C:/Users/brawl/.gradle/caches/minecraft/assets, --assetIndex, 1.7.10, --accessToken, {REDACTED}, --version, 1.7.10, --tweakClass, cpw.mods.fml.common.launcher.FMLTweaker, --tweakClass, net.minecraftforge.gradle.tweakers.CoremodTweaker]
[10:43:46] [main/INFO] [LaunchWrapper]: Loading tweak class name cpw.mods.fml.common.launcher.FMLTweaker
[10:43:46] [main/INFO] [LaunchWrapper]: Using primary tweak class name cpw.mods.fml.common.launcher.FMLTweaker
[10:43:46] [main/INFO] [LaunchWrapper]: Loading tweak class name net.minecraftforge.gradle.tweakers.CoremodTweaker
[10:43:46] [main/INFO] [LaunchWrapper]: Calling tweak class cpw.mods.fml.common.launcher.FMLTweaker
[10:45:21] [main/INFO] [GradleStart]: Extra: []
[10:45:21] [main/INFO] [GradleStart]: Found and added coremod: com.mod.htgt6.BiomeLoadingPlugin
[10:45:21] [main/INFO] [GradleStart]: Running with arguments: [--userProperties, {}, --assetsDir, C:/Users/brawl/.gradle/caches/minecraft/assets, --assetIndex, 1.7.10, --accessToken, {REDACTED}, --version, 1.7.10, --tweakClass, cpw.mods.fml.common.launcher.FMLTweaker, --tweakClass, net.minecraftforge.gradle.tweakers.CoremodTweaker]
[10:45:21] [main/INFO] [LaunchWrapper]: Loading tweak class name cpw.mods.fml.common.launcher.FMLTweaker
[10:45:21] [main/INFO] [LaunchWrapper]: Using primary tweak class name cpw.mods.fml.common.launcher.FMLTweaker
[10:45:21] [main/INFO] [LaunchWrapper]: Loading tweak class name net.minecraftforge.gradle.tweakers.CoremodTweaker
[10:45:21] [main/INFO] [LaunchWrapper]: Calling tweak class cpw.mods.fml.common.launcher.FMLTweaker
[10:47:23] [main/INFO] [GradleStart]: Extra: []
[10:47:23] [main/INFO] [GradleStart]: Found and added coremod: com.mod.htgt6.BiomeLoadingPlugin
[10:47:23] [main/INFO] [GradleStart]: Running with arguments: [--userProperties, {}, --assetsDir, C:/Users/brawl/.gradle/caches/minecraft/assets, --assetIndex, 1.7.10, --accessToken, {REDACTED}, --version, 1.7.10, --tweakClass, cpw.mods.fml.common.launcher.FMLTweaker, --tweakClass, net.minecraftforge.gradle.tweakers.CoremodTweaker]
[10:47:23] [main/INFO] [LaunchWrapper]: Loading tweak class name cpw.mods.fml.common.launcher.FMLTweaker
[10:47:23] [main/INFO] [LaunchWrapper]: Using primary tweak class name cpw.mods.fml.common.launcher.FMLTweaker
[10:47:23] [main/INFO] [LaunchWrapper]: Loading tweak class name net.minecraftforge.gradle.tweakers.CoremodTweaker
[10:47:23] [main/INFO] [LaunchWrapper]: Calling tweak class cpw.mods.fml.common.launcher.FMLTweaker
[10:48:39] [main/INFO] [GradleStart]: Extra: []
[10:48:39] [main/INFO] [GradleStart]: Found and added coremod: com.mod.htgt6.BiomeLoadingPlugin
[10:48:39] [main/INFO] [GradleStart]: Running with arguments: [--userProperties, {}, --assetsDir, C:/Users/brawl/.gradle/caches/minecraft/assets, --assetIndex, 1.7.10, --accessToken, {REDACTED}, --version, 1.7.10, --tweakClass, cpw.mods.fml.common.launcher.FMLTweaker, --tweakClass, net.minecraftforge.gradle.tweakers.CoremodTweaker]
[10:48:39] [main/INFO] [LaunchWrapper]: Loading tweak class name cpw.mods.fml.common.launcher.FMLTweaker
[10:48:39] [main/INFO] [LaunchWrapper]: Using primary tweak class name cpw.mods.fml.common.launcher.FMLTweaker
[10:48:39] [main/INFO] [LaunchWrapper]: Loading tweak class name net.minecraftforge.gradle.tweakers.CoremodTweaker
[10:48:39] [main/INFO] [LaunchWrapper]: Calling tweak class cpw.mods.fml.common.launcher.FMLTweaker
[10:51:05] [main/INFO] [GradleStart]: Extra: []
[10:51:05] [main/INFO] [GradleStart]: Found and added coremod: com.mod.htgt6.BiomeLoadingPlugin
[10:51:05] [main/INFO] [GradleStart]: Running with arguments: [--userProperties, {}, --assetsDir, C:/Users/brawl/.gradle/caches/minecraft/assets, --assetIndex, 1.7.10, --accessToken, {REDACTED}, --version, 1.7.10, --tweakClass, cpw.mods.fml.common.launcher.FMLTweaker, --tweakClass, net.minecraftforge.gradle.tweakers.CoremodTweaker]
[10:51:05] [main/INFO] [LaunchWrapper]: Loading tweak class name cpw.mods.fml.common.launcher.FMLTweaker
[10:51:05] [main/INFO] [LaunchWrapper]: Using primary tweak class name cpw.mods.fml.common.launcher.FMLTweaker
[10:51:05] [main/INFO] [LaunchWrapper]: Loading tweak class name net.minecraftforge.gradle.tweakers.CoremodTweaker
[10:51:05] [main/INFO] [LaunchWrapper]: Calling tweak class cpw.mods.fml.common.launcher.FMLTweaker
[10:52:45] [main/INFO] [GradleStart]: Extra: []
[10:52:45] [main/INFO] [GradleStart]: Found and added coremod: com.mod.htgt6.BiomeLoadingPlugin
[10:52:45] [main/INFO] [GradleStart]: Running with arguments: [--userProperties, {}, --assetsDir, C:/Users/brawl/.gradle/caches/minecraft/assets, --assetIndex, 1.7.10, --accessToken, {REDACTED}, --version, 1.7.10, --tweakClass, cpw.mods.fml.common.launcher.FMLTweaker, --tweakClass, net.minecraftforge.gradle.tweakers.CoremodTweaker]
[10:52:45] [main/INFO] [LaunchWrapper]: Loading tweak class name cpw.mods.fml.common.launcher.FMLTweaker
[10:52:45] [main/INFO] [LaunchWrapper]: Using primary tweak class name cpw.mods.fml.common.launcher.FMLTweaker
[10:52:45] [main/INFO] [LaunchWrapper]: Loading tweak class name net.minecraftforge.gradle.tweakers.CoremodTweaker
[10:52:45] [main/INFO] [LaunchWrapper]: Calling tweak class cpw.mods.fml.common.launcher.FMLTweaker
[10:54:56] [main/INFO] [GradleStart]: Extra: []
[10:54:56] [main/INFO] [GradleStart]: Found and added coremod: com.mod.htgt6.BiomeLoadingPlugin
[10:54:56] [main/INFO] [GradleStart]: Running with arguments: [--userProperties, {}, --assetsDir, C:/Users/brawl/.gradle/caches/minecraft/assets, --assetIndex, 1.7.10, --accessToken, {REDACTED}, --version, 1.7.10, --tweakClass, cpw.mods.fml.common.launcher.FMLTweaker, --tweakClass, net.minecraftforge.gradle.tweakers.CoremodTweaker]
[10:54:56] [main/INFO] [LaunchWrapper]: Loading tweak class name cpw.mods.fml.common.launcher.FMLTweaker
[10:54:56] [main/INFO] [LaunchWrapper]: Using primary tweak class name cpw.mods.fml.common.launcher.FMLTweaker
[10:54:56] [main/INFO] [LaunchWrapper]: Loading tweak class name net.minecraftforge.gradle.tweakers.CoremodTweaker
[10:54:56] [main/INFO] [LaunchWrapper]: Calling tweak class cpw.mods.fml.common.launcher.FMLTweaker
[10:57:02] [main/INFO] [GradleStart]: Extra: []
[10:57:02] [main/INFO] [GradleStart]: Found and added coremod: com.mod.htgt6.BiomeLoadingPlugin
[10:57:02] [main/INFO] [GradleStart]: Running with arguments: [--userProperties, {}, --assetsDir, C:/Users/brawl/.gradle/caches/minecraft/assets, --assetIndex, 1.7.10, --accessToken, {REDACTED}, --version, 1.7.10, --tweakClass, cpw.mods.fml.common.launcher.FMLTweaker, --tweakClass, net.minecraftforge.gradle.tweakers.CoremodTweaker]
[10:57:02] [main/INFO] [LaunchWrapper]: Loading tweak class name cpw.mods.fml.common.launcher.FMLTweaker
[10:57:02] [main/INFO] [LaunchWrapper]: Using primary tweak class name cpw.mods.fml.common.launcher.FMLTweaker
[10:57:02] [main/INFO] [LaunchWrapper]: Loading tweak class name net.minecraftforge.gradle.tweakers.CoremodTweaker
[10:57:02] [main/INFO] [LaunchWrapper]: Calling tweak class cpw.mods.fml.common.launcher.FMLTweaker
[10:58:29] [main/INFO] [GradleStart]: Extra: []
[10:58:29] [main/INFO] [GradleStart]: Found and added coremod: com.mod.htgt6.BiomeLoadingPlugin
[10:58:29] [main/INFO] [GradleStart]: Running with arguments: [--userProperties, {}, --assetsDir, C:/Users/brawl/.gradle/caches/minecraft/assets, --assetIndex, 1.7.10, --accessToken, {REDACTED}, --version, 1.7.10, --tweakClass, cpw.mods.fml.common.launcher.FMLTweaker, --tweakClass, net.minecraftforge.gradle.tweakers.CoremodTweaker]
[10:58:29] [main/INFO] [LaunchWrapper]: Loading tweak class name cpw.mods.fml.common.launcher.FMLTweaker
[10:58:29] [main/INFO] [LaunchWrapper]: Using primary tweak class name cpw.mods.fml.common.launcher.FMLTweaker
[10:58:29] [main/INFO] [LaunchWrapper]: Loading tweak class name net.minecraftforge.gradle.tweakers.CoremodTweaker
[10:58:29] [main/INFO] [LaunchWrapper]: Calling tweak class cpw.mods.fml.common.launcher.FMLTweaker
[10:59:05] [main/INFO] [GradleStart]: Extra: []
[10:59:05] [main/INFO] [GradleStart]: Found and added coremod: com.mod.htgt6.BiomeLoadingPlugin
[10:59:05] [main/INFO] [GradleStart]: Running with arguments: [--userProperties, {}, --assetsDir, C:/Users/brawl/.gradle/caches/minecraft/assets, --assetIndex, 1.7.10, --accessToken, {REDACTED}, --version, 1.7.10, --tweakClass, cpw.mods.fml.common.launcher.FMLTweaker, --tweakClass, net.minecraftforge.gradle.tweakers.CoremodTweaker]
[10:59:05] [main/INFO] [LaunchWrapper]: Loading tweak class name cpw.mods.fml.common.launcher.FMLTweaker
[10:59:05] [main/INFO] [LaunchWrapper]: Using primary tweak class name cpw.mods.fml.common.launcher.FMLTweaker
[10:59:05] [main/INFO] [LaunchWrapper]: Loading tweak class name net.minecraftforge.gradle.tweakers.CoremodTweaker
[10:59:05] [main/INFO] [LaunchWrapper]: Calling tweak class cpw.mods.fml.common.launcher.FMLTweaker
[11:01:40] [main/INFO] [GradleStart]: Extra: []
[11:01:40] [main/INFO] [GradleStart]: Found and added coremod: com.mod.htgt6.BiomeLoadingPlugin
[11:01:40] [main/INFO] [GradleStart]: Running with arguments: [--userProperties, {}, --assetsDir, C:/Users/brawl/.gradle/caches/minecraft/assets, --assetIndex, 1.7.10, --accessToken, {REDACTED}, --version, 1.7.10, --tweakClass, cpw.mods.fml.common.launcher.FMLTweaker, --tweakClass, net.minecraftforge.gradle.tweakers.CoremodTweaker]
[11:01:40] [main/INFO] [LaunchWrapper]: Loading tweak class name cpw.mods.fml.common.launcher.FMLTweaker
[11:01:40] [main/INFO] [LaunchWrapper]: Using primary tweak class name cpw.mods.fml.common.launcher.FMLTweaker
[11:01:40] [main/INFO] [LaunchWrapper]: Loading tweak class name net.minecraftforge.gradle.tweakers.CoremodTweaker
[11:01:40] [main/INFO] [LaunchWrapper]: Calling tweak class cpw.mods.fml.common.launcher.FMLTweaker
[11:05:31] [main/INFO] [GradleStart]: Extra: []
[11:05:31] [main/INFO] [GradleStart]: Found and added coremod: com.mod.htgt6.BiomeLoadingPlugin
[11:05:31] [main/INFO] [GradleStart]: Running with arguments: [--userProperties, {}, --assetsDir, C:/Users/brawl/.gradle/caches/minecraft/assets, --assetIndex, 1.7.10, --accessToken, {REDACTED}, --version, 1.7.10, --tweakClass, cpw.mods.fml.common.launcher.FMLTweaker, --tweakClass, net.minecraftforge.gradle.tweakers.CoremodTweaker]
[11:05:31] [main/INFO] [LaunchWrapper]: Loading tweak class name cpw.mods.fml.common.launcher.FMLTweaker
[11:05:31] [main/INFO] [LaunchWrapper]: Using primary tweak class name cpw.mods.fml.common.launcher.FMLTweaker
[11:05:31] [main/INFO] [LaunchWrapper]: Loading tweak class name net.minecraftforge.gradle.tweakers.CoremodTweaker
[11:05:31] [main/INFO] [LaunchWrapper]: Calling tweak class cpw.mods.fml.common.launcher.FMLTweaker
[11:09:54] [main/INFO] [GradleStart]: Extra: []
[11:09:54] [main/INFO] [GradleStart]: Found and added coremod: com.mod.htgt6.BiomeLoadingPlugin
[11:09:54] [main/INFO] [GradleStart]: Running with arguments: [--userProperties, {}, --assetsDir, C:/Users/brawl/.gradle/caches/minecraft/assets, --assetIndex, 1.7.10, --accessToken, {REDACTED}, --version, 1.7.10, --tweakClass, cpw.mods.fml.common.launcher.FMLTweaker, --tweakClass, net.minecraftforge.gradle.tweakers.CoremodTweaker]
[11:09:54] [main/INFO] [LaunchWrapper]: Loading tweak class name cpw.mods.fml.common.launcher.FMLTweaker
[11:09:54] [main/INFO] [LaunchWrapper]: Using primary tweak class name cpw.mods.fml.common.launcher.FMLTweaker
[11:09:54] [main/INFO] [LaunchWrapper]: Loading tweak class name net.minecraftforge.gradle.tweakers.CoremodTweaker
[11:09:54] [main/INFO] [LaunchWrapper]: Calling tweak class cpw.mods.fml.common.launcher.FMLTweaker
[11:15:57] [main/INFO] [GradleStart]: Extra: []
[11:15:58] [main/INFO] [GradleStart]: Found and added coremod: com.mod.htgt6.BiomeLoadingPlugin
[11:15:58] [main/INFO] [GradleStart]: Running with arguments: [--userProperties, {}, --assetsDir, C:/Users/brawl/.gradle/caches/minecraft/assets, --assetIndex, 1.7.10, --accessToken, {REDACTED}, --version, 1.7.10, --tweakClass, cpw.mods.fml.common.launcher.FMLTweaker, --tweakClass, net.minecraftforge.gradle.tweakers.CoremodTweaker]
[11:15:58] [main/INFO] [LaunchWrapper]: Loading tweak class name cpw.mods.fml.common.launcher.FMLTweaker
[11:15:58] [main/INFO] [LaunchWrapper]: Using primary tweak class name cpw.mods.fml.common.launcher.FMLTweaker
[11:15:58] [main/INFO] [LaunchWrapper]: Loading tweak class name net.minecraftforge.gradle.tweakers.CoremodTweaker
[11:15:58] [main/INFO] [LaunchWrapper]: Calling tweak class cpw.mods.fml.common.launcher.FMLTweaker
[11:16:30] [main/INFO] [GradleStart]: Extra: []
[11:16:30] [main/INFO] [GradleStart]: Found and added coremod: com.mod.htgt6.BiomeLoadingPlugin
[11:16:30] [main/INFO] [GradleStart]: Running with arguments: [--userProperties, {}, --assetsDir, C:/Users/brawl/.gradle/caches/minecraft/assets, --assetIndex, 1.7.10, --accessToken, {REDACTED}, --version, 1.7.10, --tweakClass, cpw.mods.fml.common.launcher.FMLTweaker, --tweakClass, net.minecraftforge.gradle.tweakers.CoremodTweaker]
[11:16:30] [main/INFO] [LaunchWrapper]: Loading tweak class name cpw.mods.fml.common.launcher.FMLTweaker
[11:16:30] [main/INFO] [LaunchWrapper]: Using primary tweak class name cpw.mods.fml.common.launcher.FMLTweaker
[11:16:30] [main/INFO] [LaunchWrapper]: Loading tweak class name net.minecraftforge.gradle.tweakers.CoremodTweaker
[11:16:30] [main/INFO] [LaunchWrapper]: Calling tweak class cpw.mods.fml.common.launcher.FMLTweaker
[11:17:22] [main/INFO] [GradleStart]: Extra: []
[11:17:22] [main/INFO] [GradleStart]: Found and added coremod: com.mod.htgt6.BiomeLoadingPlugin
[11:17:22] [main/INFO] [GradleStart]: Running with arguments: [--userProperties, {}, --assetsDir, C:/Users/brawl/.gradle/caches/minecraft/assets, --assetIndex, 1.7.10, --accessToken, {REDACTED}, --version, 1.7.10, --tweakClass, cpw.mods.fml.common.launcher.FMLTweaker, --tweakClass, net.minecraftforge.gradle.tweakers.CoremodTweaker]
[11:17:22] [main/INFO] [LaunchWrapper]: Loading tweak class name cpw.mods.fml.common.launcher.FMLTweaker
[11:17:22] [main/INFO] [LaunchWrapper]: Using primary tweak class name cpw.mods.fml.common.launcher.FMLTweaker
[11:17:22] [main/INFO] [LaunchWrapper]: Loading tweak class name net.minecraftforge.gradle.tweakers.CoremodTweaker
[11:17:22] [main/INFO] [LaunchWrapper]: Calling tweak class cpw.mods.fml.common.launcher.FMLTweaker
[11:30:18] [main/INFO] [GradleStart]: Extra: []
[11:30:18] [main/INFO] [GradleStart]: Found and added coremod: com.mod.htgt6.BiomeLoadingPlugin
[11:30:18] [main/INFO] [GradleStart]: Running with arguments: [--userProperties, {}, --assetsDir, C:/Users/brawl/.gradle/caches/minecraft/assets, --assetIndex, 1.7.10, --accessToken, {REDACTED}, --version, 1.7.10, --tweakClass, cpw.mods.fml.common.launcher.FMLTweaker, --tweakClass, net.minecraftforge.gradle.tweakers.CoremodTweaker]
[11:30:18] [main/INFO] [LaunchWrapper]: Loading tweak class name cpw.mods.fml.common.launcher.FMLTweaker
[11:30:18] [main/INFO] [LaunchWrapper]: Using primary tweak class name cpw.mods.fml.common.launcher.FMLTweaker
[11:30:18] [main/INFO] [LaunchWrapper]: Loading tweak class name net.minecraftforge.gradle.tweakers.CoremodTweaker
[11:30:18] [main/INFO] [LaunchWrapper]: Calling tweak class cpw.mods.fml.common.launcher.FMLTweaker
[11:36:50] [main/INFO] [GradleStart]: Extra: []
[11:36:50] [main/INFO] [GradleStart]: Found and added coremod: com.mod.htgt6.BiomeLoadingPlugin
[11:36:50] [main/INFO] [GradleStart]: Running with arguments: [--userProperties, {}, --assetsDir, C:/Users/brawl/.gradle/caches/minecraft/assets, --assetIndex, 1.7.10, --accessToken, {REDACTED}, --version, 1.7.10, --tweakClass, cpw.mods.fml.common.launcher.FMLTweaker, --tweakClass, net.minecraftforge.gradle.tweakers.CoremodTweaker]
[11:36:50] [main/INFO] [LaunchWrapper]: Loading tweak class name cpw.mods.fml.common.launcher.FMLTweaker
[11:36:50] [main/INFO] [LaunchWrapper]: Using primary tweak class name cpw.mods.fml.common.launcher.FMLTweaker
[11:36:50] [main/INFO] [LaunchWrapper]: Loading tweak class name net.minecraftforge.gradle.tweakers.CoremodTweaker
[11:36:50] [main/INFO] [LaunchWrapper]: Calling tweak class cpw.mods.fml.common.launcher.FMLTweaker
[11:44:02] [main/INFO] [GradleStart]: Extra: []
[11:44:02] [main/INFO] [GradleStart]: Found and added coremod: com.mod.htgt6.BiomeLoadingPlugin
[11:44:02] [main/INFO] [GradleStart]: Running with arguments: [--userProperties, {}, --assetsDir, C:/Users/brawl/.gradle/caches/minecraft/assets, --assetIndex, 1.7.10, --accessToken, {REDACTED}, --version, 1.7.10, --tweakClass, cpw.mods.fml.common.launcher.FMLTweaker, --tweakClass, net.minecraftforge.gradle.tweakers.CoremodTweaker]
[11:44:02] [main/INFO] [LaunchWrapper]: Loading tweak class name cpw.mods.fml.common.launcher.FMLTweaker
[11:44:02] [main/INFO] [LaunchWrapper]: Using primary tweak class name cpw.mods.fml.common.launcher.FMLTweaker
[11:44:02] [main/INFO] [LaunchWrapper]: Loading tweak class name net.minecraftforge.gradle.tweakers.CoremodTweaker
[11:44:02] [main/INFO] [LaunchWrapper]: Calling tweak class cpw.mods.fml.common.launcher.FMLTweaker
[11:47:02] [main/INFO] [GradleStart]: Extra: []
[11:47:02] [main/INFO] [GradleStart]: Found and added coremod: com.mod.htgt6.BiomeLoadingPlugin
[11:47:02] [main/INFO] [GradleStart]: Running with arguments: [--userProperties, {}, --assetsDir, C:/Users/brawl/.gradle/caches/minecraft/assets, --assetIndex, 1.7.10, --accessToken, {REDACTED}, --version, 1.7.10, --tweakClass, cpw.mods.fml.common.launcher.FMLTweaker, --tweakClass, net.minecraftforge.gradle.tweakers.CoremodTweaker]
[11:47:02] [main/INFO] [LaunchWrapper]: Loading tweak class name cpw.mods.fml.common.launcher.FMLTweaker
[11:47:02] [main/INFO] [LaunchWrapper]: Using primary tweak class name cpw.mods.fml.common.launcher.FMLTweaker
[11:47:02] [main/INFO] [LaunchWrapper]: Loading tweak class name net.minecraftforge.gradle.tweakers.CoremodTweaker
[11:47:02] [main/INFO] [LaunchWrapper]: Calling tweak class cpw.mods.fml.common.launcher.FMLTweaker
[11:48:37] [main/INFO] [GradleStart]: Extra: []
[11:48:37] [main/INFO] [GradleStart]: Found and added coremod: com.mod.htgt6.BiomeLoadingPlugin
[11:48:37] [main/INFO] [GradleStart]: Running with arguments: [--userProperties, {}, --assetsDir, C:/Users/brawl/.gradle/caches/minecraft/assets, --assetIndex, 1.7.10, --accessToken, {REDACTED}, --version, 1.7.10, --tweakClass, cpw.mods.fml.common.launcher.FMLTweaker, --tweakClass, net.minecraftforge.gradle.tweakers.CoremodTweaker]
[11:48:37] [main/INFO] [LaunchWrapper]: Loading tweak class name cpw.mods.fml.common.launcher.FMLTweaker
[11:48:37] [main/INFO] [LaunchWrapper]: Using primary tweak class name cpw.mods.fml.common.launcher.FMLTweaker
[11:48:37] [main/INFO] [LaunchWrapper]: Loading tweak class name net.minecraftforge.gradle.tweakers.CoremodTweaker
[11:48:37] [main/INFO] [LaunchWrapper]: Calling tweak class cpw.mods.fml.common.launcher.FMLTweaker
[11:51:18] [main/INFO] [GradleStart]: Extra: []
[11:51:18] [main/INFO] [GradleStart]: Found and added coremod: com.mod.htgt6.BiomeLoadingPlugin
[11:51:18] [main/INFO] [GradleStart]: Running with arguments: [--userProperties, {}, --assetsDir, C:/Users/brawl/.gradle/caches/minecraft/assets, --assetIndex, 1.7.10, --accessToken, {REDACTED}, --version, 1.7.10, --tweakClass, cpw.mods.fml.common.launcher.FMLTweaker, --tweakClass, net.minecraftforge.gradle.tweakers.CoremodTweaker]
[11:51:18] [main/INFO] [LaunchWrapper]: Loading tweak class name cpw.mods.fml.common.launcher.FMLTweaker
[11:51:18] [main/INFO] [LaunchWrapper]: Using primary tweak class name cpw.mods.fml.common.launcher.FMLTweaker
[11:51:18] [main/INFO] [LaunchWrapper]: Loading tweak class name net.minecraftforge.gradle.tweakers.CoremodTweaker
[11:51:18] [main/INFO] [LaunchWrapper]: Calling tweak class cpw.mods.fml.common.launcher.FMLTweaker
[11:54:31] [main/INFO] [GradleStart]: Extra: []
[11:54:31] [main/INFO] [GradleStart]: Found and added coremod: com.mod.htgt6.BiomeLoadingPlugin
[11:54:31] [main/INFO] [GradleStart]: Running with arguments: [--userProperties, {}, --assetsDir, C:/Users/brawl/.gradle/caches/minecraft/assets, --assetIndex, 1.7.10, --accessToken, {REDACTED}, --version, 1.7.10, --tweakClass, cpw.mods.fml.common.launcher.FMLTweaker, --tweakClass, net.minecraftforge.gradle.tweakers.CoremodTweaker]
[11:54:31] [main/INFO] [LaunchWrapper]: Loading tweak class name cpw.mods.fml.common.launcher.FMLTweaker
[11:54:31] [main/INFO] [LaunchWrapper]: Using primary tweak class name cpw.mods.fml.common.launcher.FMLTweaker
[11:54:31] [main/INFO] [LaunchWrapper]: Loading tweak class name net.minecraftforge.gradle.tweakers.CoremodTweaker
[11:54:31] [main/INFO] [LaunchWrapper]: Calling tweak class cpw.mods.fml.common.launcher.FMLTweaker
[11:57:20] [main/INFO] [GradleStart]: Extra: []
[11:57:20] [main/INFO] [GradleStart]: Found and added coremod: com.mod.htgt6.BiomeLoadingPlugin
[11:57:20] [main/INFO] [GradleStart]: Running with arguments: [--userProperties, {}, --assetsDir, C:/Users/brawl/.gradle/caches/minecraft/assets, --assetIndex, 1.7.10, --accessToken, {REDACTED}, --version, 1.7.10, --tweakClass, cpw.mods.fml.common.launcher.FMLTweaker, --tweakClass, net.minecraftforge.gradle.tweakers.CoremodTweaker]
[11:57:20] [main/INFO] [LaunchWrapper]: Loading tweak class name cpw.mods.fml.common.launcher.FMLTweaker
[11:57:20] [main/INFO] [LaunchWrapper]: Using primary tweak class name cpw.mods.fml.common.launcher.FMLTweaker
[11:57:20] [main/INFO] [LaunchWrapper]: Loading tweak class name net.minecraftforge.gradle.tweakers.CoremodTweaker
[11:57:20] [main/INFO] [LaunchWrapper]: Calling tweak class cpw.mods.fml.common.launcher.FMLTweaker
[12:21:01] [main/INFO] [GradleStart]: Extra: []
[12:21:01] [main/INFO] [GradleStart]: Found and added coremod: com.mod.htgt6.BiomeLoadingPlugin
[12:21:01] [main/INFO] [GradleStart]: Running with arguments: [--userProperties, {}, --assetsDir, C:/Users/brawl/.gradle/caches/minecraft/assets, --assetIndex, 1.7.10, --accessToken, {REDACTED}, --version, 1.7.10, --tweakClass, cpw.mods.fml.common.launcher.FMLTweaker, --tweakClass, net.minecraftforge.gradle.tweakers.CoremodTweaker]
[12:21:01] [main/INFO] [LaunchWrapper]: Loading tweak class name cpw.mods.fml.common.launcher.FMLTweaker
[12:21:01] [main/INFO] [LaunchWrapper]: Using primary tweak class name cpw.mods.fml.common.launcher.FMLTweaker
[12:21:01] [main/INFO] [LaunchWrapper]: Loading tweak class name net.minecraftforge.gradle.tweakers.CoremodTweaker
[12:21:01] [main/INFO] [LaunchWrapper]: Calling tweak class cpw.mods.fml.common.launcher.FMLTweaker
[12:21:25] [main/INFO] [GradleStart]: Extra: []
[12:21:25] [main/INFO] [GradleStart]: Found and added coremod: com.mod.htgt6.BiomeLoadingPlugin
[12:21:25] [main/INFO] [GradleStart]: Running with arguments: [--userProperties, {}, --assetsDir, C:/Users/brawl/.gradle/caches/minecraft/assets, --assetIndex, 1.7.10, --accessToken, {REDACTED}, --version, 1.7.10, --tweakClass, cpw.mods.fml.common.launcher.FMLTweaker, --tweakClass, net.minecraftforge.gradle.tweakers.CoremodTweaker]
[12:21:25] [main/INFO] [LaunchWrapper]: Loading tweak class name cpw.mods.fml.common.launcher.FMLTweaker
[12:21:25] [main/INFO] [LaunchWrapper]: Using primary tweak class name cpw.mods.fml.common.launcher.FMLTweaker
[12:21:25] [main/INFO] [LaunchWrapper]: Loading tweak class name net.minecraftforge.gradle.tweakers.CoremodTweaker
[12:21:25] [main/INFO] [LaunchWrapper]: Calling tweak class cpw.mods.fml.common.launcher.FMLTweaker
[12:24:39] [main/INFO] [GradleStart]: Extra: []
[12:24:39] [main/INFO] [GradleStart]: Found and added coremod: com.mod.htgt6.BiomeLoadingPlugin
[12:24:39] [main/INFO] [GradleStart]: Running with arguments: [--userProperties, {}, --assetsDir, C:/Users/brawl/.gradle/caches/minecraft/assets, --assetIndex, 1.7.10, --accessToken, {REDACTED}, --version, 1.7.10, --tweakClass, cpw.mods.fml.common.launcher.FMLTweaker, --tweakClass, net.minecraftforge.gradle.tweakers.CoremodTweaker]
[12:24:39] [main/INFO] [LaunchWrapper]: Loading tweak class name cpw.mods.fml.common.launcher.FMLTweaker
[12:24:39] [main/INFO] [LaunchWrapper]: Using primary tweak class name cpw.mods.fml.common.launcher.FMLTweaker
[12:24:39] [main/INFO] [LaunchWrapper]: Loading tweak class name net.minecraftforge.gradle.tweakers.CoremodTweaker
[12:24:39] [main/INFO] [LaunchWrapper]: Calling tweak class cpw.mods.fml.common.launcher.FMLTweaker
[12:32:23] [main/INFO] [GradleStart]: Extra: []
[12:32:23] [main/INFO] [GradleStart]: Found and added coremod: com.mod.htgt6.BiomeLoadingPlugin
[12:32:23] [main/INFO] [GradleStart]: Running with arguments: [--userProperties, {}, --assetsDir, C:/Users/brawl/.gradle/caches/minecraft/assets, --assetIndex, 1.7.10, --accessToken, {REDACTED}, --version, 1.7.10, --tweakClass, cpw.mods.fml.common.launcher.FMLTweaker, --tweakClass, net.minecraftforge.gradle.tweakers.CoremodTweaker]
[12:32:23] [main/INFO] [LaunchWrapper]: Loading tweak class name cpw.mods.fml.common.launcher.FMLTweaker
[12:32:23] [main/INFO] [LaunchWrapper]: Using primary tweak class name cpw.mods.fml.common.launcher.FMLTweaker
[12:32:23] [main/INFO] [LaunchWrapper]: Loading tweak class name net.minecraftforge.gradle.tweakers.CoremodTweaker
[12:32:23] [main/INFO] [LaunchWrapper]: Calling tweak class cpw.mods.fml.common.launcher.FMLTweaker
[12:36:00] [main/INFO] [GradleStart]: Extra: []
[12:36:00] [main/INFO] [GradleStart]: Found and added coremod: com.mod.htgt6.BiomeLoadingPlugin
[12:36:00] [main/INFO] [GradleStart]: Running with arguments: [--userProperties, {}, --assetsDir, C:/Users/brawl/.gradle/caches/minecraft/assets, --assetIndex, 1.7.10, --accessToken, {REDACTED}, --version, 1.7.10, --tweakClass, cpw.mods.fml.common.launcher.FMLTweaker, --tweakClass, net.minecraftforge.gradle.tweakers.CoremodTweaker]
[12:36:00] [main/INFO] [LaunchWrapper]: Loading tweak class name cpw.mods.fml.common.launcher.FMLTweaker
[12:36:00] [main/INFO] [LaunchWrapper]: Using primary tweak class name cpw.mods.fml.common.launcher.FMLTweaker
[12:36:00] [main/INFO] [LaunchWrapper]: Loading tweak class name net.minecraftforge.gradle.tweakers.CoremodTweaker
[12:36:00] [main/INFO] [LaunchWrapper]: Calling tweak class cpw.mods.fml.common.launcher.FMLTweaker
[12:38:43] [main/INFO] [GradleStart]: Extra: []
[12:38:43] [main/INFO] [GradleStart]: Found and added coremod: com.mod.htgt6.BiomeLoadingPlugin
[12:38:43] [main/INFO] [GradleStart]: Running with arguments: [--userProperties, {}, --assetsDir, C:/Users/brawl/.gradle/caches/minecraft/assets, --assetIndex, 1.7.10, --accessToken, {REDACTED}, --version, 1.7.10, --tweakClass, cpw.mods.fml.common.launcher.FMLTweaker, --tweakClass, net.minecraftforge.gradle.tweakers.CoremodTweaker]
[12:38:43] [main/INFO] [LaunchWrapper]: Loading tweak class name cpw.mods.fml.common.launcher.FMLTweaker
[12:38:43] [main/INFO] [LaunchWrapper]: Using primary tweak class name cpw.mods.fml.common.launcher.FMLTweaker
[12:38:43] [main/INFO] [LaunchWrapper]: Loading tweak class name net.minecraftforge.gradle.tweakers.CoremodTweaker
[12:38:43] [main/INFO] [LaunchWrapper]: Calling tweak class cpw.mods.fml.common.launcher.FMLTweaker
[12:40:35] [main/INFO] [GradleStart]: Extra: []
[12:40:35] [main/INFO] [GradleStart]: Found and added coremod: com.mod.htgt6.BiomeLoadingPlugin
[12:40:35] [main/INFO] [GradleStart]: Running with arguments: [--userProperties, {}, --assetsDir, C:/Users/brawl/.gradle/caches/minecraft/assets, --assetIndex, 1.7.10, --accessToken, {REDACTED}, --version, 1.7.10, --tweakClass, cpw.mods.fml.common.launcher.FMLTweaker, --tweakClass, net.minecraftforge.gradle.tweakers.CoremodTweaker]
[12:40:35] [main/INFO] [LaunchWrapper]: Loading tweak class name cpw.mods.fml.common.launcher.FMLTweaker
[12:40:35] [main/INFO] [LaunchWrapper]: Using primary tweak class name cpw.mods.fml.common.launcher.FMLTweaker
[12:40:35] [main/INFO] [LaunchWrapper]: Loading tweak class name net.minecraftforge.gradle.tweakers.CoremodTweaker
[12:40:35] [main/INFO] [LaunchWrapper]: Calling tweak class cpw.mods.fml.common.launcher.FMLTweaker
[12:43:42] [main/INFO] [GradleStart]: Extra: []
[12:43:42] [main/INFO] [GradleStart]: Found and added coremod: com.mod.htgt6.BiomeLoadingPlugin
[12:43:42] [main/INFO] [GradleStart]: Running with arguments: [--userProperties, {}, --assetsDir, C:/Users/brawl/.gradle/caches/minecraft/assets, --assetIndex, 1.7.10, --accessToken, {REDACTED}, --version, 1.7.10, --tweakClass, cpw.mods.fml.common.launcher.FMLTweaker, --tweakClass, net.minecraftforge.gradle.tweakers.CoremodTweaker]
[12:43:42] [main/INFO] [LaunchWrapper]: Loading tweak class name cpw.mods.fml.common.launcher.FMLTweaker
[12:43:42] [main/INFO] [LaunchWrapper]: Using primary tweak class name cpw.mods.fml.common.launcher.FMLTweaker
[12:43:42] [main/INFO] [LaunchWrapper]: Loading tweak class name net.minecraftforge.gradle.tweakers.CoremodTweaker
[12:43:42] [main/INFO] [LaunchWrapper]: Calling tweak class cpw.mods.fml.common.launcher.FMLTweaker
[12:56:29] [main/INFO] [GradleStart]: Extra: []
[12:56:29] [main/INFO] [GradleStart]: Found and added coremod: com.mod.htgt6.BiomeLoadingPlugin
[12:56:29] [main/INFO] [GradleStart]: Running with arguments: [--userProperties, {}, --assetsDir, C:/Users/brawl/.gradle/caches/minecraft/assets, --assetIndex, 1.7.10, --accessToken, {REDACTED}, --version, 1.7.10, --tweakClass, cpw.mods.fml.common.launcher.FMLTweaker, --tweakClass, net.minecraftforge.gradle.tweakers.CoremodTweaker]
[12:56:29] [main/INFO] [LaunchWrapper]: Loading tweak class name cpw.mods.fml.common.launcher.FMLTweaker
[12:56:29] [main/INFO] [LaunchWrapper]: Using primary tweak class name cpw.mods.fml.common.launcher.FMLTweaker
[12:56:29] [main/INFO] [LaunchWrapper]: Loading tweak class name net.minecraftforge.gradle.tweakers.CoremodTweaker
[12:56:29] [main/INFO] [LaunchWrapper]: Calling tweak class cpw.mods.fml.common.launcher.FMLTweaker
[13:01:27] [main/INFO] [GradleStart]: Extra: []
[13:01:27] [main/INFO] [GradleStart]: Found and added coremod: com.mod.htgt6.BiomeLoadingPlugin
[13:01:27] [main/INFO] [GradleStart]: Running with arguments: [--userProperties, {}, --assetsDir, C:/Users/brawl/.gradle/caches/minecraft/assets, --assetIndex, 1.7.10, --accessToken, {REDACTED}, --version, 1.7.10, --tweakClass, cpw.mods.fml.common.launcher.FMLTweaker, --tweakClass, net.minecraftforge.gradle.tweakers.CoremodTweaker]
[13:01:27] [main/INFO] [LaunchWrapper]: Loading tweak class name cpw.mods.fml.common.launcher.FMLTweaker
[13:01:27] [main/INFO] [LaunchWrapper]: Using primary tweak class name cpw.mods.fml.common.launcher.FMLTweaker
[13:01:27] [main/INFO] [LaunchWrapper]: Loading tweak class name net.minecraftforge.gradle.tweakers.CoremodTweaker
[13:01:27] [main/INFO] [LaunchWrapper]: Calling tweak class cpw.mods.fml.common.launcher.FMLTweaker
[13:07:20] [main/INFO] [GradleStart]: Extra: []
[13:07:20] [main/INFO] [GradleStart]: Found and added coremod: com.mod.htgt6.BiomeLoadingPlugin
[13:07:20] [main/INFO] [GradleStart]: Running with arguments: [--userProperties, {}, --assetsDir, C:/Users/brawl/.gradle/caches/minecraft/assets, --assetIndex, 1.7.10, --accessToken, {REDACTED}, --version, 1.7.10, --tweakClass, cpw.mods.fml.common.launcher.FMLTweaker, --tweakClass, net.minecraftforge.gradle.tweakers.CoremodTweaker]
[13:07:20] [main/INFO] [LaunchWrapper]: Loading tweak class name cpw.mods.fml.common.launcher.FMLTweaker
[13:07:20] [main/INFO] [LaunchWrapper]: Using primary tweak class name cpw.mods.fml.common.launcher.FMLTweaker
[13:07:20] [main/INFO] [LaunchWrapper]: Loading tweak class name net.minecraftforge.gradle.tweakers.CoremodTweaker
[13:07:20] [main/INFO] [LaunchWrapper]: Calling tweak class cpw.mods.fml.common.launcher.FMLTweaker
[13:10:28] [main/INFO] [GradleStart]: Extra: []
[13:10:28] [main/INFO] [GradleStart]: Found and added coremod: com.mod.htgt6.BiomeLoadingPlugin
[13:10:28] [main/INFO] [GradleStart]: Running with arguments: [--userProperties, {}, --assetsDir, C:/Users/brawl/.gradle/caches/minecraft/assets, --assetIndex, 1.7.10, --accessToken, {REDACTED}, --version, 1.7.10, --tweakClass, cpw.mods.fml.common.launcher.FMLTweaker, --tweakClass, net.minecraftforge.gradle.tweakers.CoremodTweaker]
[13:10:28] [main/INFO] [LaunchWrapper]: Loading tweak class name cpw.mods.fml.common.launcher.FMLTweaker
[13:10:28] [main/INFO] [LaunchWrapper]: Using primary tweak class name cpw.mods.fml.common.launcher.FMLTweaker
[13:10:28] [main/INFO] [LaunchWrapper]: Loading tweak class name net.minecraftforge.gradle.tweakers.CoremodTweaker
[13:10:28] [main/INFO] [LaunchWrapper]: Calling tweak class cpw.mods.fml.common.launcher.FMLTweaker
[13:12:50] [main/INFO] [GradleStart]: Extra: []
[13:12:50] [main/INFO] [GradleStart]: Found and added coremod: com.mod.htgt6.BiomeLoadingPlugin
[13:12:50] [main/INFO] [GradleStart]: Running with arguments: [--userProperties, {}, --assetsDir, C:/Users/brawl/.gradle/caches/minecraft/assets, --assetIndex, 1.7.10, --accessToken, {REDACTED}, --version, 1.7.10, --tweakClass, cpw.mods.fml.common.launcher.FMLTweaker, --tweakClass, net.minecraftforge.gradle.tweakers.CoremodTweaker]
[13:12:50] [main/INFO] [LaunchWrapper]: Loading tweak class name cpw.mods.fml.common.launcher.FMLTweaker
[13:12:50] [main/INFO] [LaunchWrapper]: Using primary tweak class name cpw.mods.fml.common.launcher.FMLTweaker
[13:12:50] [main/INFO] [LaunchWrapper]: Loading tweak class name net.minecraftforge.gradle.tweakers.CoremodTweaker
[13:12:50] [main/INFO] [LaunchWrapper]: Calling tweak class cpw.mods.fml.common.launcher.FMLTweaker
[13:14:13] [main/INFO] [GradleStart]: Extra: []
[13:14:13] [main/INFO] [GradleStart]: Found and added coremod: com.mod.htgt6.BiomeLoadingPlugin
[13:14:13] [main/INFO] [GradleStart]: Running with arguments: [--userProperties, {}, --assetsDir, C:/Users/brawl/.gradle/caches/minecraft/assets, --assetIndex, 1.7.10, --accessToken, {REDACTED}, --version, 1.7.10, --tweakClass, cpw.mods.fml.common.launcher.FMLTweaker, --tweakClass, net.minecraftforge.gradle.tweakers.CoremodTweaker]
[13:14:13] [main/INFO] [LaunchWrapper]: Loading tweak class name cpw.mods.fml.common.launcher.FMLTweaker
[13:14:13] [main/INFO] [LaunchWrapper]: Using primary tweak class name cpw.mods.fml.common.launcher.FMLTweaker
[13:14:13] [main/INFO] [LaunchWrapper]: Loading tweak class name net.minecraftforge.gradle.tweakers.CoremodTweaker
[13:14:13] [main/INFO] [LaunchWrapper]: Calling tweak class cpw.mods.fml.common.launcher.FMLTweaker
[13:15:23] [main/INFO] [GradleStart]: Extra: []
[13:15:23] [main/INFO] [GradleStart]: Found and added coremod: com.mod.htgt6.BiomeLoadingPlugin
[13:15:23] [main/INFO] [GradleStart]: Running with arguments: [--userProperties, {}, --assetsDir, C:/Users/brawl/.gradle/caches/minecraft/assets, --assetIndex, 1.7.10, --accessToken, {REDACTED}, --version, 1.7.10, --tweakClass, cpw.mods.fml.common.launcher.FMLTweaker, --tweakClass, net.minecraftforge.gradle.tweakers.CoremodTweaker]
[13:15:23] [main/INFO] [LaunchWrapper]: Loading tweak class name cpw.mods.fml.common.launcher.FMLTweaker
[13:15:23] [main/INFO] [LaunchWrapper]: Using primary tweak class name cpw.mods.fml.common.launcher.FMLTweaker
[13:15:23] [main/INFO] [LaunchWrapper]: Loading tweak class name net.minecraftforge.gradle.tweakers.CoremodTweaker
[13:15:23] [main/INFO] [LaunchWrapper]: Calling tweak class cpw.mods.fml.common.launcher.FMLTweaker
[13:18:07] [main/INFO] [GradleStart]: Extra: []
[13:18:07] [main/INFO] [GradleStart]: Found and added coremod: com.mod.htgt6.BiomeLoadingPlugin
[13:18:07] [main/INFO] [GradleStart]: Running with arguments: [--userProperties, {}, --assetsDir, C:/Users/brawl/.gradle/caches/minecraft/assets, --assetIndex, 1.7.10, --accessToken, {REDACTED}, --version, 1.7.10, --tweakClass, cpw.mods.fml.common.launcher.FMLTweaker, --tweakClass, net.minecraftforge.gradle.tweakers.CoremodTweaker]
[13:18:07] [main/INFO] [LaunchWrapper]: Loading tweak class name cpw.mods.fml.common.launcher.FMLTweaker
[13:18:07] [main/INFO] [LaunchWrapper]: Using primary tweak class name cpw.mods.fml.common.launcher.FMLTweaker
[13:18:07] [main/INFO] [LaunchWrapper]: Loading tweak class name net.minecraftforge.gradle.tweakers.CoremodTweaker
[13:18:07] [main/INFO] [LaunchWrapper]: Calling tweak class cpw.mods.fml.common.launcher.FMLTweaker
[13:21:02] [main/INFO] [GradleStart]: Extra: []
[13:21:02] [main/INFO] [GradleStart]: Found and added coremod: com.mod.htgt6.BiomeLoadingPlugin
[13:21:02] [main/INFO] [GradleStart]: Running with arguments: [--userProperties, {}, --assetsDir, C:/Users/brawl/.gradle/caches/minecraft/assets, --assetIndex, 1.7.10, --accessToken, {REDACTED}, --version, 1.7.10, --tweakClass, cpw.mods.fml.common.launcher.FMLTweaker, --tweakClass, net.minecraftforge.gradle.tweakers.CoremodTweaker]
[13:21:02] [main/INFO] [LaunchWrapper]: Loading tweak class name cpw.mods.fml.common.launcher.FMLTweaker
[13:21:02] [main/INFO] [LaunchWrapper]: Using primary tweak class name cpw.mods.fml.common.launcher.FMLTweaker
[13:21:02] [main/INFO] [LaunchWrapper]: Loading tweak class name net.minecraftforge.gradle.tweakers.CoremodTweaker
[13:21:02] [main/INFO] [LaunchWrapper]: Calling tweak class cpw.mods.fml.common.launcher.FMLTweaker
[13:24:53] [main/INFO] [GradleStart]: Extra: []
[13:24:53] [main/INFO] [GradleStart]: Found and added coremod: com.mod.htgt6.BiomeLoadingPlugin
[13:24:53] [main/INFO] [GradleStart]: Running with arguments: [--userProperties, {}, --assetsDir, C:/Users/brawl/.gradle/caches/minecraft/assets, --assetIndex, 1.7.10, --accessToken, {REDACTED}, --version, 1.7.10, --tweakClass, cpw.mods.fml.common.launcher.FMLTweaker, --tweakClass, net.minecraftforge.gradle.tweakers.CoremodTweaker]
[13:24:53] [main/INFO] [LaunchWrapper]: Loading tweak class name cpw.mods.fml.common.launcher.FMLTweaker
[13:24:53] [main/INFO] [LaunchWrapper]: Using primary tweak class name cpw.mods.fml.common.launcher.FMLTweaker
[13:24:53] [main/INFO] [LaunchWrapper]: Loading tweak class name net.minecraftforge.gradle.tweakers.CoremodTweaker
[13:24:53] [main/INFO] [LaunchWrapper]: Calling tweak class cpw.mods.fml.common.launcher.FMLTweaker
[13:26:09] [main/INFO] [GradleStart]: Extra: []
[13:26:09] [main/INFO] [GradleStart]: Found and added coremod: com.mod.htgt6.BiomeLoadingPlugin
[13:26:09] [main/INFO] [GradleStart]: Running with arguments: [--userProperties, {}, --assetsDir, C:/Users/brawl/.gradle/caches/minecraft/assets, --assetIndex, 1.7.10, --accessToken, {REDACTED}, --version, 1.7.10, --tweakClass, cpw.mods.fml.common.launcher.FMLTweaker, --tweakClass, net.minecraftforge.gradle.tweakers.CoremodTweaker]
[13:26:09] [main/INFO] [LaunchWrapper]: Loading tweak class name cpw.mods.fml.common.launcher.FMLTweaker
[13:26:09] [main/INFO] [LaunchWrapper]: Using primary tweak class name cpw.mods.fml.common.launcher.FMLTweaker
[13:26:09] [main/INFO] [LaunchWrapper]: Loading tweak class name net.minecraftforge.gradle.tweakers.CoremodTweaker
[13:26:09] [main/INFO] [LaunchWrapper]: Calling tweak class cpw.mods.fml.common.launcher.FMLTweaker
[16:56:46] [main/INFO] [GradleStart]: Extra: []
[16:56:46] [main/INFO] [GradleStart]: Found and added coremod: com.mod.htgt6.BiomeLoadingPlugin
[16:56:46] [main/INFO] [GradleStart]: Running with arguments: [--userProperties, {}, --assetsDir, C:/Users/brawl/.gradle/caches/minecraft/assets, --assetIndex, 1.7.10, --accessToken, {REDACTED}, --version, 1.7.10, --tweakClass, cpw.mods.fml.common.launcher.FMLTweaker, --tweakClass, net.minecraftforge.gradle.tweakers.CoremodTweaker]
[16:56:46] [main/INFO] [LaunchWrapper]: Loading tweak class name cpw.mods.fml.common.launcher.FMLTweaker
[16:56:46] [main/INFO] [LaunchWrapper]: Using primary tweak class name cpw.mods.fml.common.launcher.FMLTweaker
[16:56:46] [main/INFO] [LaunchWrapper]: Loading tweak class name net.minecraftforge.gradle.tweakers.CoremodTweaker
[16:56:46] [main/INFO] [LaunchWrapper]: Calling tweak class cpw.mods.fml.common.launcher.FMLTweaker
[16:58:37] [main/INFO] [GradleStart]: Extra: []
[16:58:37] [main/INFO] [GradleStart]: Found and added coremod: com.mod.htgt6.BiomeLoadingPlugin
[16:58:37] [main/INFO] [GradleStart]: Running with arguments: [--userProperties, {}, --assetsDir, C:/Users/brawl/.gradle/caches/minecraft/assets, --assetIndex, 1.7.10, --accessToken, {REDACTED}, --version, 1.7.10, --tweakClass, cpw.mods.fml.common.launcher.FMLTweaker, --tweakClass, net.minecraftforge.gradle.tweakers.CoremodTweaker]
[16:58:37] [main/INFO] [LaunchWrapper]: Loading tweak class name cpw.mods.fml.common.launcher.FMLTweaker
[16:58:37] [main/INFO] [LaunchWrapper]: Using primary tweak class name cpw.mods.fml.common.launcher.FMLTweaker
[16:58:37] [main/INFO] [LaunchWrapper]: Loading tweak class name net.minecraftforge.gradle.tweakers.CoremodTweaker
[16:58:37] [main/INFO] [LaunchWrapper]: Calling tweak class cpw.mods.fml.common.launcher.FMLTweaker
[17:04:43] [main/INFO] [GradleStart]: Extra: []
[17:04:44] [main/INFO] [GradleStart]: Found and added coremod: com.mod.htgt6.BiomeLoadingPlugin
[17:04:44] [main/INFO] [GradleStart]: Running with arguments: [--userProperties, {}, --assetsDir, C:/Users/brawl/.gradle/caches/minecraft/assets, --assetIndex, 1.7.10, --accessToken, {REDACTED}, --version, 1.7.10, --tweakClass, cpw.mods.fml.common.launcher.FMLTweaker, --tweakClass, net.minecraftforge.gradle.tweakers.CoremodTweaker]
[17:04:44] [main/INFO] [LaunchWrapper]: Loading tweak class name cpw.mods.fml.common.launcher.FMLTweaker
[17:04:44] [main/INFO] [LaunchWrapper]: Using primary tweak class name cpw.mods.fml.common.launcher.FMLTweaker
[17:04:44] [main/INFO] [LaunchWrapper]: Loading tweak class name net.minecraftforge.gradle.tweakers.CoremodTweaker
[17:04:44] [main/INFO] [LaunchWrapper]: Calling tweak class cpw.mods.fml.common.launcher.FMLTweaker
[17:05:41] [main/INFO] [GradleStart]: Extra: []
[17:05:41] [main/INFO] [GradleStart]: Found and added coremod: com.mod.htgt6.BiomeLoadingPlugin
[17:05:41] [main/INFO] [GradleStart]: Running with arguments: [--userProperties, {}, --assetsDir, C:/Users/brawl/.gradle/caches/minecraft/assets, --assetIndex, 1.7.10, --accessToken, {REDACTED}, --version, 1.7.10, --tweakClass, cpw.mods.fml.common.launcher.FMLTweaker, --tweakClass, net.minecraftforge.gradle.tweakers.CoremodTweaker]
[17:05:41] [main/INFO] [LaunchWrapper]: Loading tweak class name cpw.mods.fml.common.launcher.FMLTweaker
[17:05:41] [main/INFO] [LaunchWrapper]: Using primary tweak class name cpw.mods.fml.common.launcher.FMLTweaker
[17:05:41] [main/INFO] [LaunchWrapper]: Loading tweak class name net.minecraftforge.gradle.tweakers.CoremodTweaker
[17:05:41] [main/INFO] [LaunchWrapper]: Calling tweak class cpw.mods.fml.common.launcher.FMLTweaker
[17:20:24] [main/INFO] [GradleStart]: Extra: []
[17:20:24] [main/INFO] [GradleStart]: Found and added coremod: com.mod.htgt6.BiomeLoadingPlugin
[17:20:24] [main/INFO] [GradleStart]: Running with arguments: [--userProperties, {}, --assetsDir, C:/Users/brawl/.gradle/caches/minecraft/assets, --assetIndex, 1.7.10, --accessToken, {REDACTED}, --version, 1.7.10, --tweakClass, cpw.mods.fml.common.launcher.FMLTweaker, --tweakClass, net.minecraftforge.gradle.tweakers.CoremodTweaker]
[17:20:24] [main/INFO] [LaunchWrapper]: Loading tweak class name cpw.mods.fml.common.launcher.FMLTweaker
[17:20:24] [main/INFO] [LaunchWrapper]: Using primary tweak class name cpw.mods.fml.common.launcher.FMLTweaker
[17:20:24] [main/INFO] [LaunchWrapper]: Loading tweak class name net.minecraftforge.gradle.tweakers.CoremodTweaker
[17:20:24] [main/INFO] [LaunchWrapper]: Calling tweak class cpw.mods.fml.common.launcher.FMLTweaker
[17:22:21] [main/INFO] [GradleStart]: Extra: []
[17:22:21] [main/INFO] [GradleStart]: Found and added coremod: com.mod.htgt6.BiomeLoadingPlugin
[17:22:21] [main/INFO] [GradleStart]: Running with arguments: [--userProperties, {}, --assetsDir, C:/Users/brawl/.gradle/caches/minecraft/assets, --assetIndex, 1.7.10, --accessToken, {REDACTED}, --version, 1.7.10, --tweakClass, cpw.mods.fml.common.launcher.FMLTweaker, --tweakClass, net.minecraftforge.gradle.tweakers.CoremodTweaker]
[17:22:21] [main/INFO] [LaunchWrapper]: Loading tweak class name cpw.mods.fml.common.launcher.FMLTweaker
[17:22:21] [main/INFO] [LaunchWrapper]: Using primary tweak class name cpw.mods.fml.common.launcher.FMLTweaker
[17:22:21] [main/INFO] [LaunchWrapper]: Loading tweak class name net.minecraftforge.gradle.tweakers.CoremodTweaker
[17:22:21] [main/INFO] [LaunchWrapper]: Calling tweak class cpw.mods.fml.common.launcher.FMLTweaker
[17:23:48] [main/INFO] [GradleStart]: Extra: []
[17:23:48] [main/INFO] [GradleStart]: Found and added coremod: com.mod.htgt6.BiomeLoadingPlugin
[17:23:48] [main/INFO] [GradleStart]: Running with arguments: [--userProperties, {}, --assetsDir, C:/Users/brawl/.gradle/caches/minecraft/assets, --assetIndex, 1.7.10, --accessToken, {REDACTED}, --version, 1.7.10, --tweakClass, cpw.mods.fml.common.launcher.FMLTweaker, --tweakClass, net.minecraftforge.gradle.tweakers.CoremodTweaker]
[17:23:48] [main/INFO] [LaunchWrapper]: Loading tweak class name cpw.mods.fml.common.launcher.FMLTweaker
[17:23:48] [main/INFO] [LaunchWrapper]: Using primary tweak class name cpw.mods.fml.common.launcher.FMLTweaker
[17:23:48] [main/INFO] [LaunchWrapper]: Loading tweak class name net.minecraftforge.gradle.tweakers.CoremodTweaker
[17:23:48] [main/INFO] [LaunchWrapper]: Calling tweak class cpw.mods.fml.common.launcher.FMLTweaker
[17:27:21] [main/INFO] [GradleStart]: Extra: []
[17:27:21] [main/INFO] [GradleStart]: Found and added coremod: com.mod.htgt6.BiomeLoadingPlugin
[17:27:21] [main/INFO] [GradleStart]: Running with arguments: [--userProperties, {}, --assetsDir, C:/Users/brawl/.gradle/caches/minecraft/assets, --assetIndex, 1.7.10, --accessToken, {REDACTED}, --version, 1.7.10, --tweakClass, cpw.mods.fml.common.launcher.FMLTweaker, --tweakClass, net.minecraftforge.gradle.tweakers.CoremodTweaker]
[17:27:21] [main/INFO] [LaunchWrapper]: Loading tweak class name cpw.mods.fml.common.launcher.FMLTweaker
[17:27:21] [main/INFO] [LaunchWrapper]: Using primary tweak class name cpw.mods.fml.common.launcher.FMLTweaker
[17:27:21] [main/INFO] [LaunchWrapper]: Loading tweak class name net.minecraftforge.gradle.tweakers.CoremodTweaker
[17:27:21] [main/INFO] [LaunchWrapper]: Calling tweak class cpw.mods.fml.common.launcher.FMLTweaker
[17:33:23] [main/INFO] [GradleStart]: Extra: []
[17:33:23] [main/INFO] [GradleStart]: Found and added coremod: com.mod.htgt6.BiomeLoadingPlugin
[17:33:23] [main/INFO] [GradleStart]: Running with arguments: [--userProperties, {}, --assetsDir, C:/Users/brawl/.gradle/caches/minecraft/assets, --assetIndex, 1.7.10, --accessToken, {REDACTED}, --version, 1.7.10, --tweakClass, cpw.mods.fml.common.launcher.FMLTweaker, --tweakClass, net.minecraftforge.gradle.tweakers.CoremodTweaker]
[17:33:23] [main/INFO] [LaunchWrapper]: Loading tweak class name cpw.mods.fml.common.launcher.FMLTweaker
[17:33:23] [main/INFO] [LaunchWrapper]: Using primary tweak class name cpw.mods.fml.common.launcher.FMLTweaker
[17:33:23] [main/INFO] [LaunchWrapper]: Loading tweak class name net.minecraftforge.gradle.tweakers.CoremodTweaker
[17:33:23] [main/INFO] [LaunchWrapper]: Calling tweak class cpw.mods.fml.common.launcher.FMLTweaker
[17:39:08] [main/INFO] [GradleStart]: Extra: []
[17:39:08] [main/INFO] [GradleStart]: Found and added coremod: com.mod.htgt6.BiomeLoadingPlugin
[17:39:08] [main/INFO] [GradleStart]: Running with arguments: [--userProperties, {}, --assetsDir, C:/Users/brawl/.gradle/caches/minecraft/assets, --assetIndex, 1.7.10, --accessToken, {REDACTED}, --version, 1.7.10, --tweakClass, cpw.mods.fml.common.launcher.FMLTweaker, --tweakClass, net.minecraftforge.gradle.tweakers.CoremodTweaker]
[17:39:08] [main/INFO] [LaunchWrapper]: Loading tweak class name cpw.mods.fml.common.launcher.FMLTweaker
[17:39:08] [main/INFO] [LaunchWrapper]: Using primary tweak class name cpw.mods.fml.common.launcher.FMLTweaker
[17:39:08] [main/INFO] [LaunchWrapper]: Loading tweak class name net.minecraftforge.gradle.tweakers.CoremodTweaker
[17:39:08] [main/INFO] [LaunchWrapper]: Calling tweak class cpw.mods.fml.common.launcher.FMLTweaker
[17:44:29] [main/INFO] [GradleStart]: Extra: []
[17:44:29] [main/INFO] [GradleStart]: Found and added coremod: com.mod.htgt6.BiomeLoadingPlugin
[17:44:29] [main/INFO] [GradleStart]: Running with arguments: [--userProperties, {}, --assetsDir, C:/Users/brawl/.gradle/caches/minecraft/assets, --assetIndex, 1.7.10, --accessToken, {REDACTED}, --version, 1.7.10, --tweakClass, cpw.mods.fml.common.launcher.FMLTweaker, --tweakClass, net.minecraftforge.gradle.tweakers.CoremodTweaker]
[17:44:29] [main/INFO] [LaunchWrapper]: Loading tweak class name cpw.mods.fml.common.launcher.FMLTweaker
[17:44:29] [main/INFO] [LaunchWrapper]: Using primary tweak class name cpw.mods.fml.common.launcher.FMLTweaker
[17:44:29] [main/INFO] [LaunchWrapper]: Loading tweak class name net.minecraftforge.gradle.tweakers.CoremodTweaker
[17:44:29] [main/INFO] [LaunchWrapper]: Calling tweak class cpw.mods.fml.common.launcher.FMLTweaker
[17:46:00] [main/INFO] [GradleStart]: Extra: []
[17:46:00] [main/INFO] [GradleStart]: Found and added coremod: com.mod.htgt6.BiomeLoadingPlugin
[17:46:00] [main/INFO] [GradleStart]: Running with arguments: [--userProperties, {}, --assetsDir, C:/Users/brawl/.gradle/caches/minecraft/assets, --assetIndex, 1.7.10, --accessToken, {REDACTED}, --version, 1.7.10, --tweakClass, cpw.mods.fml.common.launcher.FMLTweaker, --tweakClass, net.minecraftforge.gradle.tweakers.CoremodTweaker]
[17:46:00] [main/INFO] [LaunchWrapper]: Loading tweak class name cpw.mods.fml.common.launcher.FMLTweaker
[17:46:00] [main/INFO] [LaunchWrapper]: Using primary tweak class name cpw.mods.fml.common.launcher.FMLTweaker
[17:46:00] [main/INFO] [LaunchWrapper]: Loading tweak class name net.minecraftforge.gradle.tweakers.CoremodTweaker
[17:46:00] [main/INFO] [LaunchWrapper]: Calling tweak class cpw.mods.fml.common.launcher.FMLTweaker
[17:48:57] [main/INFO] [GradleStart]: Extra: []
[17:48:57] [main/INFO] [GradleStart]: Found and added coremod: com.mod.htgt6.BiomeLoadingPlugin
[17:48:57] [main/INFO] [GradleStart]: Running with arguments: [--userProperties, {}, --assetsDir, C:/Users/brawl/.gradle/caches/minecraft/assets, --assetIndex, 1.7.10, --accessToken, {REDACTED}, --version, 1.7.10, --tweakClass, cpw.mods.fml.common.launcher.FMLTweaker, --tweakClass, net.minecraftforge.gradle.tweakers.CoremodTweaker]
[17:48:57] [main/INFO] [LaunchWrapper]: Loading tweak class name cpw.mods.fml.common.launcher.FMLTweaker
[17:48:57] [main/INFO] [LaunchWrapper]: Using primary tweak class name cpw.mods.fml.common.launcher.FMLTweaker
[17:48:57] [main/INFO] [LaunchWrapper]: Loading tweak class name net.minecraftforge.gradle.tweakers.CoremodTweaker
[17:48:57] [main/INFO] [LaunchWrapper]: Calling tweak class cpw.mods.fml.common.launcher.FMLTweaker
[17:51:07] [main/INFO] [GradleStart]: Extra: []
[17:51:07] [main/INFO] [GradleStart]: Found and added coremod: com.mod.htgt6.BiomeLoadingPlugin
[17:51:07] [main/INFO] [GradleStart]: Running with arguments: [--userProperties, {}, --assetsDir, C:/Users/brawl/.gradle/caches/minecraft/assets, --assetIndex, 1.7.10, --accessToken, {REDACTED}, --version, 1.7.10, --tweakClass, cpw.mods.fml.common.launcher.FMLTweaker, --tweakClass, net.minecraftforge.gradle.tweakers.CoremodTweaker]
[17:51:07] [main/INFO] [LaunchWrapper]: Loading tweak class name cpw.mods.fml.common.launcher.FMLTweaker
[17:51:07] [main/INFO] [LaunchWrapper]: Using primary tweak class name cpw.mods.fml.common.launcher.FMLTweaker
[17:51:07] [main/INFO] [LaunchWrapper]: Loading tweak class name net.minecraftforge.gradle.tweakers.CoremodTweaker
[17:51:07] [main/INFO] [LaunchWrapper]: Calling tweak class cpw.mods.fml.common.launcher.FMLTweaker
[17:52:26] [main/INFO] [GradleStart]: Extra: []
[17:52:26] [main/INFO] [GradleStart]: Found and added coremod: com.mod.htgt6.BiomeLoadingPlugin
[17:52:26] [main/INFO] [GradleStart]: Running with arguments: [--userProperties, {}, --assetsDir, C:/Users/brawl/.gradle/caches/minecraft/assets, --assetIndex, 1.7.10, --accessToken, {REDACTED}, --version, 1.7.10, --tweakClass, cpw.mods.fml.common.launcher.FMLTweaker, --tweakClass, net.minecraftforge.gradle.tweakers.CoremodTweaker]
[17:52:26] [main/INFO] [LaunchWrapper]: Loading tweak class name cpw.mods.fml.common.launcher.FMLTweaker
[17:52:26] [main/INFO] [LaunchWrapper]: Using primary tweak class name cpw.mods.fml.common.launcher.FMLTweaker
[17:52:26] [main/INFO] [LaunchWrapper]: Loading tweak class name net.minecraftforge.gradle.tweakers.CoremodTweaker
[17:52:26] [main/INFO] [LaunchWrapper]: Calling tweak class cpw.mods.fml.common.launcher.FMLTweaker
[17:54:58] [main/INFO] [GradleStart]: Extra: []
[17:54:58] [main/INFO] [GradleStart]: Found and added coremod: com.mod.htgt6.BiomeLoadingPlugin
[17:54:58] [main/INFO] [GradleStart]: Running with arguments: [--userProperties, {}, --assetsDir, C:/Users/brawl/.gradle/caches/minecraft/assets, --assetIndex, 1.7.10, --accessToken, {REDACTED}, --version, 1.7.10, --tweakClass, cpw.mods.fml.common.launcher.FMLTweaker, --tweakClass, net.minecraftforge.gradle.tweakers.CoremodTweaker]
[17:54:58] [main/INFO] [LaunchWrapper]: Loading tweak class name cpw.mods.fml.common.launcher.FMLTweaker
[17:54:58] [main/INFO] [LaunchWrapper]: Using primary tweak class name cpw.mods.fml.common.launcher.FMLTweaker
[17:54:58] [main/INFO] [LaunchWrapper]: Loading tweak class name net.minecraftforge.gradle.tweakers.CoremodTweaker
[17:54:58] [main/INFO] [LaunchWrapper]: Calling tweak class cpw.mods.fml.common.launcher.FMLTweaker
[17:58:27] [main/INFO] [GradleStart]: Extra: []
[17:58:27] [main/INFO] [GradleStart]: Found and added coremod: com.mod.htgt6.BiomeLoadingPlugin
[17:58:27] [main/INFO] [GradleStart]: Running with arguments: [--userProperties, {}, --assetsDir, C:/Users/brawl/.gradle/caches/minecraft/assets, --assetIndex, 1.7.10, --accessToken, {REDACTED}, --version, 1.7.10, --tweakClass, cpw.mods.fml.common.launcher.FMLTweaker, --tweakClass, net.minecraftforge.gradle.tweakers.CoremodTweaker]
[17:58:27] [main/INFO] [LaunchWrapper]: Loading tweak class name cpw.mods.fml.common.launcher.FMLTweaker
[17:58:27] [main/INFO] [LaunchWrapper]: Using primary tweak class name cpw.mods.fml.common.launcher.FMLTweaker
[17:58:27] [main/INFO] [LaunchWrapper]: Loading tweak class name net.minecraftforge.gradle.tweakers.CoremodTweaker
[17:58:27] [main/INFO] [LaunchWrapper]: Calling tweak class cpw.mods.fml.common.launcher.FMLTweaker
[18:02:02] [main/INFO] [GradleStart]: Extra: []
[18:02:02] [main/INFO] [GradleStart]: Found and added coremod: com.mod.htgt6.BiomeLoadingPlugin
[18:02:02] [main/INFO] [GradleStart]: Running with arguments: [--userProperties, {}, --assetsDir, C:/Users/brawl/.gradle/caches/minecraft/assets, --assetIndex, 1.7.10, --accessToken, {REDACTED}, --version, 1.7.10, --tweakClass, cpw.mods.fml.common.launcher.FMLTweaker, --tweakClass, net.minecraftforge.gradle.tweakers.CoremodTweaker]
[18:02:02] [main/INFO] [LaunchWrapper]: Loading tweak class name cpw.mods.fml.common.launcher.FMLTweaker
[18:02:02] [main/INFO] [LaunchWrapper]: Using primary tweak class name cpw.mods.fml.common.launcher.FMLTweaker
[18:02:02] [main/INFO] [LaunchWrapper]: Loading tweak class name net.minecraftforge.gradle.tweakers.CoremodTweaker
[18:02:02] [main/INFO] [LaunchWrapper]: Calling tweak class cpw.mods.fml.common.launcher.FMLTweaker
[18:09:16] [main/INFO] [GradleStart]: Extra: []
[18:09:16] [main/INFO] [GradleStart]: Found and added coremod: com.mod.htgt6.BiomeLoadingPlugin
[18:09:16] [main/INFO] [GradleStart]: Running with arguments: [--userProperties, {}, --assetsDir, C:/Users/brawl/.gradle/caches/minecraft/assets, --assetIndex, 1.7.10, --accessToken, {REDACTED}, --version, 1.7.10, --tweakClass, cpw.mods.fml.common.launcher.FMLTweaker, --tweakClass, net.minecraftforge.gradle.tweakers.CoremodTweaker]
[18:09:16] [main/INFO] [LaunchWrapper]: Loading tweak class name cpw.mods.fml.common.launcher.FMLTweaker
[18:09:16] [main/INFO] [LaunchWrapper]: Using primary tweak class name cpw.mods.fml.common.launcher.FMLTweaker
[18:09:16] [main/INFO] [LaunchWrapper]: Loading tweak class name net.minecraftforge.gradle.tweakers.CoremodTweaker
[18:09:16] [main/INFO] [LaunchWrapper]: Calling tweak class cpw.mods.fml.common.launcher.FMLTweaker
[18:10:33] [main/INFO] [GradleStart]: Extra: []
[18:10:33] [main/INFO] [GradleStart]: Found and added coremod: com.mod.htgt6.BiomeLoadingPlugin
[18:10:33] [main/INFO] [GradleStart]: Running with arguments: [--userProperties, {}, --assetsDir, C:/Users/brawl/.gradle/caches/minecraft/assets, --assetIndex, 1.7.10, --accessToken, {REDACTED}, --version, 1.7.10, --tweakClass, cpw.mods.fml.common.launcher.FMLTweaker, --tweakClass, net.minecraftforge.gradle.tweakers.CoremodTweaker]
[18:10:33] [main/INFO] [LaunchWrapper]: Loading tweak class name cpw.mods.fml.common.launcher.FMLTweaker
[18:10:33] [main/INFO] [LaunchWrapper]: Using primary tweak class name cpw.mods.fml.common.launcher.FMLTweaker
[18:10:33] [main/INFO] [LaunchWrapper]: Loading tweak class name net.minecraftforge.gradle.tweakers.CoremodTweaker
[18:10:33] [main/INFO] [LaunchWrapper]: Calling tweak class cpw.mods.fml.common.launcher.FMLTweaker
[18:16:31] [main/INFO] [GradleStart]: Extra: []
[18:16:31] [main/INFO] [GradleStart]: Found and added coremod: com.mod.htgt6.BiomeLoadingPlugin
[18:16:31] [main/INFO] [GradleStart]: Running with arguments: [--userProperties, {}, --assetsDir, C:/Users/brawl/.gradle/caches/minecraft/assets, --assetIndex, 1.7.10, --accessToken, {REDACTED}, --version, 1.7.10, --tweakClass, cpw.mods.fml.common.launcher.FMLTweaker, --tweakClass, net.minecraftforge.gradle.tweakers.CoremodTweaker]
[18:16:31] [main/INFO] [LaunchWrapper]: Loading tweak class name cpw.mods.fml.common.launcher.FMLTweaker
[18:16:31] [main/INFO] [LaunchWrapper]: Using primary tweak class name cpw.mods.fml.common.launcher.FMLTweaker
[18:16:31] [main/INFO] [LaunchWrapper]: Loading tweak class name net.minecraftforge.gradle.tweakers.CoremodTweaker
[18:16:31] [main/INFO] [LaunchWrapper]: Calling tweak class cpw.mods.fml.common.launcher.FMLTweaker
[18:17:20] [main/INFO] [GradleStart]: Extra: []
[18:17:20] [main/INFO] [GradleStart]: Found and added coremod: com.mod.htgt6.BiomeLoadingPlugin
[18:17:20] [main/INFO] [GradleStart]: Running with arguments: [--userProperties, {}, --assetsDir, C:/Users/brawl/.gradle/caches/minecraft/assets, --assetIndex, 1.7.10, --accessToken, {REDACTED}, --version, 1.7.10, --tweakClass, cpw.mods.fml.common.launcher.FMLTweaker, --tweakClass, net.minecraftforge.gradle.tweakers.CoremodTweaker]
[18:17:20] [main/INFO] [LaunchWrapper]: Loading tweak class name cpw.mods.fml.common.launcher.FMLTweaker
[18:17:20] [main/INFO] [LaunchWrapper]: Using primary tweak class name cpw.mods.fml.common.launcher.FMLTweaker
[18:17:20] [main/INFO] [LaunchWrapper]: Loading tweak class name net.minecraftforge.gradle.tweakers.CoremodTweaker
[18:17:20] [main/INFO] [LaunchWrapper]: Calling tweak class cpw.mods.fml.common.launcher.FMLTweaker
[18:20:22] [main/INFO] [GradleStart]: Extra: []
[18:20:22] [main/INFO] [GradleStart]: Found and added coremod: com.mod.htgt6.BiomeLoadingPlugin
[18:20:22] [main/INFO] [GradleStart]: Running with arguments: [--userProperties, {}, --assetsDir, C:/Users/brawl/.gradle/caches/minecraft/assets, --assetIndex, 1.7.10, --accessToken, {REDACTED}, --version, 1.7.10, --tweakClass, cpw.mods.fml.common.launcher.FMLTweaker, --tweakClass, net.minecraftforge.gradle.tweakers.CoremodTweaker]
[18:20:22] [main/INFO] [LaunchWrapper]: Loading tweak class name cpw.mods.fml.common.launcher.FMLTweaker
[18:20:22] [main/INFO] [LaunchWrapper]: Using primary tweak class name cpw.mods.fml.common.launcher.FMLTweaker
[18:20:22] [main/INFO] [LaunchWrapper]: Loading tweak class name net.minecraftforge.gradle.tweakers.CoremodTweaker
[18:20:22] [main/INFO] [LaunchWrapper]: Calling tweak class cpw.mods.fml.common.launcher.FMLTweaker
[18:22:48] [main/INFO] [GradleStart]: Extra: []
[18:22:48] [main/INFO] [GradleStart]: Found and added coremod: com.mod.htgt6.BiomeLoadingPlugin
[18:22:48] [main/INFO] [GradleStart]: Running with arguments: [--userProperties, {}, --assetsDir, C:/Users/brawl/.gradle/caches/minecraft/assets, --assetIndex, 1.7.10, --accessToken, {REDACTED}, --version, 1.7.10, --tweakClass, cpw.mods.fml.common.launcher.FMLTweaker, --tweakClass, net.minecraftforge.gradle.tweakers.CoremodTweaker]
[18:22:48] [main/INFO] [LaunchWrapper]: Loading tweak class name cpw.mods.fml.common.launcher.FMLTweaker
[18:22:48] [main/INFO] [LaunchWrapper]: Using primary tweak class name cpw.mods.fml.common.launcher.FMLTweaker
[18:22:48] [main/INFO] [LaunchWrapper]: Loading tweak class name net.minecraftforge.gradle.tweakers.CoremodTweaker
[18:22:48] [main/INFO] [LaunchWrapper]: Calling tweak class cpw.mods.fml.common.launcher.FMLTweaker
[18:27:16] [main/INFO] [GradleStart]: Extra: []
[18:27:16] [main/INFO] [GradleStart]: Found and added coremod: com.mod.htgt6.BiomeLoadingPlugin
[18:27:16] [main/INFO] [GradleStart]: Running with arguments: [--userProperties, {}, --assetsDir, C:/Users/brawl/.gradle/caches/minecraft/assets, --assetIndex, 1.7.10, --accessToken, {REDACTED}, --version, 1.7.10, --tweakClass, cpw.mods.fml.common.launcher.FMLTweaker, --tweakClass, net.minecraftforge.gradle.tweakers.CoremodTweaker]
[18:27:16] [main/INFO] [LaunchWrapper]: Loading tweak class name cpw.mods.fml.common.launcher.FMLTweaker
[18:27:16] [main/INFO] [LaunchWrapper]: Using primary tweak class name cpw.mods.fml.common.launcher.FMLTweaker
[18:27:16] [main/INFO] [LaunchWrapper]: Loading tweak class name net.minecraftforge.gradle.tweakers.CoremodTweaker
[18:27:16] [main/INFO] [LaunchWrapper]: Calling tweak class cpw.mods.fml.common.launcher.FMLTweaker
[18:30:55] [main/INFO] [GradleStart]: Extra: []
[18:30:55] [main/INFO] [GradleStart]: Found and added coremod: com.mod.htgt6.BiomeLoadingPlugin
[18:30:55] [main/INFO] [GradleStart]: Running with arguments: [--userProperties, {}, --assetsDir, C:/Users/brawl/.gradle/caches/minecraft/assets, --assetIndex, 1.7.10, --accessToken, {REDACTED}, --version, 1.7.10, --tweakClass, cpw.mods.fml.common.launcher.FMLTweaker, --tweakClass, net.minecraftforge.gradle.tweakers.CoremodTweaker]
[18:30:55] [main/INFO] [LaunchWrapper]: Loading tweak class name cpw.mods.fml.common.launcher.FMLTweaker
[18:30:55] [main/INFO] [LaunchWrapper]: Using primary tweak class name cpw.mods.fml.common.launcher.FMLTweaker
[18:30:55] [main/INFO] [LaunchWrapper]: Loading tweak class name net.minecraftforge.gradle.tweakers.CoremodTweaker
[18:30:55] [main/INFO] [LaunchWrapper]: Calling tweak class cpw.mods.fml.common.launcher.FMLTweaker
[18:32:18] [main/INFO] [GradleStart]: Extra: []
[18:32:18] [main/INFO] [GradleStart]: Found and added coremod: com.mod.htgt6.BiomeLoadingPlugin
[18:32:18] [main/INFO] [GradleStart]: Running with arguments: [--userProperties, {}, --assetsDir, C:/Users/brawl/.gradle/caches/minecraft/assets, --assetIndex, 1.7.10, --accessToken, {REDACTED}, --version, 1.7.10, --tweakClass, cpw.mods.fml.common.launcher.FMLTweaker, --tweakClass, net.minecraftforge.gradle.tweakers.CoremodTweaker]
[18:32:18] [main/INFO] [LaunchWrapper]: Loading tweak class name cpw.mods.fml.common.launcher.FMLTweaker
[18:32:18] [main/INFO] [LaunchWrapper]: Using primary tweak class name cpw.mods.fml.common.launcher.FMLTweaker
[18:32:18] [main/INFO] [LaunchWrapper]: Loading tweak class name net.minecraftforge.gradle.tweakers.CoremodTweaker
[18:32:18] [main/INFO] [LaunchWrapper]: Calling tweak class cpw.mods.fml.common.launcher.FMLTweaker
[18:33:53] [main/INFO] [GradleStart]: Extra: []
[18:33:53] [main/INFO] [GradleStart]: Found and added coremod: com.mod.htgt6.BiomeLoadingPlugin
[18:33:53] [main/INFO] [GradleStart]: Running with arguments: [--userProperties, {}, --assetsDir, C:/Users/brawl/.gradle/caches/minecraft/assets, --assetIndex, 1.7.10, --accessToken, {REDACTED}, --version, 1.7.10, --tweakClass, cpw.mods.fml.common.launcher.FMLTweaker, --tweakClass, net.minecraftforge.gradle.tweakers.CoremodTweaker]
[18:33:53] [main/INFO] [LaunchWrapper]: Loading tweak class name cpw.mods.fml.common.launcher.FMLTweaker
[18:33:53] [main/INFO] [LaunchWrapper]: Using primary tweak class name cpw.mods.fml.common.launcher.FMLTweaker
[18:33:53] [main/INFO] [LaunchWrapper]: Loading tweak class name net.minecraftforge.gradle.tweakers.CoremodTweaker
[18:33:53] [main/INFO] [LaunchWrapper]: Calling tweak class cpw.mods.fml.common.launcher.FMLTweaker
[18:35:16] [main/INFO] [GradleStart]: Extra: []
[18:35:16] [main/INFO] [GradleStart]: Found and added coremod: com.mod.htgt6.BiomeLoadingPlugin
[18:35:16] [main/INFO] [GradleStart]: Running with arguments: [--userProperties, {}, --assetsDir, C:/Users/brawl/.gradle/caches/minecraft/assets, --assetIndex, 1.7.10, --accessToken, {REDACTED}, --version, 1.7.10, --tweakClass, cpw.mods.fml.common.launcher.FMLTweaker, --tweakClass, net.minecraftforge.gradle.tweakers.CoremodTweaker]
[18:35:16] [main/INFO] [LaunchWrapper]: Loading tweak class name cpw.mods.fml.common.launcher.FMLTweaker
[18:35:16] [main/INFO] [LaunchWrapper]: Using primary tweak class name cpw.mods.fml.common.launcher.FMLTweaker
[18:35:16] [main/INFO] [LaunchWrapper]: Loading tweak class name net.minecraftforge.gradle.tweakers.CoremodTweaker
[18:35:16] [main/INFO] [LaunchWrapper]: Calling tweak class cpw.mods.fml.common.launcher.FMLTweaker
[18:36:18] [main/INFO] [GradleStart]: Extra: []
[18:36:18] [main/INFO] [GradleStart]: Found and added coremod: com.mod.htgt6.BiomeLoadingPlugin
[18:36:18] [main/INFO] [GradleStart]: Running with arguments: [--userProperties, {}, --assetsDir, C:/Users/brawl/.gradle/caches/minecraft/assets, --assetIndex, 1.7.10, --accessToken, {REDACTED}, --version, 1.7.10, --tweakClass, cpw.mods.fml.common.launcher.FMLTweaker, --tweakClass, net.minecraftforge.gradle.tweakers.CoremodTweaker]
[18:36:18] [main/INFO] [LaunchWrapper]: Loading tweak class name cpw.mods.fml.common.launcher.FMLTweaker
[18:36:18] [main/INFO] [LaunchWrapper]: Using primary tweak class name cpw.mods.fml.common.launcher.FMLTweaker
[18:36:18] [main/INFO] [LaunchWrapper]: Loading tweak class name net.minecraftforge.gradle.tweakers.CoremodTweaker
[18:36:18] [main/INFO] [LaunchWrapper]: Calling tweak class cpw.mods.fml.common.launcher.FMLTweaker
[18:36:57] [main/INFO] [GradleStart]: Extra: []
[18:36:57] [main/INFO] [GradleStart]: Found and added coremod: com.mod.htgt6.BiomeLoadingPlugin
[18:36:57] [main/INFO] [GradleStart]: Running with arguments: [--userProperties, {}, --assetsDir, C:/Users/brawl/.gradle/caches/minecraft/assets, --assetIndex, 1.7.10, --accessToken, {REDACTED}, --version, 1.7.10, --tweakClass, cpw.mods.fml.common.launcher.FMLTweaker, --tweakClass, net.minecraftforge.gradle.tweakers.CoremodTweaker]
[18:36:57] [main/INFO] [LaunchWrapper]: Loading tweak class name cpw.mods.fml.common.launcher.FMLTweaker
[18:36:57] [main/INFO] [LaunchWrapper]: Using primary tweak class name cpw.mods.fml.common.launcher.FMLTweaker
[18:36:57] [main/INFO] [LaunchWrapper]: Loading tweak class name net.minecraftforge.gradle.tweakers.CoremodTweaker
[18:36:57] [main/INFO] [LaunchWrapper]: Calling tweak class cpw.mods.fml.common.launcher.FMLTweaker
[18:37:33] [main/INFO] [GradleStart]: Extra: []
[18:37:33] [main/INFO] [GradleStart]: Found and added coremod: com.mod.htgt6.BiomeLoadingPlugin
[18:37:33] [main/INFO] [GradleStart]: Running with arguments: [--userProperties, {}, --assetsDir, C:/Users/brawl/.gradle/caches/minecraft/assets, --assetIndex, 1.7.10, --accessToken, {REDACTED}, --version, 1.7.10, --tweakClass, cpw.mods.fml.common.launcher.FMLTweaker, --tweakClass, net.minecraftforge.gradle.tweakers.CoremodTweaker]
[18:37:33] [main/INFO] [LaunchWrapper]: Loading tweak class name cpw.mods.fml.common.launcher.FMLTweaker
[18:37:33] [main/INFO] [LaunchWrapper]: Using primary tweak class name cpw.mods.fml.common.launcher.FMLTweaker
[18:37:33] [main/INFO] [LaunchWrapper]: Loading tweak class name net.minecraftforge.gradle.tweakers.CoremodTweaker
[18:37:33] [main/INFO] [LaunchWrapper]: Calling tweak class cpw.mods.fml.common.launcher.FMLTweaker
[18:38:51] [main/INFO] [GradleStart]: Extra: []
[18:38:51] [main/INFO] [GradleStart]: Found and added coremod: com.mod.htgt6.BiomeLoadingPlugin
[18:38:51] [main/INFO] [GradleStart]: Running with arguments: [--userProperties, {}, --assetsDir, C:/Users/brawl/.gradle/caches/minecraft/assets, --assetIndex, 1.7.10, --accessToken, {REDACTED}, --version, 1.7.10, --tweakClass, cpw.mods.fml.common.launcher.FMLTweaker, --tweakClass, net.minecraftforge.gradle.tweakers.CoremodTweaker]
[18:38:51] [main/INFO] [LaunchWrapper]: Loading tweak class name cpw.mods.fml.common.launcher.FMLTweaker
[18:38:51] [main/INFO] [LaunchWrapper]: Using primary tweak class name cpw.mods.fml.common.launcher.FMLTweaker
[18:38:51] [main/INFO] [LaunchWrapper]: Loading tweak class name net.minecraftforge.gradle.tweakers.CoremodTweaker
[18:38:51] [main/INFO] [LaunchWrapper]: Calling tweak class cpw.mods.fml.common.launcher.FMLTweaker
[18:39:51] [main/INFO] [GradleStart]: Extra: []
[18:39:51] [main/INFO] [GradleStart]: Found and added coremod: com.mod.htgt6.BiomeLoadingPlugin
[18:39:51] [main/INFO] [GradleStart]: Running with arguments: [--userProperties, {}, --assetsDir, C:/Users/brawl/.gradle/caches/minecraft/assets, --assetIndex, 1.7.10, --accessToken, {REDACTED}, --version, 1.7.10, --tweakClass, cpw.mods.fml.common.launcher.FMLTweaker, --tweakClass, net.minecraftforge.gradle.tweakers.CoremodTweaker]
[18:39:51] [main/INFO] [LaunchWrapper]: Loading tweak class name cpw.mods.fml.common.launcher.FMLTweaker
[18:39:51] [main/INFO] [LaunchWrapper]: Using primary tweak class name cpw.mods.fml.common.launcher.FMLTweaker
[18:39:51] [main/INFO] [LaunchWrapper]: Loading tweak class name net.minecraftforge.gradle.tweakers.CoremodTweaker
[18:39:51] [main/INFO] [LaunchWrapper]: Calling tweak class cpw.mods.fml.common.launcher.FMLTweaker
[18:40:39] [main/INFO] [GradleStart]: Extra: []
[18:40:39] [main/INFO] [GradleStart]: Found and added coremod: com.mod.htgt6.BiomeLoadingPlugin
[18:40:39] [main/INFO] [GradleStart]: Running with arguments: [--userProperties, {}, --assetsDir, C:/Users/brawl/.gradle/caches/minecraft/assets, --assetIndex, 1.7.10, --accessToken, {REDACTED}, --version, 1.7.10, --tweakClass, cpw.mods.fml.common.launcher.FMLTweaker, --tweakClass, net.minecraftforge.gradle.tweakers.CoremodTweaker]
[18:40:39] [main/INFO] [LaunchWrapper]: Loading tweak class name cpw.mods.fml.common.launcher.FMLTweaker
[18:40:39] [main/INFO] [LaunchWrapper]: Using primary tweak class name cpw.mods.fml.common.launcher.FMLTweaker
[18:40:39] [main/INFO] [LaunchWrapper]: Loading tweak class name net.minecraftforge.gradle.tweakers.CoremodTweaker
[18:40:39] [main/INFO] [LaunchWrapper]: Calling tweak class cpw.mods.fml.common.launcher.FMLTweaker
[18:42:28] [main/INFO] [GradleStart]: Extra: []
[18:42:28] [main/INFO] [GradleStart]: Found and added coremod: com.mod.htgt6.BiomeLoadingPlugin
[18:42:28] [main/INFO] [GradleStart]: Running with arguments: [--userProperties, {}, --assetsDir, C:/Users/brawl/.gradle/caches/minecraft/assets, --assetIndex, 1.7.10, --accessToken, {REDACTED}, --version, 1.7.10, --tweakClass, cpw.mods.fml.common.launcher.FMLTweaker, --tweakClass, net.minecraftforge.gradle.tweakers.CoremodTweaker]
[18:42:28] [main/INFO] [LaunchWrapper]: Loading tweak class name cpw.mods.fml.common.launcher.FMLTweaker
[18:42:28] [main/INFO] [LaunchWrapper]: Using primary tweak class name cpw.mods.fml.common.launcher.FMLTweaker
[18:42:28] [main/INFO] [LaunchWrapper]: Loading tweak class name net.minecraftforge.gradle.tweakers.CoremodTweaker
[18:42:28] [main/INFO] [LaunchWrapper]: Calling tweak class cpw.mods.fml.common.launcher.FMLTweaker
[18:43:40] [main/INFO] [GradleStart]: Extra: []
[18:43:40] [main/INFO] [GradleStart]: Found and added coremod: com.mod.htgt6.BiomeLoadingPlugin
[18:43:40] [main/INFO] [GradleStart]: Running with arguments: [--userProperties, {}, --assetsDir, C:/Users/brawl/.gradle/caches/minecraft/assets, --assetIndex, 1.7.10, --accessToken, {REDACTED}, --version, 1.7.10, --tweakClass, cpw.mods.fml.common.launcher.FMLTweaker, --tweakClass, net.minecraftforge.gradle.tweakers.CoremodTweaker]
[18:43:40] [main/INFO] [LaunchWrapper]: Loading tweak class name cpw.mods.fml.common.launcher.FMLTweaker
[18:43:40] [main/INFO] [LaunchWrapper]: Using primary tweak class name cpw.mods.fml.common.launcher.FMLTweaker
[18:43:40] [main/INFO] [LaunchWrapper]: Loading tweak class name net.minecraftforge.gradle.tweakers.CoremodTweaker
[18:43:40] [main/INFO] [LaunchWrapper]: Calling tweak class cpw.mods.fml.common.launcher.FMLTweaker
[18:44:16] [main/INFO] [GradleStart]: Extra: []
[18:44:16] [main/INFO] [GradleStart]: Found and added coremod: com.mod.htgt6.BiomeLoadingPlugin
[18:44:16] [main/INFO] [GradleStart]: Running with arguments: [--userProperties, {}, --assetsDir, C:/Users/brawl/.gradle/caches/minecraft/assets, --assetIndex, 1.7.10, --accessToken, {REDACTED}, --version, 1.7.10, --tweakClass, cpw.mods.fml.common.launcher.FMLTweaker, --tweakClass, net.minecraftforge.gradle.tweakers.CoremodTweaker]
[18:44:16] [main/INFO] [LaunchWrapper]: Loading tweak class name cpw.mods.fml.common.launcher.FMLTweaker
[18:44:16] [main/INFO] [LaunchWrapper]: Using primary tweak class name cpw.mods.fml.common.launcher.FMLTweaker
[18:44:16] [main/INFO] [LaunchWrapper]: Loading tweak class name net.minecraftforge.gradle.tweakers.CoremodTweaker
[18:44:16] [main/INFO] [LaunchWrapper]: Calling tweak class cpw.mods.fml.common.launcher.FMLTweaker
[18:47:03] [main/INFO] [GradleStart]: Extra: []
[18:47:04] [main/INFO] [GradleStart]: Found and added coremod: com.mod.htgt6.BiomeLoadingPlugin
[18:47:04] [main/INFO] [GradleStart]: Running with arguments: [--userProperties, {}, --assetsDir, C:/Users/brawl/.gradle/caches/minecraft/assets, --assetIndex, 1.7.10, --accessToken, {REDACTED}, --version, 1.7.10, --tweakClass, cpw.mods.fml.common.launcher.FMLTweaker, --tweakClass, net.minecraftforge.gradle.tweakers.CoremodTweaker]
[18:47:04] [main/INFO] [LaunchWrapper]: Loading tweak class name cpw.mods.fml.common.launcher.FMLTweaker
[18:47:04] [main/INFO] [LaunchWrapper]: Using primary tweak class name cpw.mods.fml.common.launcher.FMLTweaker
[18:47:04] [main/INFO] [LaunchWrapper]: Loading tweak class name net.minecraftforge.gradle.tweakers.CoremodTweaker
[18:47:04] [main/INFO] [LaunchWrapper]: Calling tweak class cpw.mods.fml.common.launcher.FMLTweaker
[18:47:40] [main/INFO] [GradleStart]: Extra: []
[18:47:40] [main/INFO] [GradleStart]: Found and added coremod: com.mod.htgt6.BiomeLoadingPlugin
[18:47:40] [main/INFO] [GradleStart]: Running with arguments: [--userProperties, {}, --assetsDir, C:/Users/brawl/.gradle/caches/minecraft/assets, --assetIndex, 1.7.10, --accessToken, {REDACTED}, --version, 1.7.10, --tweakClass, cpw.mods.fml.common.launcher.FMLTweaker, --tweakClass, net.minecraftforge.gradle.tweakers.CoremodTweaker]
[18:47:40] [main/INFO] [LaunchWrapper]: Loading tweak class name cpw.mods.fml.common.launcher.FMLTweaker
[18:47:40] [main/INFO] [LaunchWrapper]: Using primary tweak class name cpw.mods.fml.common.launcher.FMLTweaker
[18:47:40] [main/INFO] [LaunchWrapper]: Loading tweak class name net.minecraftforge.gradle.tweakers.CoremodTweaker
[18:47:40] [main/INFO] [LaunchWrapper]: Calling tweak class cpw.mods.fml.common.launcher.FMLTweaker
[18:48:17] [main/INFO] [GradleStart]: Extra: []
[18:48:17] [main/INFO] [GradleStart]: Found and added coremod: com.mod.htgt6.BiomeLoadingPlugin
[18:48:17] [main/INFO] [GradleStart]: Running with arguments: [--userProperties, {}, --assetsDir, C:/Users/brawl/.gradle/caches/minecraft/assets, --assetIndex, 1.7.10, --accessToken, {REDACTED}, --version, 1.7.10, --tweakClass, cpw.mods.fml.common.launcher.FMLTweaker, --tweakClass, net.minecraftforge.gradle.tweakers.CoremodTweaker]
[18:48:17] [main/INFO] [LaunchWrapper]: Loading tweak class name cpw.mods.fml.common.launcher.FMLTweaker
[18:48:17] [main/INFO] [LaunchWrapper]: Using primary tweak class name cpw.mods.fml.common.launcher.FMLTweaker
[18:48:17] [main/INFO] [LaunchWrapper]: Loading tweak class name net.minecraftforge.gradle.tweakers.CoremodTweaker
[18:48:17] [main/INFO] [LaunchWrapper]: Calling tweak class cpw.mods.fml.common.launcher.FMLTweaker
[18:49:18] [main/INFO] [GradleStart]: Extra: []
[18:49:18] [main/INFO] [GradleStart]: Found and added coremod: com.mod.htgt6.BiomeLoadingPlugin
[18:49:18] [main/INFO] [GradleStart]: Running with arguments: [--userProperties, {}, --assetsDir, C:/Users/brawl/.gradle/caches/minecraft/assets, --assetIndex, 1.7.10, --accessToken, {REDACTED}, --version, 1.7.10, --tweakClass, cpw.mods.fml.common.launcher.FMLTweaker, --tweakClass, net.minecraftforge.gradle.tweakers.CoremodTweaker]
[18:49:18] [main/INFO] [LaunchWrapper]: Loading tweak class name cpw.mods.fml.common.launcher.FMLTweaker
[18:49:18] [main/INFO] [LaunchWrapper]: Using primary tweak class name cpw.mods.fml.common.launcher.FMLTweaker
[18:49:18] [main/INFO] [LaunchWrapper]: Loading tweak class name net.minecraftforge.gradle.tweakers.CoremodTweaker
[18:49:18] [main/INFO] [LaunchWrapper]: Calling tweak class cpw.mods.fml.common.launcher.FMLTweaker
[18:52:53] [main/INFO] [GradleStart]: Extra: []
[18:52:53] [main/INFO] [GradleStart]: Found and added coremod: com.mod.htgt6.BiomeLoadingPlugin
[18:52:53] [main/INFO] [GradleStart]: Running with arguments: [--userProperties, {}, --assetsDir, C:/Users/brawl/.gradle/caches/minecraft/assets, --assetIndex, 1.7.10, --accessToken, {REDACTED}, --version, 1.7.10, --tweakClass, cpw.mods.fml.common.launcher.FMLTweaker, --tweakClass, net.minecraftforge.gradle.tweakers.CoremodTweaker]
[18:52:53] [main/INFO] [LaunchWrapper]: Loading tweak class name cpw.mods.fml.common.launcher.FMLTweaker
[18:52:53] [main/INFO] [LaunchWrapper]: Using primary tweak class name cpw.mods.fml.common.launcher.FMLTweaker
[18:52:53] [main/INFO] [LaunchWrapper]: Loading tweak class name net.minecraftforge.gradle.tweakers.CoremodTweaker
[18:52:53] [main/INFO] [LaunchWrapper]: Calling tweak class cpw.mods.fml.common.launcher.FMLTweaker
[18:53:59] [main/INFO] [GradleStart]: Extra: []
[18:53:59] [main/INFO] [GradleStart]: Found and added coremod: com.mod.htgt6.BiomeLoadingPlugin
[18:53:59] [main/INFO] [GradleStart]: Running with arguments: [--userProperties, {}, --assetsDir, C:/Users/brawl/.gradle/caches/minecraft/assets, --assetIndex, 1.7.10, --accessToken, {REDACTED}, --version, 1.7.10, --tweakClass, cpw.mods.fml.common.launcher.FMLTweaker, --tweakClass, net.minecraftforge.gradle.tweakers.CoremodTweaker]
[18:53:59] [main/INFO] [LaunchWrapper]: Loading tweak class name cpw.mods.fml.common.launcher.FMLTweaker
[18:53:59] [main/INFO] [LaunchWrapper]: Using primary tweak class name cpw.mods.fml.common.launcher.FMLTweaker
[18:53:59] [main/INFO] [LaunchWrapper]: Loading tweak class name net.minecraftforge.gradle.tweakers.CoremodTweaker
[18:53:59] [main/INFO] [LaunchWrapper]: Calling tweak class cpw.mods.fml.common.launcher.FMLTweaker
[18:54:45] [main/INFO] [GradleStart]: Extra: []
[18:54:45] [main/INFO] [GradleStart]: Found and added coremod: com.mod.htgt6.BiomeLoadingPlugin
[18:54:45] [main/INFO] [GradleStart]: Running with arguments: [--userProperties, {}, --assetsDir, C:/Users/brawl/.gradle/caches/minecraft/assets, --assetIndex, 1.7.10, --accessToken, {REDACTED}, --version, 1.7.10, --tweakClass, cpw.mods.fml.common.launcher.FMLTweaker, --tweakClass, net.minecraftforge.gradle.tweakers.CoremodTweaker]
[18:54:45] [main/INFO] [LaunchWrapper]: Loading tweak class name cpw.mods.fml.common.launcher.FMLTweaker
[18:54:45] [main/INFO] [LaunchWrapper]: Using primary tweak class name cpw.mods.fml.common.launcher.FMLTweaker
[18:54:45] [main/INFO] [LaunchWrapper]: Loading tweak class name net.minecraftforge.gradle.tweakers.CoremodTweaker
[18:54:45] [main/INFO] [LaunchWrapper]: Calling tweak class cpw.mods.fml.common.launcher.FMLTweaker
[18:55:33] [main/INFO] [GradleStart]: Extra: []
[18:55:33] [main/INFO] [GradleStart]: Found and added coremod: com.mod.htgt6.BiomeLoadingPlugin
[18:55:33] [main/INFO] [GradleStart]: Running with arguments: [--userProperties, {}, --assetsDir, C:/Users/brawl/.gradle/caches/minecraft/assets, --assetIndex, 1.7.10, --accessToken, {REDACTED}, --version, 1.7.10, --tweakClass, cpw.mods.fml.common.launcher.FMLTweaker, --tweakClass, net.minecraftforge.gradle.tweakers.CoremodTweaker]
[18:55:33] [main/INFO] [LaunchWrapper]: Loading tweak class name cpw.mods.fml.common.launcher.FMLTweaker
[18:55:33] [main/INFO] [LaunchWrapper]: Using primary tweak class name cpw.mods.fml.common.launcher.FMLTweaker
[18:55:33] [main/INFO] [LaunchWrapper]: Loading tweak class name net.minecraftforge.gradle.tweakers.CoremodTweaker
[18:55:33] [main/INFO] [LaunchWrapper]: Calling tweak class cpw.mods.fml.common.launcher.FMLTweaker
[18:56:22] [main/INFO] [GradleStart]: Extra: []
[18:56:22] [main/INFO] [GradleStart]: Found and added coremod: com.mod.htgt6.BiomeLoadingPlugin
[18:56:22] [main/INFO] [GradleStart]: Running with arguments: [--userProperties, {}, --assetsDir, C:/Users/brawl/.gradle/caches/minecraft/assets, --assetIndex, 1.7.10, --accessToken, {REDACTED}, --version, 1.7.10, --tweakClass, cpw.mods.fml.common.launcher.FMLTweaker, --tweakClass, net.minecraftforge.gradle.tweakers.CoremodTweaker]
[18:56:22] [main/INFO] [LaunchWrapper]: Loading tweak class name cpw.mods.fml.common.launcher.FMLTweaker
[18:56:22] [main/INFO] [LaunchWrapper]: Using primary tweak class name cpw.mods.fml.common.launcher.FMLTweaker
[18:56:22] [main/INFO] [LaunchWrapper]: Loading tweak class name net.minecraftforge.gradle.tweakers.CoremodTweaker
[18:56:22] [main/INFO] [LaunchWrapper]: Calling tweak class cpw.mods.fml.common.launcher.FMLTweaker
[18:57:02] [main/INFO] [GradleStart]: Extra: []
[18:57:02] [main/INFO] [GradleStart]: Found and added coremod: com.mod.htgt6.BiomeLoadingPlugin
[18:57:02] [main/INFO] [GradleStart]: Running with arguments: [--userProperties, {}, --assetsDir, C:/Users/brawl/.gradle/caches/minecraft/assets, --assetIndex, 1.7.10, --accessToken, {REDACTED}, --version, 1.7.10, --tweakClass, cpw.mods.fml.common.launcher.FMLTweaker, --tweakClass, net.minecraftforge.gradle.tweakers.CoremodTweaker]
[18:57:02] [main/INFO] [LaunchWrapper]: Loading tweak class name cpw.mods.fml.common.launcher.FMLTweaker
[18:57:02] [main/INFO] [LaunchWrapper]: Using primary tweak class name cpw.mods.fml.common.launcher.FMLTweaker
[18:57:02] [main/INFO] [LaunchWrapper]: Loading tweak class name net.minecraftforge.gradle.tweakers.CoremodTweaker
[18:57:02] [main/INFO] [LaunchWrapper]: Calling tweak class cpw.mods.fml.common.launcher.FMLTweaker
[18:58:08] [main/INFO] [GradleStart]: Extra: []
[18:58:08] [main/INFO] [GradleStart]: Found and added coremod: com.mod.htgt6.BiomeLoadingPlugin
[18:58:08] [main/INFO] [GradleStart]: Running with arguments: [--userProperties, {}, --assetsDir, C:/Users/brawl/.gradle/caches/minecraft/assets, --assetIndex, 1.7.10, --accessToken, {REDACTED}, --version, 1.7.10, --tweakClass, cpw.mods.fml.common.launcher.FMLTweaker, --tweakClass, net.minecraftforge.gradle.tweakers.CoremodTweaker]
[18:58:08] [main/INFO] [LaunchWrapper]: Loading tweak class name cpw.mods.fml.common.launcher.FMLTweaker
[18:58:08] [main/INFO] [LaunchWrapper]: Using primary tweak class name cpw.mods.fml.common.launcher.FMLTweaker
[18:58:08] [main/INFO] [LaunchWrapper]: Loading tweak class name net.minecraftforge.gradle.tweakers.CoremodTweaker
[18:58:08] [main/INFO] [LaunchWrapper]: Calling tweak class cpw.mods.fml.common.launcher.FMLTweaker
[18:59:12] [main/INFO] [GradleStart]: Extra: []
[18:59:12] [main/INFO] [GradleStart]: Found and added coremod: com.mod.htgt6.BiomeLoadingPlugin
[18:59:12] [main/INFO] [GradleStart]: Running with arguments: [--userProperties, {}, --assetsDir, C:/Users/brawl/.gradle/caches/minecraft/assets, --assetIndex, 1.7.10, --accessToken, {REDACTED}, --version, 1.7.10, --tweakClass, cpw.mods.fml.common.launcher.FMLTweaker, --tweakClass, net.minecraftforge.gradle.tweakers.CoremodTweaker]
[18:59:12] [main/INFO] [LaunchWrapper]: Loading tweak class name cpw.mods.fml.common.launcher.FMLTweaker
[18:59:12] [main/INFO] [LaunchWrapper]: Using primary tweak class name cpw.mods.fml.common.launcher.FMLTweaker
[18:59:12] [main/INFO] [LaunchWrapper]: Loading tweak class name net.minecraftforge.gradle.tweakers.CoremodTweaker
[18:59:12] [main/INFO] [LaunchWrapper]: Calling tweak class cpw.mods.fml.common.launcher.FMLTweaker
[19:00:09] [main/INFO] [GradleStart]: Extra: []
[19:00:09] [main/INFO] [GradleStart]: Found and added coremod: com.mod.htgt6.BiomeLoadingPlugin
[19:00:09] [main/INFO] [GradleStart]: Running with arguments: [--userProperties, {}, --assetsDir, C:/Users/brawl/.gradle/caches/minecraft/assets, --assetIndex, 1.7.10, --accessToken, {REDACTED}, --version, 1.7.10, --tweakClass, cpw.mods.fml.common.launcher.FMLTweaker, --tweakClass, net.minecraftforge.gradle.tweakers.CoremodTweaker]
[19:00:09] [main/INFO] [LaunchWrapper]: Loading tweak class name cpw.mods.fml.common.launcher.FMLTweaker
[19:00:09] [main/INFO] [LaunchWrapper]: Using primary tweak class name cpw.mods.fml.common.launcher.FMLTweaker
[19:00:09] [main/INFO] [LaunchWrapper]: Loading tweak class name net.minecraftforge.gradle.tweakers.CoremodTweaker
[19:00:09] [main/INFO] [LaunchWrapper]: Calling tweak class cpw.mods.fml.common.launcher.FMLTweaker
[19:00:50] [main/INFO] [GradleStart]: Extra: []
[19:00:50] [main/INFO] [GradleStart]: Found and added coremod: com.mod.htgt6.BiomeLoadingPlugin
[19:00:50] [main/INFO] [GradleStart]: Running with arguments: [--userProperties, {}, --assetsDir, C:/Users/brawl/.gradle/caches/minecraft/assets, --assetIndex, 1.7.10, --accessToken, {REDACTED}, --version, 1.7.10, --tweakClass, cpw.mods.fml.common.launcher.FMLTweaker, --tweakClass, net.minecraftforge.gradle.tweakers.CoremodTweaker]
[19:00:50] [main/INFO] [LaunchWrapper]: Loading tweak class name cpw.mods.fml.common.launcher.FMLTweaker
[19:00:50] [main/INFO] [LaunchWrapper]: Using primary tweak class name cpw.mods.fml.common.launcher.FMLTweaker
[19:00:50] [main/INFO] [LaunchWrapper]: Loading tweak class name net.minecraftforge.gradle.tweakers.CoremodTweaker
[19:00:50] [main/INFO] [LaunchWrapper]: Calling tweak class cpw.mods.fml.common.launcher.FMLTweaker
[19:01:34] [main/INFO] [GradleStart]: Extra: []
[19:01:34] [main/INFO] [GradleStart]: Found and added coremod: com.mod.htgt6.BiomeLoadingPlugin
[19:01:34] [main/INFO] [GradleStart]: Running with arguments: [--userProperties, {}, --assetsDir, C:/Users/brawl/.gradle/caches/minecraft/assets, --assetIndex, 1.7.10, --accessToken, {REDACTED}, --version, 1.7.10, --tweakClass, cpw.mods.fml.common.launcher.FMLTweaker, --tweakClass, net.minecraftforge.gradle.tweakers.CoremodTweaker]
[19:01:34] [main/INFO] [LaunchWrapper]: Loading tweak class name cpw.mods.fml.common.launcher.FMLTweaker
[19:01:34] [main/INFO] [LaunchWrapper]: Using primary tweak class name cpw.mods.fml.common.launcher.FMLTweaker
[19:01:34] [main/INFO] [LaunchWrapper]: Loading tweak class name net.minecraftforge.gradle.tweakers.CoremodTweaker
[19:01:34] [main/INFO] [LaunchWrapper]: Calling tweak class cpw.mods.fml.common.launcher.FMLTweaker
[19:02:19] [main/INFO] [GradleStart]: Extra: []
[19:02:19] [main/INFO] [GradleStart]: Found and added coremod: com.mod.htgt6.BiomeLoadingPlugin
[19:02:19] [main/INFO] [GradleStart]: Running with arguments: [--userProperties, {}, --assetsDir, C:/Users/brawl/.gradle/caches/minecraft/assets, --assetIndex, 1.7.10, --accessToken, {REDACTED}, --version, 1.7.10, --tweakClass, cpw.mods.fml.common.launcher.FMLTweaker, --tweakClass, net.minecraftforge.gradle.tweakers.CoremodTweaker]
[19:02:19] [main/INFO] [LaunchWrapper]: Loading tweak class name cpw.mods.fml.common.launcher.FMLTweaker
[19:02:19] [main/INFO] [LaunchWrapper]: Using primary tweak class name cpw.mods.fml.common.launcher.FMLTweaker
[19:02:19] [main/INFO] [LaunchWrapper]: Loading tweak class name net.minecraftforge.gradle.tweakers.CoremodTweaker
[19:02:19] [main/INFO] [LaunchWrapper]: Calling tweak class cpw.mods.fml.common.launcher.FMLTweaker
[19:03:27] [main/INFO] [GradleStart]: Extra: []
[19:03:27] [main/INFO] [GradleStart]: Found and added coremod: com.mod.htgt6.BiomeLoadingPlugin
[19:03:27] [main/INFO] [GradleStart]: Running with arguments: [--userProperties, {}, --assetsDir, C:/Users/brawl/.gradle/caches/minecraft/assets, --assetIndex, 1.7.10, --accessToken, {REDACTED}, --version, 1.7.10, --tweakClass, cpw.mods.fml.common.launcher.FMLTweaker, --tweakClass, net.minecraftforge.gradle.tweakers.CoremodTweaker]
[19:03:27] [main/INFO] [LaunchWrapper]: Loading tweak class name cpw.mods.fml.common.launcher.FMLTweaker
[19:03:27] [main/INFO] [LaunchWrapper]: Using primary tweak class name cpw.mods.fml.common.launcher.FMLTweaker
[19:03:27] [main/INFO] [LaunchWrapper]: Loading tweak class name net.minecraftforge.gradle.tweakers.CoremodTweaker
[19:03:27] [main/INFO] [LaunchWrapper]: Calling tweak class cpw.mods.fml.common.launcher.FMLTweaker
[19:04:26] [main/INFO] [GradleStart]: Extra: []
[19:04:26] [main/INFO] [GradleStart]: Found and added coremod: com.mod.htgt6.BiomeLoadingPlugin
[19:04:26] [main/INFO] [GradleStart]: Running with arguments: [--userProperties, {}, --assetsDir, C:/Users/brawl/.gradle/caches/minecraft/assets, --assetIndex, 1.7.10, --accessToken, {REDACTED}, --version, 1.7.10, --tweakClass, cpw.mods.fml.common.launcher.FMLTweaker, --tweakClass, net.minecraftforge.gradle.tweakers.CoremodTweaker]
[19:04:26] [main/INFO] [LaunchWrapper]: Loading tweak class name cpw.mods.fml.common.launcher.FMLTweaker
[19:04:26] [main/INFO] [LaunchWrapper]: Using primary tweak class name cpw.mods.fml.common.launcher.FMLTweaker
[19:04:26] [main/INFO] [LaunchWrapper]: Loading tweak class name net.minecraftforge.gradle.tweakers.CoremodTweaker
[19:04:26] [main/INFO] [LaunchWrapper]: Calling tweak class cpw.mods.fml.common.launcher.FMLTweaker
[19:05:13] [main/INFO] [GradleStart]: Extra: []
[19:05:13] [main/INFO] [GradleStart]: Found and added coremod: com.mod.htgt6.BiomeLoadingPlugin
[19:05:13] [main/INFO] [GradleStart]: Running with arguments: [--userProperties, {}, --assetsDir, C:/Users/brawl/.gradle/caches/minecraft/assets, --assetIndex, 1.7.10, --accessToken, {REDACTED}, --version, 1.7.10, --tweakClass, cpw.mods.fml.common.launcher.FMLTweaker, --tweakClass, net.minecraftforge.gradle.tweakers.CoremodTweaker]
[19:05:13] [main/INFO] [LaunchWrapper]: Loading tweak class name cpw.mods.fml.common.launcher.FMLTweaker
[19:05:13] [main/INFO] [LaunchWrapper]: Using primary tweak class name cpw.mods.fml.common.launcher.FMLTweaker
[19:05:13] [main/INFO] [LaunchWrapper]: Loading tweak class name net.minecraftforge.gradle.tweakers.CoremodTweaker
[19:05:13] [main/INFO] [LaunchWrapper]: Calling tweak class cpw.mods.fml.common.launcher.FMLTweaker
[19:06:19] [main/INFO] [GradleStart]: Extra: []
[19:06:19] [main/INFO] [GradleStart]: Found and added coremod: com.mod.htgt6.BiomeLoadingPlugin
[19:06:19] [main/INFO] [GradleStart]: Running with arguments: [--userProperties, {}, --assetsDir, C:/Users/brawl/.gradle/caches/minecraft/assets, --assetIndex, 1.7.10, --accessToken, {REDACTED}, --version, 1.7.10, --tweakClass, cpw.mods.fml.common.launcher.FMLTweaker, --tweakClass, net.minecraftforge.gradle.tweakers.CoremodTweaker]
[19:06:19] [main/INFO] [LaunchWrapper]: Loading tweak class name cpw.mods.fml.common.launcher.FMLTweaker
[19:06:19] [main/INFO] [LaunchWrapper]: Using primary tweak class name cpw.mods.fml.common.launcher.FMLTweaker
[19:06:19] [main/INFO] [LaunchWrapper]: Loading tweak class name net.minecraftforge.gradle.tweakers.CoremodTweaker
[19:06:19] [main/INFO] [LaunchWrapper]: Calling tweak class cpw.mods.fml.common.launcher.FMLTweaker
[19:07:24] [main/INFO] [GradleStart]: Extra: []
[19:07:24] [main/INFO] [GradleStart]: Found and added coremod: com.mod.htgt6.BiomeLoadingPlugin
[19:07:24] [main/INFO] [GradleStart]: Running with arguments: [--userProperties, {}, --assetsDir, C:/Users/brawl/.gradle/caches/minecraft/assets, --assetIndex, 1.7.10, --accessToken, {REDACTED}, --version, 1.7.10, --tweakClass, cpw.mods.fml.common.launcher.FMLTweaker, --tweakClass, net.minecraftforge.gradle.tweakers.CoremodTweaker]
[19:07:24] [main/INFO] [LaunchWrapper]: Loading tweak class name cpw.mods.fml.common.launcher.FMLTweaker
[19:07:24] [main/INFO] [LaunchWrapper]: Using primary tweak class name cpw.mods.fml.common.launcher.FMLTweaker
[19:07:24] [main/INFO] [LaunchWrapper]: Loading tweak class name net.minecraftforge.gradle.tweakers.CoremodTweaker
[19:07:24] [main/INFO] [LaunchWrapper]: Calling tweak class cpw.mods.fml.common.launcher.FMLTweaker
[19:08:10] [main/INFO] [GradleStart]: Extra: []
[19:08:10] [main/INFO] [GradleStart]: Found and added coremod: com.mod.htgt6.BiomeLoadingPlugin
[19:08:10] [main/INFO] [GradleStart]: Running with arguments: [--userProperties, {}, --assetsDir, C:/Users/brawl/.gradle/caches/minecraft/assets, --assetIndex, 1.7.10, --accessToken, {REDACTED}, --version, 1.7.10, --tweakClass, cpw.mods.fml.common.launcher.FMLTweaker, --tweakClass, net.minecraftforge.gradle.tweakers.CoremodTweaker]
[19:08:10] [main/INFO] [LaunchWrapper]: Loading tweak class name cpw.mods.fml.common.launcher.FMLTweaker
[19:08:10] [main/INFO] [LaunchWrapper]: Using primary tweak class name cpw.mods.fml.common.launcher.FMLTweaker
[19:08:10] [main/INFO] [LaunchWrapper]: Loading tweak class name net.minecraftforge.gradle.tweakers.CoremodTweaker
[19:08:10] [main/INFO] [LaunchWrapper]: Calling tweak class cpw.mods.fml.common.launcher.FMLTweaker
[19:09:27] [main/INFO] [GradleStart]: Extra: []
[19:09:27] [main/INFO] [GradleStart]: Found and added coremod: com.mod.htgt6.BiomeLoadingPlugin
[19:09:27] [main/INFO] [GradleStart]: Running with arguments: [--userProperties, {}, --assetsDir, C:/Users/brawl/.gradle/caches/minecraft/assets, --assetIndex, 1.7.10, --accessToken, {REDACTED}, --version, 1.7.10, --tweakClass, cpw.mods.fml.common.launcher.FMLTweaker, --tweakClass, net.minecraftforge.gradle.tweakers.CoremodTweaker]
[19:09:27] [main/INFO] [LaunchWrapper]: Loading tweak class name cpw.mods.fml.common.launcher.FMLTweaker
[19:09:27] [main/INFO] [LaunchWrapper]: Using primary tweak class name cpw.mods.fml.common.launcher.FMLTweaker
[19:09:27] [main/INFO] [LaunchWrapper]: Loading tweak class name net.minecraftforge.gradle.tweakers.CoremodTweaker
[19:09:27] [main/INFO] [LaunchWrapper]: Calling tweak class cpw.mods.fml.common.launcher.FMLTweaker
[19:10:45] [main/INFO] [GradleStart]: Extra: []
[19:10:45] [main/INFO] [GradleStart]: Found and added coremod: com.mod.htgt6.BiomeLoadingPlugin
[19:10:45] [main/INFO] [GradleStart]: Running with arguments: [--userProperties, {}, --assetsDir, C:/Users/brawl/.gradle/caches/minecraft/assets, --assetIndex, 1.7.10, --accessToken, {REDACTED}, --version, 1.7.10, --tweakClass, cpw.mods.fml.common.launcher.FMLTweaker, --tweakClass, net.minecraftforge.gradle.tweakers.CoremodTweaker]
[19:10:45] [main/INFO] [LaunchWrapper]: Loading tweak class name cpw.mods.fml.common.launcher.FMLTweaker
[19:10:45] [main/INFO] [LaunchWrapper]: Using primary tweak class name cpw.mods.fml.common.launcher.FMLTweaker
[19:10:45] [main/INFO] [LaunchWrapper]: Loading tweak class name net.minecraftforge.gradle.tweakers.CoremodTweaker
[19:10:45] [main/INFO] [LaunchWrapper]: Calling tweak class cpw.mods.fml.common.launcher.FMLTweaker
[19:11:32] [main/INFO] [GradleStart]: Extra: []
[19:11:33] [main/INFO] [GradleStart]: Found and added coremod: com.mod.htgt6.BiomeLoadingPlugin
[19:11:33] [main/INFO] [GradleStart]: Running with arguments: [--userProperties, {}, --assetsDir, C:/Users/brawl/.gradle/caches/minecraft/assets, --assetIndex, 1.7.10, --accessToken, {REDACTED}, --version, 1.7.10, --tweakClass, cpw.mods.fml.common.launcher.FMLTweaker, --tweakClass, net.minecraftforge.gradle.tweakers.CoremodTweaker]
[19:11:33] [main/INFO] [LaunchWrapper]: Loading tweak class name cpw.mods.fml.common.launcher.FMLTweaker
[19:11:33] [main/INFO] [LaunchWrapper]: Using primary tweak class name cpw.mods.fml.common.launcher.FMLTweaker
[19:11:33] [main/INFO] [LaunchWrapper]: Loading tweak class name net.minecraftforge.gradle.tweakers.CoremodTweaker
[19:11:33] [main/INFO] [LaunchWrapper]: Calling tweak class cpw.mods.fml.common.launcher.FMLTweaker
[19:12:31] [main/INFO] [GradleStart]: Extra: []
[19:12:31] [main/INFO] [GradleStart]: Found and added coremod: com.mod.htgt6.BiomeLoadingPlugin
[19:12:31] [main/INFO] [GradleStart]: Running with arguments: [--userProperties, {}, --assetsDir, C:/Users/brawl/.gradle/caches/minecraft/assets, --assetIndex, 1.7.10, --accessToken, {REDACTED}, --version, 1.7.10, --tweakClass, cpw.mods.fml.common.launcher.FMLTweaker, --tweakClass, net.minecraftforge.gradle.tweakers.CoremodTweaker]
[19:12:31] [main/INFO] [LaunchWrapper]: Loading tweak class name cpw.mods.fml.common.launcher.FMLTweaker
[19:12:31] [main/INFO] [LaunchWrapper]: Using primary tweak class name cpw.mods.fml.common.launcher.FMLTweaker
[19:12:31] [main/INFO] [LaunchWrapper]: Loading tweak class name net.minecraftforge.gradle.tweakers.CoremodTweaker
[19:12:31] [main/INFO] [LaunchWrapper]: Calling tweak class cpw.mods.fml.common.launcher.FMLTweaker
[19:13:40] [main/INFO] [GradleStart]: Extra: []
[19:13:40] [main/INFO] [GradleStart]: Found and added coremod: com.mod.htgt6.BiomeLoadingPlugin
[19:13:40] [main/INFO] [GradleStart]: Running with arguments: [--userProperties, {}, --assetsDir, C:/Users/brawl/.gradle/caches/minecraft/assets, --assetIndex, 1.7.10, --accessToken, {REDACTED}, --version, 1.7.10, --tweakClass, cpw.mods.fml.common.launcher.FMLTweaker, --tweakClass, net.minecraftforge.gradle.tweakers.CoremodTweaker]
[19:13:40] [main/INFO] [LaunchWrapper]: Loading tweak class name cpw.mods.fml.common.launcher.FMLTweaker
[19:13:40] [main/INFO] [LaunchWrapper]: Using primary tweak class name cpw.mods.fml.common.launcher.FMLTweaker
[19:13:40] [main/INFO] [LaunchWrapper]: Loading tweak class name net.minecraftforge.gradle.tweakers.CoremodTweaker
[19:13:40] [main/INFO] [LaunchWrapper]: Calling tweak class cpw.mods.fml.common.launcher.FMLTweaker
[19:14:29] [main/INFO] [GradleStart]: Extra: []
[19:14:30] [main/INFO] [GradleStart]: Found and added coremod: com.mod.htgt6.BiomeLoadingPlugin
[19:14:30] [main/INFO] [GradleStart]: Running with arguments: [--userProperties, {}, --assetsDir, C:/Users/brawl/.gradle/caches/minecraft/assets, --assetIndex, 1.7.10, --accessToken, {REDACTED}, --version, 1.7.10, --tweakClass, cpw.mods.fml.common.launcher.FMLTweaker, --tweakClass, net.minecraftforge.gradle.tweakers.CoremodTweaker]
[19:14:30] [main/INFO] [LaunchWrapper]: Loading tweak class name cpw.mods.fml.common.launcher.FMLTweaker
[19:14:30] [main/INFO] [LaunchWrapper]: Using primary tweak class name cpw.mods.fml.common.launcher.FMLTweaker
[19:14:30] [main/INFO] [LaunchWrapper]: Loading tweak class name net.minecraftforge.gradle.tweakers.CoremodTweaker
[19:14:30] [main/INFO] [LaunchWrapper]: Calling tweak class cpw.mods.fml.common.launcher.FMLTweaker
[19:17:01] [main/INFO] [GradleStart]: Extra: []
[19:17:01] [main/INFO] [GradleStart]: Found and added coremod: com.mod.htgt6.BiomeLoadingPlugin
[19:17:01] [main/INFO] [GradleStart]: Running with arguments: [--userProperties, {}, --assetsDir, C:/Users/brawl/.gradle/caches/minecraft/assets, --assetIndex, 1.7.10, --accessToken, {REDACTED}, --version, 1.7.10, --tweakClass, cpw.mods.fml.common.launcher.FMLTweaker, --tweakClass, net.minecraftforge.gradle.tweakers.CoremodTweaker]
[19:17:01] [main/INFO] [LaunchWrapper]: Loading tweak class name cpw.mods.fml.common.launcher.FMLTweaker
[19:17:01] [main/INFO] [LaunchWrapper]: Using primary tweak class name cpw.mods.fml.common.launcher.FMLTweaker
[19:17:01] [main/INFO] [LaunchWrapper]: Loading tweak class name net.minecraftforge.gradle.tweakers.CoremodTweaker
[19:17:01] [main/INFO] [LaunchWrapper]: Calling tweak class cpw.mods.fml.common.launcher.FMLTweaker
[19:17:54] [main/INFO] [GradleStart]: Extra: []
[19:17:54] [main/INFO] [GradleStart]: Found and added coremod: com.mod.htgt6.BiomeLoadingPlugin
[19:17:54] [main/INFO] [GradleStart]: Running with arguments: [--userProperties, {}, --assetsDir, C:/Users/brawl/.gradle/caches/minecraft/assets, --assetIndex, 1.7.10, --accessToken, {REDACTED}, --version, 1.7.10, --tweakClass, cpw.mods.fml.common.launcher.FMLTweaker, --tweakClass, net.minecraftforge.gradle.tweakers.CoremodTweaker]
[19:17:54] [main/INFO] [LaunchWrapper]: Loading tweak class name cpw.mods.fml.common.launcher.FMLTweaker
[19:17:54] [main/INFO] [LaunchWrapper]: Using primary tweak class name cpw.mods.fml.common.launcher.FMLTweaker
[19:17:54] [main/INFO] [LaunchWrapper]: Loading tweak class name net.minecraftforge.gradle.tweakers.CoremodTweaker
[19:17:54] [main/INFO] [LaunchWrapper]: Calling tweak class cpw.mods.fml.common.launcher.FMLTweaker
[19:19:06] [main/INFO] [GradleStart]: Extra: []
[19:19:06] [main/INFO] [GradleStart]: Found and added coremod: com.mod.htgt6.BiomeLoadingPlugin
[19:19:06] [main/INFO] [GradleStart]: Running with arguments: [--userProperties, {}, --assetsDir, C:/Users/brawl/.gradle/caches/minecraft/assets, --assetIndex, 1.7.10, --accessToken, {REDACTED}, --version, 1.7.10, --tweakClass, cpw.mods.fml.common.launcher.FMLTweaker, --tweakClass, net.minecraftforge.gradle.tweakers.CoremodTweaker]
[19:19:06] [main/INFO] [LaunchWrapper]: Loading tweak class name cpw.mods.fml.common.launcher.FMLTweaker
[19:19:06] [main/INFO] [LaunchWrapper]: Using primary tweak class name cpw.mods.fml.common.launcher.FMLTweaker
[19:19:06] [main/INFO] [LaunchWrapper]: Loading tweak class name net.minecraftforge.gradle.tweakers.CoremodTweaker
[19:19:06] [main/INFO] [LaunchWrapper]: Calling tweak class cpw.mods.fml.common.launcher.FMLTweaker
[19:19:46] [main/INFO] [GradleStart]: Extra: []
[19:19:46] [main/INFO] [GradleStart]: Found and added coremod: com.mod.htgt6.BiomeLoadingPlugin
[19:19:46] [main/INFO] [GradleStart]: Running with arguments: [--userProperties, {}, --assetsDir, C:/Users/brawl/.gradle/caches/minecraft/assets, --assetIndex, 1.7.10, --accessToken, {REDACTED}, --version, 1.7.10, --tweakClass, cpw.mods.fml.common.launcher.FMLTweaker, --tweakClass, net.minecraftforge.gradle.tweakers.CoremodTweaker]
[19:19:46] [main/INFO] [LaunchWrapper]: Loading tweak class name cpw.mods.fml.common.launcher.FMLTweaker
[19:19:46] [main/INFO] [LaunchWrapper]: Using primary tweak class name cpw.mods.fml.common.launcher.FMLTweaker
[19:19:46] [main/INFO] [LaunchWrapper]: Loading tweak class name net.minecraftforge.gradle.tweakers.CoremodTweaker
[19:19:46] [main/INFO] [LaunchWrapper]: Calling tweak class cpw.mods.fml.common.launcher.FMLTweaker
[19:20:29] [main/INFO] [GradleStart]: Extra: []
[19:20:29] [main/INFO] [GradleStart]: Found and added coremod: com.mod.htgt6.BiomeLoadingPlugin
[19:20:29] [main/INFO] [GradleStart]: Running with arguments: [--userProperties, {}, --assetsDir, C:/Users/brawl/.gradle/caches/minecraft/assets, --assetIndex, 1.7.10, --accessToken, {REDACTED}, --version, 1.7.10, --tweakClass, cpw.mods.fml.common.launcher.FMLTweaker, --tweakClass, net.minecraftforge.gradle.tweakers.CoremodTweaker]
[19:20:29] [main/INFO] [LaunchWrapper]: Loading tweak class name cpw.mods.fml.common.launcher.FMLTweaker
[19:20:29] [main/INFO] [LaunchWrapper]: Using primary tweak class name cpw.mods.fml.common.launcher.FMLTweaker
[19:20:29] [main/INFO] [LaunchWrapper]: Loading tweak class name net.minecraftforge.gradle.tweakers.CoremodTweaker
[19:20:29] [main/INFO] [LaunchWrapper]: Calling tweak class cpw.mods.fml.common.launcher.FMLTweaker
[19:21:15] [main/INFO] [GradleStart]: Extra: []
[19:21:15] [main/INFO] [GradleStart]: Found and added coremod: com.mod.htgt6.BiomeLoadingPlugin
[19:21:15] [main/INFO] [GradleStart]: Running with arguments: [--userProperties, {}, --assetsDir, C:/Users/brawl/.gradle/caches/minecraft/assets, --assetIndex, 1.7.10, --accessToken, {REDACTED}, --version, 1.7.10, --tweakClass, cpw.mods.fml.common.launcher.FMLTweaker, --tweakClass, net.minecraftforge.gradle.tweakers.CoremodTweaker]
[19:21:15] [main/INFO] [LaunchWrapper]: Loading tweak class name cpw.mods.fml.common.launcher.FMLTweaker
[19:21:15] [main/INFO] [LaunchWrapper]: Using primary tweak class name cpw.mods.fml.common.launcher.FMLTweaker
[19:21:15] [main/INFO] [LaunchWrapper]: Loading tweak class name net.minecraftforge.gradle.tweakers.CoremodTweaker
[19:21:15] [main/INFO] [LaunchWrapper]: Calling tweak class cpw.mods.fml.common.launcher.FMLTweaker
[19:24:54] [main/INFO] [GradleStart]: Extra: []
[19:24:54] [main/INFO] [GradleStart]: Found and added coremod: com.mod.htgt6.BiomeLoadingPlugin
[19:24:54] [main/INFO] [GradleStart]: Running with arguments: [--userProperties, {}, --assetsDir, C:/Users/brawl/.gradle/caches/minecraft/assets, --assetIndex, 1.7.10, --accessToken, {REDACTED}, --version, 1.7.10, --tweakClass, cpw.mods.fml.common.launcher.FMLTweaker, --tweakClass, net.minecraftforge.gradle.tweakers.CoremodTweaker]
[19:24:54] [main/INFO] [LaunchWrapper]: Loading tweak class name cpw.mods.fml.common.launcher.FMLTweaker
[19:24:54] [main/INFO] [LaunchWrapper]: Using primary tweak class name cpw.mods.fml.common.launcher.FMLTweaker
[19:24:54] [main/INFO] [LaunchWrapper]: Loading tweak class name net.minecraftforge.gradle.tweakers.CoremodTweaker
[19:24:54] [main/INFO] [LaunchWrapper]: Calling tweak class cpw.mods.fml.common.launcher.FMLTweaker
[19:27:41] [main/INFO] [GradleStart]: Extra: []
[19:27:41] [main/INFO] [GradleStart]: Found and added coremod: com.mod.htgt6.BiomeLoadingPlugin
[19:27:41] [main/INFO] [GradleStart]: Running with arguments: [--userProperties, {}, --assetsDir, C:/Users/brawl/.gradle/caches/minecraft/assets, --assetIndex, 1.7.10, --accessToken, {REDACTED}, --version, 1.7.10, --tweakClass, cpw.mods.fml.common.launcher.FMLTweaker, --tweakClass, net.minecraftforge.gradle.tweakers.CoremodTweaker]
[19:27:41] [main/INFO] [LaunchWrapper]: Loading tweak class name cpw.mods.fml.common.launcher.FMLTweaker
[19:27:41] [main/INFO] [LaunchWrapper]: Using primary tweak class name cpw.mods.fml.common.launcher.FMLTweaker
[19:27:41] [main/INFO] [LaunchWrapper]: Loading tweak class name net.minecraftforge.gradle.tweakers.CoremodTweaker
[19:27:41] [main/INFO] [LaunchWrapper]: Calling tweak class cpw.mods.fml.common.launcher.FMLTweaker
[19:33:08] [main/INFO] [GradleStart]: Extra: []
[19:33:08] [main/INFO] [GradleStart]: Found and added coremod: com.mod.htgt6.BiomeLoadingPlugin
[19:33:08] [main/INFO] [GradleStart]: Running with arguments: [--userProperties, {}, --assetsDir, C:/Users/brawl/.gradle/caches/minecraft/assets, --assetIndex, 1.7.10, --accessToken, {REDACTED}, --version, 1.7.10, --tweakClass, cpw.mods.fml.common.launcher.FMLTweaker, --tweakClass, net.minecraftforge.gradle.tweakers.CoremodTweaker]
[19:33:08] [main/INFO] [LaunchWrapper]: Loading tweak class name cpw.mods.fml.common.launcher.FMLTweaker
[19:33:08] [main/INFO] [LaunchWrapper]: Using primary tweak class name cpw.mods.fml.common.launcher.FMLTweaker
[19:33:08] [main/INFO] [LaunchWrapper]: Loading tweak class name net.minecraftforge.gradle.tweakers.CoremodTweaker
[19:33:08] [main/INFO] [LaunchWrapper]: Calling tweak class cpw.mods.fml.common.launcher.FMLTweaker
[19:48:42] [main/INFO] [GradleStart]: Extra: []
[19:48:42] [main/INFO] [GradleStart]: Found and added coremod: com.mod.htgt6.BiomeLoadingPlugin
[19:48:42] [main/INFO] [GradleStart]: Running with arguments: [--userProperties, {}, --assetsDir, C:/Users/brawl/.gradle/caches/minecraft/assets, --assetIndex, 1.7.10, --accessToken, {REDACTED}, --version, 1.7.10, --tweakClass, cpw.mods.fml.common.launcher.FMLTweaker, --tweakClass, net.minecraftforge.gradle.tweakers.CoremodTweaker]
[19:48:42] [main/INFO] [LaunchWrapper]: Loading tweak class name cpw.mods.fml.common.launcher.FMLTweaker
[19:48:42] [main/INFO] [LaunchWrapper]: Using primary tweak class name cpw.mods.fml.common.launcher.FMLTweaker
[19:48:42] [main/INFO] [LaunchWrapper]: Loading tweak class name net.minecraftforge.gradle.tweakers.CoremodTweaker
[19:48:42] [main/INFO] [LaunchWrapper]: Calling tweak class cpw.mods.fml.common.launcher.FMLTweaker
[19:53:10] [main/INFO] [GradleStart]: Extra: []
[19:53:10] [main/INFO] [GradleStart]: Found and added coremod: com.mod.htgt6.BiomeLoadingPlugin
[19:53:10] [main/INFO] [GradleStart]: Running with arguments: [--userProperties, {}, --assetsDir, C:/Users/brawl/.gradle/caches/minecraft/assets, --assetIndex, 1.7.10, --accessToken, {REDACTED}, --version, 1.7.10, --tweakClass, cpw.mods.fml.common.launcher.FMLTweaker, --tweakClass, net.minecraftforge.gradle.tweakers.CoremodTweaker]
[19:53:10] [main/INFO] [LaunchWrapper]: Loading tweak class name cpw.mods.fml.common.launcher.FMLTweaker
[19:53:10] [main/INFO] [LaunchWrapper]: Using primary tweak class name cpw.mods.fml.common.launcher.FMLTweaker
[19:53:10] [main/INFO] [LaunchWrapper]: Loading tweak class name net.minecraftforge.gradle.tweakers.CoremodTweaker
[19:53:10] [main/INFO] [LaunchWrapper]: Calling tweak class cpw.mods.fml.common.launcher.FMLTweaker
[19:57:17] [main/INFO] [GradleStart]: Extra: []
[19:57:17] [main/INFO] [GradleStart]: Found and added coremod: com.mod.htgt6.BiomeLoadingPlugin
[19:57:17] [main/INFO] [GradleStart]: Running with arguments: [--userProperties, {}, --assetsDir, C:/Users/brawl/.gradle/caches/minecraft/assets, --assetIndex, 1.7.10, --accessToken, {REDACTED}, --version, 1.7.10, --tweakClass, cpw.mods.fml.common.launcher.FMLTweaker, --tweakClass, net.minecraftforge.gradle.tweakers.CoremodTweaker]
[19:57:17] [main/INFO] [LaunchWrapper]: Loading tweak class name cpw.mods.fml.common.launcher.FMLTweaker
[19:57:17] [main/INFO] [LaunchWrapper]: Using primary tweak class name cpw.mods.fml.common.launcher.FMLTweaker
[19:57:17] [main/INFO] [LaunchWrapper]: Loading tweak class name net.minecraftforge.gradle.tweakers.CoremodTweaker
[19:57:17] [main/INFO] [LaunchWrapper]: Calling tweak class cpw.mods.fml.common.launcher.FMLTweaker
[20:09:50] [main/INFO] [GradleStart]: Extra: []
[20:09:50] [main/INFO] [GradleStart]: Found and added coremod: com.mod.htgt6.BiomeLoadingPlugin
[20:09:50] [main/INFO] [GradleStart]: Running with arguments: [--userProperties, {}, --assetsDir, C:/Users/brawl/.gradle/caches/minecraft/assets, --assetIndex, 1.7.10, --accessToken, {REDACTED}, --version, 1.7.10, --tweakClass, cpw.mods.fml.common.launcher.FMLTweaker, --tweakClass, net.minecraftforge.gradle.tweakers.CoremodTweaker]
[20:09:50] [main/INFO] [LaunchWrapper]: Loading tweak class name cpw.mods.fml.common.launcher.FMLTweaker
[20:09:50] [main/INFO] [LaunchWrapper]: Using primary tweak class name cpw.mods.fml.common.launcher.FMLTweaker
[20:09:50] [main/INFO] [LaunchWrapper]: Loading tweak class name net.minecraftforge.gradle.tweakers.CoremodTweaker
[20:09:50] [main/INFO] [LaunchWrapper]: Calling tweak class cpw.mods.fml.common.launcher.FMLTweaker
[20:11:31] [main/INFO] [GradleStart]: Extra: []
[20:11:31] [main/INFO] [GradleStart]: Found and added coremod: com.mod.htgt6.BiomeLoadingPlugin
[20:11:31] [main/INFO] [GradleStart]: Running with arguments: [--userProperties, {}, --assetsDir, C:/Users/brawl/.gradle/caches/minecraft/assets, --assetIndex, 1.7.10, --accessToken, {REDACTED}, --version, 1.7.10, --tweakClass, cpw.mods.fml.common.launcher.FMLTweaker, --tweakClass, net.minecraftforge.gradle.tweakers.CoremodTweaker]
[20:11:31] [main/INFO] [LaunchWrapper]: Loading tweak class name cpw.mods.fml.common.launcher.FMLTweaker
[20:11:31] [main/INFO] [LaunchWrapper]: Using primary tweak class name cpw.mods.fml.common.launcher.FMLTweaker
[20:11:31] [main/INFO] [LaunchWrapper]: Loading tweak class name net.minecraftforge.gradle.tweakers.CoremodTweaker
[20:11:31] [main/INFO] [LaunchWrapper]: Calling tweak class cpw.mods.fml.common.launcher.FMLTweaker
[20:12:31] [main/INFO] [GradleStart]: Extra: []
[20:12:31] [main/INFO] [GradleStart]: Found and added coremod: com.mod.htgt6.BiomeLoadingPlugin
[20:12:31] [main/INFO] [GradleStart]: Running with arguments: [--userProperties, {}, --assetsDir, C:/Users/brawl/.gradle/caches/minecraft/assets, --assetIndex, 1.7.10, --accessToken, {REDACTED}, --version, 1.7.10, --tweakClass, cpw.mods.fml.common.launcher.FMLTweaker, --tweakClass, net.minecraftforge.gradle.tweakers.CoremodTweaker]
[20:12:31] [main/INFO] [LaunchWrapper]: Loading tweak class name cpw.mods.fml.common.launcher.FMLTweaker
[20:12:31] [main/INFO] [LaunchWrapper]: Using primary tweak class name cpw.mods.fml.common.launcher.FMLTweaker
[20:12:31] [main/INFO] [LaunchWrapper]: Loading tweak class name net.minecraftforge.gradle.tweakers.CoremodTweaker
[20:12:31] [main/INFO] [LaunchWrapper]: Calling tweak class cpw.mods.fml.common.launcher.FMLTweaker
[20:13:23] [main/INFO] [GradleStart]: Extra: []
[20:13:23] [main/INFO] [GradleStart]: Found and added coremod: com.mod.htgt6.BiomeLoadingPlugin
[20:13:23] [main/INFO] [GradleStart]: Running with arguments: [--userProperties, {}, --assetsDir, C:/Users/brawl/.gradle/caches/minecraft/assets, --assetIndex, 1.7.10, --accessToken, {REDACTED}, --version, 1.7.10, --tweakClass, cpw.mods.fml.common.launcher.FMLTweaker, --tweakClass, net.minecraftforge.gradle.tweakers.CoremodTweaker]
[20:13:23] [main/INFO] [LaunchWrapper]: Loading tweak class name cpw.mods.fml.common.launcher.FMLTweaker
[20:13:23] [main/INFO] [LaunchWrapper]: Using primary tweak class name cpw.mods.fml.common.launcher.FMLTweaker
[20:13:23] [main/INFO] [LaunchWrapper]: Loading tweak class name net.minecraftforge.gradle.tweakers.CoremodTweaker
[20:13:23] [main/INFO] [LaunchWrapper]: Calling tweak class cpw.mods.fml.common.launcher.FMLTweaker
[20:15:32] [main/INFO] [GradleStart]: Extra: []
[20:15:32] [main/INFO] [GradleStart]: Found and added coremod: com.mod.htgt6.BiomeLoadingPlugin
[20:15:32] [main/INFO] [GradleStart]: Running with arguments: [--userProperties, {}, --assetsDir, C:/Users/brawl/.gradle/caches/minecraft/assets, --assetIndex, 1.7.10, --accessToken, {REDACTED}, --version, 1.7.10, --tweakClass, cpw.mods.fml.common.launcher.FMLTweaker, --tweakClass, net.minecraftforge.gradle.tweakers.CoremodTweaker]
[20:15:32] [main/INFO] [LaunchWrapper]: Loading tweak class name cpw.mods.fml.common.launcher.FMLTweaker
[20:15:32] [main/INFO] [LaunchWrapper]: Using primary tweak class name cpw.mods.fml.common.launcher.FMLTweaker
[20:15:32] [main/INFO] [LaunchWrapper]: Loading tweak class name net.minecraftforge.gradle.tweakers.CoremodTweaker
[20:15:32] [main/INFO] [LaunchWrapper]: Calling tweak class cpw.mods.fml.common.launcher.FMLTweaker
[20:17:04] [main/INFO] [GradleStart]: Extra: []
[20:17:04] [main/INFO] [GradleStart]: Found and added coremod: com.mod.htgt6.BiomeLoadingPlugin
[20:17:04] [main/INFO] [GradleStart]: Running with arguments: [--userProperties, {}, --assetsDir, C:/Users/brawl/.gradle/caches/minecraft/assets, --assetIndex, 1.7.10, --accessToken, {REDACTED}, --version, 1.7.10, --tweakClass, cpw.mods.fml.common.launcher.FMLTweaker, --tweakClass, net.minecraftforge.gradle.tweakers.CoremodTweaker]
[20:17:04] [main/INFO] [LaunchWrapper]: Loading tweak class name cpw.mods.fml.common.launcher.FMLTweaker
[20:17:04] [main/INFO] [LaunchWrapper]: Using primary tweak class name cpw.mods.fml.common.launcher.FMLTweaker
[20:17:04] [main/INFO] [LaunchWrapper]: Loading tweak class name net.minecraftforge.gradle.tweakers.CoremodTweaker
[20:17:04] [main/INFO] [LaunchWrapper]: Calling tweak class cpw.mods.fml.common.launcher.FMLTweaker
[20:19:17] [main/INFO] [GradleStart]: Extra: []
[20:19:17] [main/INFO] [GradleStart]: Found and added coremod: com.mod.htgt6.BiomeLoadingPlugin
[20:19:17] [main/INFO] [GradleStart]: Running with arguments: [--userProperties, {}, --assetsDir, C:/Users/brawl/.gradle/caches/minecraft/assets, --assetIndex, 1.7.10, --accessToken, {REDACTED}, --version, 1.7.10, --tweakClass, cpw.mods.fml.common.launcher.FMLTweaker, --tweakClass, net.minecraftforge.gradle.tweakers.CoremodTweaker]
[20:19:17] [main/INFO] [LaunchWrapper]: Loading tweak class name cpw.mods.fml.common.launcher.FMLTweaker
[20:19:17] [main/INFO] [LaunchWrapper]: Using primary tweak class name cpw.mods.fml.common.launcher.FMLTweaker
[20:19:17] [main/INFO] [LaunchWrapper]: Loading tweak class name net.minecraftforge.gradle.tweakers.CoremodTweaker
[20:19:17] [main/INFO] [LaunchWrapper]: Calling tweak class cpw.mods.fml.common.launcher.FMLTweaker
[20:21:13] [main/INFO] [GradleStart]: Extra: []
[20:21:13] [main/INFO] [GradleStart]: Found and added coremod: com.mod.htgt6.BiomeLoadingPlugin
[20:21:13] [main/INFO] [GradleStart]: Running with arguments: [--userProperties, {}, --assetsDir, C:/Users/brawl/.gradle/caches/minecraft/assets, --assetIndex, 1.7.10, --accessToken, {REDACTED}, --version, 1.7.10, --tweakClass, cpw.mods.fml.common.launcher.FMLTweaker, --tweakClass, net.minecraftforge.gradle.tweakers.CoremodTweaker]
[20:21:13] [main/INFO] [LaunchWrapper]: Loading tweak class name cpw.mods.fml.common.launcher.FMLTweaker
[20:21:13] [main/INFO] [LaunchWrapper]: Using primary tweak class name cpw.mods.fml.common.launcher.FMLTweaker
[20:21:13] [main/INFO] [LaunchWrapper]: Loading tweak class name net.minecraftforge.gradle.tweakers.CoremodTweaker
[20:21:13] [main/INFO] [LaunchWrapper]: Calling tweak class cpw.mods.fml.common.launcher.FMLTweaker
[20:22:33] [main/INFO] [GradleStart]: Extra: []
[20:22:33] [main/INFO] [GradleStart]: Found and added coremod: com.mod.htgt6.BiomeLoadingPlugin
[20:22:33] [main/INFO] [GradleStart]: Running with arguments: [--userProperties, {}, --assetsDir, C:/Users/brawl/.gradle/caches/minecraft/assets, --assetIndex, 1.7.10, --accessToken, {REDACTED}, --version, 1.7.10, --tweakClass, cpw.mods.fml.common.launcher.FMLTweaker, --tweakClass, net.minecraftforge.gradle.tweakers.CoremodTweaker]
[20:22:33] [main/INFO] [LaunchWrapper]: Loading tweak class name cpw.mods.fml.common.launcher.FMLTweaker
[20:22:33] [main/INFO] [LaunchWrapper]: Using primary tweak class name cpw.mods.fml.common.launcher.FMLTweaker
[20:22:33] [main/INFO] [LaunchWrapper]: Loading tweak class name net.minecraftforge.gradle.tweakers.CoremodTweaker
[20:22:33] [main/INFO] [LaunchWrapper]: Calling tweak class cpw.mods.fml.common.launcher.FMLTweaker
[20:23:50] [main/INFO] [GradleStart]: Extra: []
[20:23:50] [main/INFO] [GradleStart]: Found and added coremod: com.mod.htgt6.BiomeLoadingPlugin
[20:23:50] [main/INFO] [GradleStart]: Running with arguments: [--userProperties, {}, --assetsDir, C:/Users/brawl/.gradle/caches/minecraft/assets, --assetIndex, 1.7.10, --accessToken, {REDACTED}, --version, 1.7.10, --tweakClass, cpw.mods.fml.common.launcher.FMLTweaker, --tweakClass, net.minecraftforge.gradle.tweakers.CoremodTweaker]
[20:23:50] [main/INFO] [LaunchWrapper]: Loading tweak class name cpw.mods.fml.common.launcher.FMLTweaker
[20:23:50] [main/INFO] [LaunchWrapper]: Using primary tweak class name cpw.mods.fml.common.launcher.FMLTweaker
[20:23:50] [main/INFO] [LaunchWrapper]: Loading tweak class name net.minecraftforge.gradle.tweakers.CoremodTweaker
[20:23:50] [main/INFO] [LaunchWrapper]: Calling tweak class cpw.mods.fml.common.launcher.FMLTweaker
[20:24:47] [main/INFO] [GradleStart]: Extra: []
[20:24:47] [main/INFO] [GradleStart]: Found and added coremod: com.mod.htgt6.BiomeLoadingPlugin
[20:24:47] [main/INFO] [GradleStart]: Running with arguments: [--userProperties, {}, --assetsDir, C:/Users/brawl/.gradle/caches/minecraft/assets, --assetIndex, 1.7.10, --accessToken, {REDACTED}, --version, 1.7.10, --tweakClass, cpw.mods.fml.common.launcher.FMLTweaker, --tweakClass, net.minecraftforge.gradle.tweakers.CoremodTweaker]
[20:24:47] [main/INFO] [LaunchWrapper]: Loading tweak class name cpw.mods.fml.common.launcher.FMLTweaker
[20:24:47] [main/INFO] [LaunchWrapper]: Using primary tweak class name cpw.mods.fml.common.launcher.FMLTweaker
[20:24:47] [main/INFO] [LaunchWrapper]: Loading tweak class name net.minecraftforge.gradle.tweakers.CoremodTweaker
[20:24:47] [main/INFO] [LaunchWrapper]: Calling tweak class cpw.mods.fml.common.launcher.FMLTweaker
[20:26:04] [main/INFO] [GradleStart]: Extra: []
[20:26:04] [main/INFO] [GradleStart]: Found and added coremod: com.mod.htgt6.BiomeLoadingPlugin
[20:26:04] [main/INFO] [GradleStart]: Running with arguments: [--userProperties, {}, --assetsDir, C:/Users/brawl/.gradle/caches/minecraft/assets, --assetIndex, 1.7.10, --accessToken, {REDACTED}, --version, 1.7.10, --tweakClass, cpw.mods.fml.common.launcher.FMLTweaker, --tweakClass, net.minecraftforge.gradle.tweakers.CoremodTweaker]
[20:26:04] [main/INFO] [LaunchWrapper]: Loading tweak class name cpw.mods.fml.common.launcher.FMLTweaker
[20:26:04] [main/INFO] [LaunchWrapper]: Using primary tweak class name cpw.mods.fml.common.launcher.FMLTweaker
[20:26:04] [main/INFO] [LaunchWrapper]: Loading tweak class name net.minecraftforge.gradle.tweakers.CoremodTweaker
[20:26:04] [main/INFO] [LaunchWrapper]: Calling tweak class cpw.mods.fml.common.launcher.FMLTweaker
[20:26:54] [main/INFO] [GradleStart]: Extra: []
[20:26:54] [main/INFO] [GradleStart]: Found and added coremod: com.mod.htgt6.BiomeLoadingPlugin
[20:26:54] [main/INFO] [GradleStart]: Running with arguments: [--userProperties, {}, --assetsDir, C:/Users/brawl/.gradle/caches/minecraft/assets, --assetIndex, 1.7.10, --accessToken, {REDACTED}, --version, 1.7.10, --tweakClass, cpw.mods.fml.common.launcher.FMLTweaker, --tweakClass, net.minecraftforge.gradle.tweakers.CoremodTweaker]
[20:26:54] [main/INFO] [LaunchWrapper]: Loading tweak class name cpw.mods.fml.common.launcher.FMLTweaker
[20:26:54] [main/INFO] [LaunchWrapper]: Using primary tweak class name cpw.mods.fml.common.launcher.FMLTweaker
[20:26:54] [main/INFO] [LaunchWrapper]: Loading tweak class name net.minecraftforge.gradle.tweakers.CoremodTweaker
[20:26:54] [main/INFO] [LaunchWrapper]: Calling tweak class cpw.mods.fml.common.launcher.FMLTweaker
[20:27:51] [main/INFO] [GradleStart]: Extra: []
[20:27:51] [main/INFO] [GradleStart]: Found and added coremod: com.mod.htgt6.BiomeLoadingPlugin
[20:27:51] [main/INFO] [GradleStart]: Running with arguments: [--userProperties, {}, --assetsDir, C:/Users/brawl/.gradle/caches/minecraft/assets, --assetIndex, 1.7.10, --accessToken, {REDACTED}, --version, 1.7.10, --tweakClass, cpw.mods.fml.common.launcher.FMLTweaker, --tweakClass, net.minecraftforge.gradle.tweakers.CoremodTweaker]
[20:27:51] [main/INFO] [LaunchWrapper]: Loading tweak class name cpw.mods.fml.common.launcher.FMLTweaker
[20:27:51] [main/INFO] [LaunchWrapper]: Using primary tweak class name cpw.mods.fml.common.launcher.FMLTweaker
[20:27:51] [main/INFO] [LaunchWrapper]: Loading tweak class name net.minecraftforge.gradle.tweakers.CoremodTweaker
[20:27:51] [main/INFO] [LaunchWrapper]: Calling tweak class cpw.mods.fml.common.launcher.FMLTweaker
[20:29:03] [main/INFO] [GradleStart]: Extra: []
[20:29:03] [main/INFO] [GradleStart]: Found and added coremod: com.mod.htgt6.BiomeLoadingPlugin
[20:29:03] [main/INFO] [GradleStart]: Running with arguments: [--userProperties, {}, --assetsDir, C:/Users/brawl/.gradle/caches/minecraft/assets, --assetIndex, 1.7.10, --accessToken, {REDACTED}, --version, 1.7.10, --tweakClass, cpw.mods.fml.common.launcher.FMLTweaker, --tweakClass, net.minecraftforge.gradle.tweakers.CoremodTweaker]
[20:29:03] [main/INFO] [LaunchWrapper]: Loading tweak class name cpw.mods.fml.common.launcher.FMLTweaker
[20:29:03] [main/INFO] [LaunchWrapper]: Using primary tweak class name cpw.mods.fml.common.launcher.FMLTweaker
[20:29:03] [main/INFO] [LaunchWrapper]: Loading tweak class name net.minecraftforge.gradle.tweakers.CoremodTweaker
[20:29:03] [main/INFO] [LaunchWrapper]: Calling tweak class cpw.mods.fml.common.launcher.FMLTweaker
[20:32:55] [main/INFO] [GradleStart]: Extra: []
[20:32:55] [main/INFO] [GradleStart]: Found and added coremod: com.mod.htgt6.BiomeLoadingPlugin
[20:32:55] [main/INFO] [GradleStart]: Running with arguments: [--userProperties, {}, --assetsDir, C:/Users/brawl/.gradle/caches/minecraft/assets, --assetIndex, 1.7.10, --accessToken, {REDACTED}, --version, 1.7.10, --tweakClass, cpw.mods.fml.common.launcher.FMLTweaker, --tweakClass, net.minecraftforge.gradle.tweakers.CoremodTweaker]
[20:32:55] [main/INFO] [LaunchWrapper]: Loading tweak class name cpw.mods.fml.common.launcher.FMLTweaker
[20:32:55] [main/INFO] [LaunchWrapper]: Using primary tweak class name cpw.mods.fml.common.launcher.FMLTweaker
[20:32:55] [main/INFO] [LaunchWrapper]: Loading tweak class name net.minecraftforge.gradle.tweakers.CoremodTweaker
[20:32:55] [main/INFO] [LaunchWrapper]: Calling tweak class cpw.mods.fml.common.launcher.FMLTweaker
[20:36:49] [main/INFO] [GradleStart]: Extra: []
[20:36:49] [main/INFO] [GradleStart]: Found and added coremod: com.mod.htgt6.BiomeLoadingPlugin
[20:36:49] [main/INFO] [GradleStart]: Running with arguments: [--userProperties, {}, --assetsDir, C:/Users/brawl/.gradle/caches/minecraft/assets, --assetIndex, 1.7.10, --accessToken, {REDACTED}, --version, 1.7.10, --tweakClass, cpw.mods.fml.common.launcher.FMLTweaker, --tweakClass, net.minecraftforge.gradle.tweakers.CoremodTweaker]
[20:36:49] [main/INFO] [LaunchWrapper]: Loading tweak class name cpw.mods.fml.common.launcher.FMLTweaker
[20:36:49] [main/INFO] [LaunchWrapper]: Using primary tweak class name cpw.mods.fml.common.launcher.FMLTweaker
[20:36:49] [main/INFO] [LaunchWrapper]: Loading tweak class name net.minecraftforge.gradle.tweakers.CoremodTweaker
[20:36:49] [main/INFO] [LaunchWrapper]: Calling tweak class cpw.mods.fml.common.launcher.FMLTweaker
[20:46:28] [main/INFO] [GradleStart]: Extra: []
[20:46:29] [main/INFO] [GradleStart]: Found and added coremod: com.mod.htgt6.BiomeLoadingPlugin
[20:46:29] [main/INFO] [GradleStart]: Running with arguments: [--userProperties, {}, --assetsDir, C:/Users/brawl/.gradle/caches/minecraft/assets, --assetIndex, 1.7.10, --accessToken, {REDACTED}, --version, 1.7.10, --tweakClass, cpw.mods.fml.common.launcher.FMLTweaker, --tweakClass, net.minecraftforge.gradle.tweakers.CoremodTweaker]
[20:46:29] [main/INFO] [LaunchWrapper]: Loading tweak class name cpw.mods.fml.common.launcher.FMLTweaker
[20:46:29] [main/INFO] [LaunchWrapper]: Using primary tweak class name cpw.mods.fml.common.launcher.FMLTweaker
[20:46:29] [main/INFO] [LaunchWrapper]: Loading tweak class name net.minecraftforge.gradle.tweakers.CoremodTweaker
[20:46:29] [main/INFO] [LaunchWrapper]: Calling tweak class cpw.mods.fml.common.launcher.FMLTweaker
[20:49:51] [main/INFO] [GradleStart]: Extra: []
[20:49:51] [main/INFO] [GradleStart]: Found and added coremod: com.mod.htgt6.BiomeLoadingPlugin
[20:49:51] [main/INFO] [GradleStart]: Running with arguments: [--userProperties, {}, --assetsDir, C:/Users/brawl/.gradle/caches/minecraft/assets, --assetIndex, 1.7.10, --accessToken, {REDACTED}, --version, 1.7.10, --tweakClass, cpw.mods.fml.common.launcher.FMLTweaker, --tweakClass, net.minecraftforge.gradle.tweakers.CoremodTweaker]
[20:49:51] [main/INFO] [LaunchWrapper]: Loading tweak class name cpw.mods.fml.common.launcher.FMLTweaker
[20:49:51] [main/INFO] [LaunchWrapper]: Using primary tweak class name cpw.mods.fml.common.launcher.FMLTweaker
[20:49:51] [main/INFO] [LaunchWrapper]: Loading tweak class name net.minecraftforge.gradle.tweakers.CoremodTweaker
[20:49:51] [main/INFO] [LaunchWrapper]: Calling tweak class cpw.mods.fml.common.launcher.FMLTweaker
[18:53:43] [main/INFO] [GradleStart]: Extra: []
[18:53:43] [main/INFO] [GradleStart]: Found and added coremod: codechicken.core.launch.CodeChickenCorePlugin
[18:53:43] [main/INFO] [GradleStart]: Found and added coremod: codechicken.nei.asm.NEICorePlugin
[18:53:43] [main/INFO] [GradleStart]: Found and added coremod: com.mod.htgt6.BiomeLoadingPlugin
[18:53:43] [main/INFO] [GradleStart]: Running with arguments: [--userProperties, {}, --assetsDir, C:/Users/brawl/.gradle/caches/minecraft/assets, --assetIndex, 1.7.10, --accessToken, {REDACTED}, --version, 1.7.10, --tweakClass, cpw.mods.fml.common.launcher.FMLTweaker, --tweakClass, net.minecraftforge.gradle.tweakers.CoremodTweaker]
[18:53:43] [main/INFO] [LaunchWrapper]: Loading tweak class name cpw.mods.fml.common.launcher.FMLTweaker
[18:53:43] [main/INFO] [LaunchWrapper]: Using primary tweak class name cpw.mods.fml.common.launcher.FMLTweaker
[18:53:43] [main/INFO] [LaunchWrapper]: Loading tweak class name net.minecraftforge.gradle.tweakers.CoremodTweaker
[18:53:43] [main/INFO] [LaunchWrapper]: Calling tweak class cpw.mods.fml.common.launcher.FMLTweaker
[19:01:01] [main/INFO] [GradleStart]: Extra: []
[19:01:01] [main/INFO] [GradleStart]: Found and added coremod: codechicken.core.launch.CodeChickenCorePlugin
[19:01:01] [main/INFO] [GradleStart]: Found and added coremod: codechicken.nei.asm.NEICorePlugin
[19:01:01] [main/INFO] [GradleStart]: Found and added coremod: com.mod.htgt6.BiomeLoadingPlugin
[19:01:01] [main/INFO] [GradleStart]: Running with arguments: [--userProperties, {}, --assetsDir, C:/Users/brawl/.gradle/caches/minecraft/assets, --assetIndex, 1.7.10, --accessToken, {REDACTED}, --version, 1.7.10, --tweakClass, cpw.mods.fml.common.launcher.FMLTweaker, --tweakClass, net.minecraftforge.gradle.tweakers.CoremodTweaker]
[19:01:01] [main/INFO] [LaunchWrapper]: Loading tweak class name cpw.mods.fml.common.launcher.FMLTweaker
[19:01:01] [main/INFO] [LaunchWrapper]: Using primary tweak class name cpw.mods.fml.common.launcher.FMLTweaker
[19:01:01] [main/INFO] [LaunchWrapper]: Loading tweak class name net.minecraftforge.gradle.tweakers.CoremodTweaker
[19:01:01] [main/INFO] [LaunchWrapper]: Calling tweak class cpw.mods.fml.common.launcher.FMLTweaker
[19:03:54] [main/INFO] [GradleStart]: Extra: []
[19:03:54] [main/INFO] [GradleStart]: Found and added coremod: codechicken.core.launch.CodeChickenCorePlugin
[19:03:54] [main/INFO] [GradleStart]: Found and added coremod: codechicken.nei.asm.NEICorePlugin
[19:03:54] [main/INFO] [GradleStart]: Found and added coremod: com.mod.htgt6.BiomeLoadingPlugin
[19:03:54] [main/INFO] [GradleStart]: Running with arguments: [--userProperties, {}, --assetsDir, C:/Users/brawl/.gradle/caches/minecraft/assets, --assetIndex, 1.7.10, --accessToken, {REDACTED}, --version, 1.7.10, --tweakClass, cpw.mods.fml.common.launcher.FMLTweaker, --tweakClass, net.minecraftforge.gradle.tweakers.CoremodTweaker]
[19:03:54] [main/INFO] [LaunchWrapper]: Loading tweak class name cpw.mods.fml.common.launcher.FMLTweaker
[19:03:54] [main/INFO] [LaunchWrapper]: Using primary tweak class name cpw.mods.fml.common.launcher.FMLTweaker
[19:03:54] [main/INFO] [LaunchWrapper]: Loading tweak class name net.minecraftforge.gradle.tweakers.CoremodTweaker
[19:03:54] [main/INFO] [LaunchWrapper]: Calling tweak class cpw.mods.fml.common.launcher.FMLTweaker
[19:09:59] [main/INFO] [GradleStart]: Extra: []
[19:10:00] [main/INFO] [GradleStart]: Found and added coremod: codechicken.core.launch.CodeChickenCorePlugin
[19:10:00] [main/INFO] [GradleStart]: Found and added coremod: codechicken.nei.asm.NEICorePlugin
[19:10:00] [main/INFO] [GradleStart]: Found and added coremod: com.mod.htgt6.BiomeLoadingPlugin
[19:10:00] [main/INFO] [GradleStart]: Running with arguments: [--userProperties, {}, --assetsDir, C:/Users/brawl/.gradle/caches/minecraft/assets, --assetIndex, 1.7.10, --accessToken, {REDACTED}, --version, 1.7.10, --tweakClass, cpw.mods.fml.common.launcher.FMLTweaker, --tweakClass, net.minecraftforge.gradle.tweakers.CoremodTweaker]
[19:10:00] [main/INFO] [LaunchWrapper]: Loading tweak class name cpw.mods.fml.common.launcher.FMLTweaker
[19:10:00] [main/INFO] [LaunchWrapper]: Using primary tweak class name cpw.mods.fml.common.launcher.FMLTweaker
[19:10:00] [main/INFO] [LaunchWrapper]: Loading tweak class name net.minecraftforge.gradle.tweakers.CoremodTweaker
[19:10:00] [main/INFO] [LaunchWrapper]: Calling tweak class cpw.mods.fml.common.launcher.FMLTweaker
[19:11:10] [main/INFO] [GradleStart]: Extra: []
[19:11:10] [main/INFO] [GradleStart]: Found and added coremod: codechicken.core.launch.CodeChickenCorePlugin
[19:11:10] [main/INFO] [GradleStart]: Found and added coremod: codechicken.nei.asm.NEICorePlugin
[19:11:10] [main/INFO] [GradleStart]: Found and added coremod: com.mod.htgt6.BiomeLoadingPlugin
[19:11:10] [main/INFO] [GradleStart]: Running with arguments: [--userProperties, {}, --assetsDir, C:/Users/brawl/.gradle/caches/minecraft/assets, --assetIndex, 1.7.10, --accessToken, {REDACTED}, --version, 1.7.10, --tweakClass, cpw.mods.fml.common.launcher.FMLTweaker, --tweakClass, net.minecraftforge.gradle.tweakers.CoremodTweaker]
[19:11:10] [main/INFO] [LaunchWrapper]: Loading tweak class name cpw.mods.fml.common.launcher.FMLTweaker
[19:11:10] [main/INFO] [LaunchWrapper]: Using primary tweak class name cpw.mods.fml.common.launcher.FMLTweaker
[19:11:10] [main/INFO] [LaunchWrapper]: Loading tweak class name net.minecraftforge.gradle.tweakers.CoremodTweaker
[19:11:10] [main/INFO] [LaunchWrapper]: Calling tweak class cpw.mods.fml.common.launcher.FMLTweaker
[19:14:23] [main/INFO] [GradleStart]: Extra: []
[19:14:23] [main/INFO] [GradleStart]: Found and added coremod: codechicken.core.launch.CodeChickenCorePlugin
[19:14:23] [main/INFO] [GradleStart]: Found and added coremod: codechicken.nei.asm.NEICorePlugin
[19:14:23] [main/INFO] [GradleStart]: Found and added coremod: com.mod.htgt6.BiomeLoadingPlugin
[19:14:23] [main/INFO] [GradleStart]: Running with arguments: [--userProperties, {}, --assetsDir, C:/Users/brawl/.gradle/caches/minecraft/assets, --assetIndex, 1.7.10, --accessToken, {REDACTED}, --version, 1.7.10, --tweakClass, cpw.mods.fml.common.launcher.FMLTweaker, --tweakClass, net.minecraftforge.gradle.tweakers.CoremodTweaker]
[19:14:23] [main/INFO] [LaunchWrapper]: Loading tweak class name cpw.mods.fml.common.launcher.FMLTweaker
[19:14:23] [main/INFO] [LaunchWrapper]: Using primary tweak class name cpw.mods.fml.common.launcher.FMLTweaker
[19:14:23] [main/INFO] [LaunchWrapper]: Loading tweak class name net.minecraftforge.gradle.tweakers.CoremodTweaker
[19:14:23] [main/INFO] [LaunchWrapper]: Calling tweak class cpw.mods.fml.common.launcher.FMLTweaker
[19:20:15] [main/INFO] [GradleStart]: Extra: []
[19:20:15] [main/INFO] [GradleStart]: Found and added coremod: codechicken.core.launch.CodeChickenCorePlugin
[19:20:15] [main/INFO] [GradleStart]: Found and added coremod: codechicken.nei.asm.NEICorePlugin
[19:20:15] [main/INFO] [GradleStart]: Found and added coremod: com.mod.htgt6.BiomeLoadingPlugin
[19:20:15] [main/INFO] [GradleStart]: Running with arguments: [--userProperties, {}, --assetsDir, C:/Users/brawl/.gradle/caches/minecraft/assets, --assetIndex, 1.7.10, --accessToken, {REDACTED}, --version, 1.7.10, --tweakClass, cpw.mods.fml.common.launcher.FMLTweaker, --tweakClass, net.minecraftforge.gradle.tweakers.CoremodTweaker]
[19:20:15] [main/INFO] [LaunchWrapper]: Loading tweak class name cpw.mods.fml.common.launcher.FMLTweaker
[19:20:15] [main/INFO] [LaunchWrapper]: Using primary tweak class name cpw.mods.fml.common.launcher.FMLTweaker
[19:20:15] [main/INFO] [LaunchWrapper]: Loading tweak class name net.minecraftforge.gradle.tweakers.CoremodTweaker
[19:20:15] [main/INFO] [LaunchWrapper]: Calling tweak class cpw.mods.fml.common.launcher.FMLTweaker
[19:24:23] [main/INFO] [GradleStart]: Extra: []
[19:24:23] [main/INFO] [GradleStart]: Found and added coremod: codechicken.core.launch.CodeChickenCorePlugin
[19:24:23] [main/INFO] [GradleStart]: Found and added coremod: codechicken.nei.asm.NEICorePlugin
[19:24:23] [main/INFO] [GradleStart]: Found and added coremod: com.mod.htgt6.BiomeLoadingPlugin
[19:24:23] [main/INFO] [GradleStart]: Running with arguments: [--userProperties, {}, --assetsDir, C:/Users/brawl/.gradle/caches/minecraft/assets, --assetIndex, 1.7.10, --accessToken, {REDACTED}, --version, 1.7.10, --tweakClass, cpw.mods.fml.common.launcher.FMLTweaker, --tweakClass, net.minecraftforge.gradle.tweakers.CoremodTweaker]
[19:24:23] [main/INFO] [LaunchWrapper]: Loading tweak class name cpw.mods.fml.common.launcher.FMLTweaker
[19:24:23] [main/INFO] [LaunchWrapper]: Using primary tweak class name cpw.mods.fml.common.launcher.FMLTweaker
[19:24:23] [main/INFO] [LaunchWrapper]: Loading tweak class name net.minecraftforge.gradle.tweakers.CoremodTweaker
[19:24:23] [main/INFO] [LaunchWrapper]: Calling tweak class cpw.mods.fml.common.launcher.FMLTweaker
[19:25:20] [main/INFO] [GradleStart]: Extra: []
[19:25:20] [main/INFO] [GradleStart]: Found and added coremod: codechicken.core.launch.CodeChickenCorePlugin
[19:25:20] [main/INFO] [GradleStart]: Found and added coremod: codechicken.nei.asm.NEICorePlugin
[19:25:20] [main/INFO] [GradleStart]: Found and added coremod: com.mod.htgt6.BiomeLoadingPlugin
[19:25:20] [main/INFO] [GradleStart]: Running with arguments: [--userProperties, {}, --assetsDir, C:/Users/brawl/.gradle/caches/minecraft/assets, --assetIndex, 1.7.10, --accessToken, {REDACTED}, --version, 1.7.10, --tweakClass, cpw.mods.fml.common.launcher.FMLTweaker, --tweakClass, net.minecraftforge.gradle.tweakers.CoremodTweaker]
[19:25:21] [main/INFO] [LaunchWrapper]: Loading tweak class name cpw.mods.fml.common.launcher.FMLTweaker
[19:25:21] [main/INFO] [LaunchWrapper]: Using primary tweak class name cpw.mods.fml.common.launcher.FMLTweaker
[19:25:21] [main/INFO] [LaunchWrapper]: Loading tweak class name net.minecraftforge.gradle.tweakers.CoremodTweaker
[19:25:21] [main/INFO] [LaunchWrapper]: Calling tweak class cpw.mods.fml.common.launcher.FMLTweaker
[19:27:08] [main/INFO] [GradleStart]: Extra: []
[19:27:08] [main/INFO] [GradleStart]: Found and added coremod: codechicken.core.launch.CodeChickenCorePlugin
[19:27:08] [main/INFO] [GradleStart]: Found and added coremod: codechicken.nei.asm.NEICorePlugin
[19:27:08] [main/INFO] [GradleStart]: Found and added coremod: com.mod.htgt6.BiomeLoadingPlugin
[19:27:08] [main/INFO] [GradleStart]: Running with arguments: [--userProperties, {}, --assetsDir, C:/Users/brawl/.gradle/caches/minecraft/assets, --assetIndex, 1.7.10, --accessToken, {REDACTED}, --version, 1.7.10, --tweakClass, cpw.mods.fml.common.launcher.FMLTweaker, --tweakClass, net.minecraftforge.gradle.tweakers.CoremodTweaker]
[19:27:08] [main/INFO] [LaunchWrapper]: Loading tweak class name cpw.mods.fml.common.launcher.FMLTweaker
[19:27:08] [main/INFO] [LaunchWrapper]: Using primary tweak class name cpw.mods.fml.common.launcher.FMLTweaker
[19:27:08] [main/INFO] [LaunchWrapper]: Loading tweak class name net.minecraftforge.gradle.tweakers.CoremodTweaker
[19:27:08] [main/INFO] [LaunchWrapper]: Calling tweak class cpw.mods.fml.common.launcher.FMLTweaker
[19:27:59] [main/INFO] [GradleStart]: Extra: []
[19:27:59] [main/INFO] [GradleStart]: Found and added coremod: codechicken.core.launch.CodeChickenCorePlugin
[19:27:59] [main/INFO] [GradleStart]: Found and added coremod: codechicken.nei.asm.NEICorePlugin
[19:27:59] [main/INFO] [GradleStart]: Found and added coremod: com.mod.htgt6.BiomeLoadingPlugin
[19:27:59] [main/INFO] [GradleStart]: Running with arguments: [--userProperties, {}, --assetsDir, C:/Users/brawl/.gradle/caches/minecraft/assets, --assetIndex, 1.7.10, --accessToken, {REDACTED}, --version, 1.7.10, --tweakClass, cpw.mods.fml.common.launcher.FMLTweaker, --tweakClass, net.minecraftforge.gradle.tweakers.CoremodTweaker]
[19:27:59] [main/INFO] [LaunchWrapper]: Loading tweak class name cpw.mods.fml.common.launcher.FMLTweaker
[19:27:59] [main/INFO] [LaunchWrapper]: Using primary tweak class name cpw.mods.fml.common.launcher.FMLTweaker
[19:27:59] [main/INFO] [LaunchWrapper]: Loading tweak class name net.minecraftforge.gradle.tweakers.CoremodTweaker
[19:27:59] [main/INFO] [LaunchWrapper]: Calling tweak class cpw.mods.fml.common.launcher.FMLTweaker
[19:28:56] [main/INFO] [GradleStart]: Extra: []
[19:28:56] [main/INFO] [GradleStart]: Found and added coremod: codechicken.core.launch.CodeChickenCorePlugin
[19:28:56] [main/INFO] [GradleStart]: Found and added coremod: codechicken.nei.asm.NEICorePlugin
[19:28:56] [main/INFO] [GradleStart]: Found and added coremod: com.mod.htgt6.BiomeLoadingPlugin
[19:28:56] [main/INFO] [GradleStart]: Running with arguments: [--userProperties, {}, --assetsDir, C:/Users/brawl/.gradle/caches/minecraft/assets, --assetIndex, 1.7.10, --accessToken, {REDACTED}, --version, 1.7.10, --tweakClass, cpw.mods.fml.common.launcher.FMLTweaker, --tweakClass, net.minecraftforge.gradle.tweakers.CoremodTweaker]
[19:28:56] [main/INFO] [LaunchWrapper]: Loading tweak class name cpw.mods.fml.common.launcher.FMLTweaker
[19:28:56] [main/INFO] [LaunchWrapper]: Using primary tweak class name cpw.mods.fml.common.launcher.FMLTweaker
[19:28:56] [main/INFO] [LaunchWrapper]: Loading tweak class name net.minecraftforge.gradle.tweakers.CoremodTweaker
[19:28:56] [main/INFO] [LaunchWrapper]: Calling tweak class cpw.mods.fml.common.launcher.FMLTweaker
[19:30:23] [main/INFO] [GradleStart]: Extra: []
[19:30:23] [main/INFO] [GradleStart]: Found and added coremod: codechicken.core.launch.CodeChickenCorePlugin
[19:30:23] [main/INFO] [GradleStart]: Found and added coremod: codechicken.nei.asm.NEICorePlugin
[19:30:23] [main/INFO] [GradleStart]: Found and added coremod: com.mod.htgt6.BiomeLoadingPlugin
[19:30:23] [main/INFO] [GradleStart]: Running with arguments: [--userProperties, {}, --assetsDir, C:/Users/brawl/.gradle/caches/minecraft/assets, --assetIndex, 1.7.10, --accessToken, {REDACTED}, --version, 1.7.10, --tweakClass, cpw.mods.fml.common.launcher.FMLTweaker, --tweakClass, net.minecraftforge.gradle.tweakers.CoremodTweaker]
[19:30:23] [main/INFO] [LaunchWrapper]: Loading tweak class name cpw.mods.fml.common.launcher.FMLTweaker
[19:30:23] [main/INFO] [LaunchWrapper]: Using primary tweak class name cpw.mods.fml.common.launcher.FMLTweaker
[19:30:23] [main/INFO] [LaunchWrapper]: Loading tweak class name net.minecraftforge.gradle.tweakers.CoremodTweaker
[19:30:23] [main/INFO] [LaunchWrapper]: Calling tweak class cpw.mods.fml.common.launcher.FMLTweaker
[19:33:09] [main/INFO] [GradleStart]: Extra: []
[19:33:09] [main/INFO] [GradleStart]: Found and added coremod: codechicken.core.launch.CodeChickenCorePlugin
[19:33:09] [main/INFO] [GradleStart]: Found and added coremod: codechicken.nei.asm.NEICorePlugin
[19:33:09] [main/INFO] [GradleStart]: Found and added coremod: com.mod.htgt6.BiomeLoadingPlugin
[19:33:09] [main/INFO] [GradleStart]: Running with arguments: [--userProperties, {}, --assetsDir, C:/Users/brawl/.gradle/caches/minecraft/assets, --assetIndex, 1.7.10, --accessToken, {REDACTED}, --version, 1.7.10, --tweakClass, cpw.mods.fml.common.launcher.FMLTweaker, --tweakClass, net.minecraftforge.gradle.tweakers.CoremodTweaker]
[19:33:09] [main/INFO] [LaunchWrapper]: Loading tweak class name cpw.mods.fml.common.launcher.FMLTweaker
[19:33:09] [main/INFO] [LaunchWrapper]: Using primary tweak class name cpw.mods.fml.common.launcher.FMLTweaker
[19:33:09] [main/INFO] [LaunchWrapper]: Loading tweak class name net.minecraftforge.gradle.tweakers.CoremodTweaker
[19:33:09] [main/INFO] [LaunchWrapper]: Calling tweak class cpw.mods.fml.common.launcher.FMLTweaker
[19:35:04] [main/INFO] [GradleStart]: Extra: []
[19:35:04] [main/INFO] [GradleStart]: Found and added coremod: codechicken.core.launch.CodeChickenCorePlugin
[19:35:04] [main/INFO] [GradleStart]: Found and added coremod: codechicken.nei.asm.NEICorePlugin
[19:35:04] [main/INFO] [GradleStart]: Found and added coremod: com.mod.htgt6.BiomeLoadingPlugin
[19:35:04] [main/INFO] [GradleStart]: Running with arguments: [--userProperties, {}, --assetsDir, C:/Users/brawl/.gradle/caches/minecraft/assets, --assetIndex, 1.7.10, --accessToken, {REDACTED}, --version, 1.7.10, --tweakClass, cpw.mods.fml.common.launcher.FMLTweaker, --tweakClass, net.minecraftforge.gradle.tweakers.CoremodTweaker]
[19:35:04] [main/INFO] [LaunchWrapper]: Loading tweak class name cpw.mods.fml.common.launcher.FMLTweaker
[19:35:04] [main/INFO] [LaunchWrapper]: Using primary tweak class name cpw.mods.fml.common.launcher.FMLTweaker
[19:35:04] [main/INFO] [LaunchWrapper]: Loading tweak class name net.minecraftforge.gradle.tweakers.CoremodTweaker
[19:35:04] [main/INFO] [LaunchWrapper]: Calling tweak class cpw.mods.fml.common.launcher.FMLTweaker
[19:38:09] [main/INFO] [GradleStart]: Extra: []
[19:38:09] [main/INFO] [GradleStart]: Found and added coremod: codechicken.core.launch.CodeChickenCorePlugin
[19:38:09] [main/INFO] [GradleStart]: Found and added coremod: codechicken.nei.asm.NEICorePlugin
[19:38:09] [main/INFO] [GradleStart]: Found and added coremod: com.mod.htgt6.BiomeLoadingPlugin
[19:38:09] [main/INFO] [GradleStart]: Running with arguments: [--userProperties, {}, --assetsDir, C:/Users/brawl/.gradle/caches/minecraft/assets, --assetIndex, 1.7.10, --accessToken, {REDACTED}, --version, 1.7.10, --tweakClass, cpw.mods.fml.common.launcher.FMLTweaker, --tweakClass, net.minecraftforge.gradle.tweakers.CoremodTweaker]
[19:38:09] [main/INFO] [LaunchWrapper]: Loading tweak class name cpw.mods.fml.common.launcher.FMLTweaker
[19:38:09] [main/INFO] [LaunchWrapper]: Using primary tweak class name cpw.mods.fml.common.launcher.FMLTweaker
[19:38:09] [main/INFO] [LaunchWrapper]: Loading tweak class name net.minecraftforge.gradle.tweakers.CoremodTweaker
[19:38:09] [main/INFO] [LaunchWrapper]: Calling tweak class cpw.mods.fml.common.launcher.FMLTweaker
[19:40:08] [main/INFO] [GradleStart]: Extra: []
[19:40:08] [main/INFO] [GradleStart]: Found and added coremod: codechicken.core.launch.CodeChickenCorePlugin
[19:40:08] [main/INFO] [GradleStart]: Found and added coremod: codechicken.nei.asm.NEICorePlugin
[19:40:08] [main/INFO] [GradleStart]: Found and added coremod: com.mod.htgt6.BiomeLoadingPlugin
[19:40:08] [main/INFO] [GradleStart]: Running with arguments: [--userProperties, {}, --assetsDir, C:/Users/brawl/.gradle/caches/minecraft/assets, --assetIndex, 1.7.10, --accessToken, {REDACTED}, --version, 1.7.10, --tweakClass, cpw.mods.fml.common.launcher.FMLTweaker, --tweakClass, net.minecraftforge.gradle.tweakers.CoremodTweaker]
[19:40:08] [main/INFO] [LaunchWrapper]: Loading tweak class name cpw.mods.fml.common.launcher.FMLTweaker
[19:40:08] [main/INFO] [LaunchWrapper]: Using primary tweak class name cpw.mods.fml.common.launcher.FMLTweaker
[19:40:08] [main/INFO] [LaunchWrapper]: Loading tweak class name net.minecraftforge.gradle.tweakers.CoremodTweaker
[19:40:08] [main/INFO] [LaunchWrapper]: Calling tweak class cpw.mods.fml.common.launcher.FMLTweaker
[19:40:55] [main/INFO] [GradleStart]: Extra: []
[19:40:55] [main/INFO] [GradleStart]: Found and added coremod: codechicken.core.launch.CodeChickenCorePlugin
[19:40:55] [main/INFO] [GradleStart]: Found and added coremod: codechicken.nei.asm.NEICorePlugin
[19:40:55] [main/INFO] [GradleStart]: Found and added coremod: com.mod.htgt6.BiomeLoadingPlugin
[19:40:55] [main/INFO] [GradleStart]: Running with arguments: [--userProperties, {}, --assetsDir, C:/Users/brawl/.gradle/caches/minecraft/assets, --assetIndex, 1.7.10, --accessToken, {REDACTED}, --version, 1.7.10, --tweakClass, cpw.mods.fml.common.launcher.FMLTweaker, --tweakClass, net.minecraftforge.gradle.tweakers.CoremodTweaker]
[19:40:55] [main/INFO] [LaunchWrapper]: Loading tweak class name cpw.mods.fml.common.launcher.FMLTweaker
[19:40:55] [main/INFO] [LaunchWrapper]: Using primary tweak class name cpw.mods.fml.common.launcher.FMLTweaker
[19:40:55] [main/INFO] [LaunchWrapper]: Loading tweak class name net.minecraftforge.gradle.tweakers.CoremodTweaker
[19:40:55] [main/INFO] [LaunchWrapper]: Calling tweak class cpw.mods.fml.common.launcher.FMLTweaker
[19:43:07] [main/INFO] [GradleStart]: Extra: []
[19:43:07] [main/INFO] [GradleStart]: Found and added coremod: codechicken.core.launch.CodeChickenCorePlugin
[19:43:07] [main/INFO] [GradleStart]: Found and added coremod: codechicken.nei.asm.NEICorePlugin
[19:43:07] [main/INFO] [GradleStart]: Found and added coremod: com.mod.htgt6.BiomeLoadingPlugin
[19:43:07] [main/INFO] [GradleStart]: Running with arguments: [--userProperties, {}, --assetsDir, C:/Users/brawl/.gradle/caches/minecraft/assets, --assetIndex, 1.7.10, --accessToken, {REDACTED}, --version, 1.7.10, --tweakClass, cpw.mods.fml.common.launcher.FMLTweaker, --tweakClass, net.minecraftforge.gradle.tweakers.CoremodTweaker]
[19:43:07] [main/INFO] [LaunchWrapper]: Loading tweak class name cpw.mods.fml.common.launcher.FMLTweaker
[19:43:07] [main/INFO] [LaunchWrapper]: Using primary tweak class name cpw.mods.fml.common.launcher.FMLTweaker
[19:43:07] [main/INFO] [LaunchWrapper]: Loading tweak class name net.minecraftforge.gradle.tweakers.CoremodTweaker
[19:43:07] [main/INFO] [LaunchWrapper]: Calling tweak class cpw.mods.fml.common.launcher.FMLTweaker
[19:44:49] [main/INFO] [GradleStart]: Extra: []
[19:44:49] [main/INFO] [GradleStart]: Found and added coremod: com.mod.htgt6.BiomeLoadingPlugin
[19:44:49] [main/INFO] [GradleStart]: Running with arguments: [--userProperties, {}, --assetsDir, C:/Users/brawl/.gradle/caches/minecraft/assets, --assetIndex, 1.7.10, --accessToken, {REDACTED}, --version, 1.7.10, --tweakClass, cpw.mods.fml.common.launcher.FMLTweaker, --tweakClass, net.minecraftforge.gradle.tweakers.CoremodTweaker]
[19:44:49] [main/INFO] [LaunchWrapper]: Loading tweak class name cpw.mods.fml.common.launcher.FMLTweaker
[19:44:49] [main/INFO] [LaunchWrapper]: Using primary tweak class name cpw.mods.fml.common.launcher.FMLTweaker
[19:44:49] [main/INFO] [LaunchWrapper]: Loading tweak class name net.minecraftforge.gradle.tweakers.CoremodTweaker
[19:44:49] [main/INFO] [LaunchWrapper]: Calling tweak class cpw.mods.fml.common.launcher.FMLTweaker
[19:48:06] [main/INFO] [GradleStart]: Extra: []
[19:48:06] [main/INFO] [GradleStart]: Found and added coremod: com.mod.htgt6.BiomeLoadingPlugin
[19:48:06] [main/INFO] [GradleStart]: Running with arguments: [--userProperties, {}, --assetsDir, C:/Users/brawl/.gradle/caches/minecraft/assets, --assetIndex, 1.7.10, --accessToken, {REDACTED}, --version, 1.7.10, --tweakClass, cpw.mods.fml.common.launcher.FMLTweaker, --tweakClass, net.minecraftforge.gradle.tweakers.CoremodTweaker]
[19:48:06] [main/INFO] [LaunchWrapper]: Loading tweak class name cpw.mods.fml.common.launcher.FMLTweaker
[19:48:06] [main/INFO] [LaunchWrapper]: Using primary tweak class name cpw.mods.fml.common.launcher.FMLTweaker
[19:48:06] [main/INFO] [LaunchWrapper]: Loading tweak class name net.minecraftforge.gradle.tweakers.CoremodTweaker
[19:48:06] [main/INFO] [LaunchWrapper]: Calling tweak class cpw.mods.fml.common.launcher.FMLTweaker
[18:45:02] [main/INFO] [GradleStart]: Extra: []
[18:45:02] [main/INFO] [GradleStart]: Found and added coremod: codechicken.core.launch.CodeChickenCorePlugin
[18:45:02] [main/INFO] [GradleStart]: Found and added coremod: codechicken.nei.asm.NEICorePlugin
[18:45:02] [main/INFO] [GradleStart]: Found and added coremod: com.mod.htgt6.BiomeLoadingPlugin
[18:45:02] [main/INFO] [GradleStart]: Running with arguments: [--userProperties, {}, --assetsDir, C:/Users/brawl/.gradle/caches/minecraft/assets, --assetIndex, 1.7.10, --accessToken, {REDACTED}, --version, 1.7.10, --tweakClass, cpw.mods.fml.common.launcher.FMLTweaker, --tweakClass, net.minecraftforge.gradle.tweakers.CoremodTweaker]
[18:45:02] [main/INFO] [LaunchWrapper]: Loading tweak class name cpw.mods.fml.common.launcher.FMLTweaker
[18:45:02] [main/INFO] [LaunchWrapper]: Using primary tweak class name cpw.mods.fml.common.launcher.FMLTweaker
[18:45:02] [main/INFO] [LaunchWrapper]: Loading tweak class name net.minecraftforge.gradle.tweakers.CoremodTweaker
[18:45:02] [main/INFO] [LaunchWrapper]: Calling tweak class cpw.mods.fml.common.launcher.FMLTweaker
[18:45:43] [main/INFO] [GradleStart]: Extra: []
[18:45:43] [main/INFO] [GradleStart]: Found and added coremod: com.mod.htgt6.BiomeLoadingPlugin
[18:45:43] [main/INFO] [GradleStart]: Running with arguments: [--userProperties, {}, --assetsDir, C:/Users/brawl/.gradle/caches/minecraft/assets, --assetIndex, 1.7.10, --accessToken, {REDACTED}, --version, 1.7.10, --tweakClass, cpw.mods.fml.common.launcher.FMLTweaker, --tweakClass, net.minecraftforge.gradle.tweakers.CoremodTweaker]
[18:45:43] [main/INFO] [LaunchWrapper]: Loading tweak class name cpw.mods.fml.common.launcher.FMLTweaker
[18:45:43] [main/INFO] [LaunchWrapper]: Using primary tweak class name cpw.mods.fml.common.launcher.FMLTweaker
[18:45:43] [main/INFO] [LaunchWrapper]: Loading tweak class name net.minecraftforge.gradle.tweakers.CoremodTweaker
[18:45:43] [main/INFO] [LaunchWrapper]: Calling tweak class cpw.mods.fml.common.launcher.FMLTweaker
[18:51:26] [main/INFO] [GradleStart]: Extra: []
[18:51:26] [main/INFO] [GradleStart]: Found and added coremod: com.mod.htgt6.BiomeLoadingPlugin
[18:51:26] [main/INFO] [GradleStart]: Running with arguments: [--userProperties, {}, --assetsDir, C:/Users/brawl/.gradle/caches/minecraft/assets, --assetIndex, 1.7.10, --accessToken, {REDACTED}, --version, 1.7.10, --tweakClass, cpw.mods.fml.common.launcher.FMLTweaker, --tweakClass, net.minecraftforge.gradle.tweakers.CoremodTweaker]
[18:51:26] [main/INFO] [LaunchWrapper]: Loading tweak class name cpw.mods.fml.common.launcher.FMLTweaker
[18:51:26] [main/INFO] [LaunchWrapper]: Using primary tweak class name cpw.mods.fml.common.launcher.FMLTweaker
[18:51:26] [main/INFO] [LaunchWrapper]: Loading tweak class name net.minecraftforge.gradle.tweakers.CoremodTweaker
[18:51:26] [main/INFO] [LaunchWrapper]: Calling tweak class cpw.mods.fml.common.launcher.FMLTweaker
[18:55:21] [main/INFO] [GradleStart]: Extra: []
[18:55:21] [main/INFO] [GradleStart]: Found and added coremod: com.mod.htgt6.BiomeLoadingPlugin
[18:55:21] [main/INFO] [GradleStart]: Running with arguments: [--userProperties, {}, --assetsDir, C:/Users/brawl/.gradle/caches/minecraft/assets, --assetIndex, 1.7.10, --accessToken, {REDACTED}, --version, 1.7.10, --tweakClass, cpw.mods.fml.common.launcher.FMLTweaker, --tweakClass, net.minecraftforge.gradle.tweakers.CoremodTweaker]
[18:55:21] [main/INFO] [LaunchWrapper]: Loading tweak class name cpw.mods.fml.common.launcher.FMLTweaker
[18:55:21] [main/INFO] [LaunchWrapper]: Using primary tweak class name cpw.mods.fml.common.launcher.FMLTweaker
[18:55:21] [main/INFO] [LaunchWrapper]: Loading tweak class name net.minecraftforge.gradle.tweakers.CoremodTweaker
[18:55:21] [main/INFO] [LaunchWrapper]: Calling tweak class cpw.mods.fml.common.launcher.FMLTweaker
[18:57:10] [main/INFO] [GradleStart]: Extra: []
[18:57:10] [main/INFO] [GradleStart]: Found and added coremod: com.mod.htgt6.BiomeLoadingPlugin
[18:57:10] [main/INFO] [GradleStart]: Running with arguments: [--userProperties, {}, --assetsDir, C:/Users/brawl/.gradle/caches/minecraft/assets, --assetIndex, 1.7.10, --accessToken, {REDACTED}, --version, 1.7.10, --tweakClass, cpw.mods.fml.common.launcher.FMLTweaker, --tweakClass, net.minecraftforge.gradle.tweakers.CoremodTweaker]
[18:57:10] [main/INFO] [LaunchWrapper]: Loading tweak class name cpw.mods.fml.common.launcher.FMLTweaker
[18:57:10] [main/INFO] [LaunchWrapper]: Using primary tweak class name cpw.mods.fml.common.launcher.FMLTweaker
[18:57:10] [main/INFO] [LaunchWrapper]: Loading tweak class name net.minecraftforge.gradle.tweakers.CoremodTweaker
[18:57:10] [main/INFO] [LaunchWrapper]: Calling tweak class cpw.mods.fml.common.launcher.FMLTweaker
[18:59:18] [main/INFO] [GradleStart]: Extra: []
[18:59:18] [main/INFO] [GradleStart]: Found and added coremod: com.mod.htgt6.BiomeLoadingPlugin
[18:59:18] [main/INFO] [GradleStart]: Running with arguments: [--userProperties, {}, --assetsDir, C:/Users/brawl/.gradle/caches/minecraft/assets, --assetIndex, 1.7.10, --accessToken, {REDACTED}, --version, 1.7.10, --tweakClass, cpw.mods.fml.common.launcher.FMLTweaker, --tweakClass, net.minecraftforge.gradle.tweakers.CoremodTweaker]
[18:59:18] [main/INFO] [LaunchWrapper]: Loading tweak class name cpw.mods.fml.common.launcher.FMLTweaker
[18:59:18] [main/INFO] [LaunchWrapper]: Using primary tweak class name cpw.mods.fml.common.launcher.FMLTweaker
[18:59:18] [main/INFO] [LaunchWrapper]: Loading tweak class name net.minecraftforge.gradle.tweakers.CoremodTweaker
[18:59:18] [main/INFO] [LaunchWrapper]: Calling tweak class cpw.mods.fml.common.launcher.FMLTweaker
[19:01:35] [main/INFO] [GradleStart]: Extra: []
[19:01:35] [main/INFO] [GradleStart]: Found and added coremod: com.mod.htgt6.BiomeLoadingPlugin
[19:01:35] [main/INFO] [GradleStart]: Running with arguments: [--userProperties, {}, --assetsDir, C:/Users/brawl/.gradle/caches/minecraft/assets, --assetIndex, 1.7.10, --accessToken, {REDACTED}, --version, 1.7.10, --tweakClass, cpw.mods.fml.common.launcher.FMLTweaker, --tweakClass, net.minecraftforge.gradle.tweakers.CoremodTweaker]
[19:01:35] [main/INFO] [LaunchWrapper]: Loading tweak class name cpw.mods.fml.common.launcher.FMLTweaker
[19:01:35] [main/INFO] [LaunchWrapper]: Using primary tweak class name cpw.mods.fml.common.launcher.FMLTweaker
[19:01:35] [main/INFO] [LaunchWrapper]: Loading tweak class name net.minecraftforge.gradle.tweakers.CoremodTweaker
[19:01:35] [main/INFO] [LaunchWrapper]: Calling tweak class cpw.mods.fml.common.launcher.FMLTweaker
[19:04:19] [main/INFO] [GradleStart]: Extra: []
[19:04:19] [main/INFO] [GradleStart]: Found and added coremod: com.mod.htgt6.BiomeLoadingPlugin
[19:04:19] [main/INFO] [GradleStart]: Running with arguments: [--userProperties, {}, --assetsDir, C:/Users/brawl/.gradle/caches/minecraft/assets, --assetIndex, 1.7.10, --accessToken, {REDACTED}, --version, 1.7.10, --tweakClass, cpw.mods.fml.common.launcher.FMLTweaker, --tweakClass, net.minecraftforge.gradle.tweakers.CoremodTweaker]
[19:04:19] [main/INFO] [LaunchWrapper]: Loading tweak class name cpw.mods.fml.common.launcher.FMLTweaker
[19:04:19] [main/INFO] [LaunchWrapper]: Using primary tweak class name cpw.mods.fml.common.launcher.FMLTweaker
[19:04:19] [main/INFO] [LaunchWrapper]: Loading tweak class name net.minecraftforge.gradle.tweakers.CoremodTweaker
[19:04:19] [main/INFO] [LaunchWrapper]: Calling tweak class cpw.mods.fml.common.launcher.FMLTweaker
[19:05:52] [main/INFO] [GradleStart]: Extra: []
[19:05:52] [main/INFO] [GradleStart]: Found and added coremod: com.mod.htgt6.BiomeLoadingPlugin
[19:05:52] [main/INFO] [GradleStart]: Running with arguments: [--userProperties, {}, --assetsDir, C:/Users/brawl/.gradle/caches/minecraft/assets, --assetIndex, 1.7.10, --accessToken, {REDACTED}, --version, 1.7.10, --tweakClass, cpw.mods.fml.common.launcher.FMLTweaker, --tweakClass, net.minecraftforge.gradle.tweakers.CoremodTweaker]
[19:05:52] [main/INFO] [LaunchWrapper]: Loading tweak class name cpw.mods.fml.common.launcher.FMLTweaker
[19:05:52] [main/INFO] [LaunchWrapper]: Using primary tweak class name cpw.mods.fml.common.launcher.FMLTweaker
[19:05:52] [main/INFO] [LaunchWrapper]: Loading tweak class name net.minecraftforge.gradle.tweakers.CoremodTweaker
[19:05:52] [main/INFO] [LaunchWrapper]: Calling tweak class cpw.mods.fml.common.launcher.FMLTweaker
[19:38:14] [main/INFO] [GradleStart]: Extra: []
[19:38:14] [main/INFO] [GradleStart]: Found and added coremod: com.mod.htgt6.BiomeLoadingPlugin
[19:38:14] [main/INFO] [GradleStart]: Running with arguments: [--userProperties, {}, --assetsDir, C:/Users/brawl/.gradle/caches/minecraft/assets, --assetIndex, 1.7.10, --accessToken, {REDACTED}, --version, 1.7.10, --tweakClass, cpw.mods.fml.common.launcher.FMLTweaker, --tweakClass, net.minecraftforge.gradle.tweakers.CoremodTweaker]
[19:38:14] [main/INFO] [LaunchWrapper]: Loading tweak class name cpw.mods.fml.common.launcher.FMLTweaker
[19:38:14] [main/INFO] [LaunchWrapper]: Using primary tweak class name cpw.mods.fml.common.launcher.FMLTweaker
[19:38:14] [main/INFO] [LaunchWrapper]: Loading tweak class name net.minecraftforge.gradle.tweakers.CoremodTweaker
[19:38:14] [main/INFO] [LaunchWrapper]: Calling tweak class cpw.mods.fml.common.launcher.FMLTweaker
[19:43:00] [main/INFO] [GradleStart]: Extra: []
[19:43:00] [main/INFO] [GradleStart]: Found and added coremod: com.mod.htgt6.BiomeLoadingPlugin
[19:43:00] [main/INFO] [GradleStart]: Running with arguments: [--userProperties, {}, --assetsDir, C:/Users/brawl/.gradle/caches/minecraft/assets, --assetIndex, 1.7.10, --accessToken, {REDACTED}, --version, 1.7.10, --tweakClass, cpw.mods.fml.common.launcher.FMLTweaker, --tweakClass, net.minecraftforge.gradle.tweakers.CoremodTweaker]
[19:43:00] [main/INFO] [LaunchWrapper]: Loading tweak class name cpw.mods.fml.common.launcher.FMLTweaker
[19:43:00] [main/INFO] [LaunchWrapper]: Using primary tweak class name cpw.mods.fml.common.launcher.FMLTweaker
[19:43:00] [main/INFO] [LaunchWrapper]: Loading tweak class name net.minecraftforge.gradle.tweakers.CoremodTweaker
[19:43:00] [main/INFO] [LaunchWrapper]: Calling tweak class cpw.mods.fml.common.launcher.FMLTweaker
[17:33:56] [main/INFO] [GradleStart]: Extra: []
[17:33:56] [main/INFO] [GradleStart]: Found and added coremod: com.mod.htgt6.BiomeLoadingPlugin
[17:33:56] [main/INFO] [GradleStart]: Running with arguments: [--userProperties, {}, --assetsDir, C:/Users/brawl/.gradle/caches/minecraft/assets, --assetIndex, 1.7.10, --accessToken, {REDACTED}, --version, 1.7.10, --tweakClass, cpw.mods.fml.common.launcher.FMLTweaker, --tweakClass, net.minecraftforge.gradle.tweakers.CoremodTweaker]
[17:33:56] [main/INFO] [LaunchWrapper]: Loading tweak class name cpw.mods.fml.common.launcher.FMLTweaker
[17:33:56] [main/INFO] [LaunchWrapper]: Using primary tweak class name cpw.mods.fml.common.launcher.FMLTweaker
[17:33:56] [main/INFO] [LaunchWrapper]: Loading tweak class name net.minecraftforge.gradle.tweakers.CoremodTweaker
[17:33:56] [main/INFO] [LaunchWrapper]: Calling tweak class cpw.mods.fml.common.launcher.FMLTweaker
[10:29:55] [main/INFO] [GradleStart]: Extra: []
[10:29:55] [main/INFO] [GradleStart]: Found and added coremod: com.mod.htgt6.BiomeLoadingPlugin
[10:29:55] [main/INFO] [GradleStart]: Running with arguments: [--userProperties, {}, --assetsDir, C:/Users/brawl/.gradle/caches/minecraft/assets, --assetIndex, 1.7.10, --accessToken, {REDACTED}, --version, 1.7.10, --tweakClass, cpw.mods.fml.common.launcher.FMLTweaker, --tweakClass, net.minecraftforge.gradle.tweakers.CoremodTweaker]
[10:29:55] [main/INFO] [LaunchWrapper]: Loading tweak class name cpw.mods.fml.common.launcher.FMLTweaker
[10:29:56] [main/INFO] [LaunchWrapper]: Using primary tweak class name cpw.mods.fml.common.launcher.FMLTweaker
[10:29:56] [main/INFO] [LaunchWrapper]: Loading tweak class name net.minecraftforge.gradle.tweakers.CoremodTweaker
[10:29:56] [main/INFO] [LaunchWrapper]: Calling tweak class cpw.mods.fml.common.launcher.FMLTweaker
[10:36:48] [main/INFO] [GradleStart]: Extra: []
[10:36:48] [main/INFO] [GradleStart]: Found and added coremod: com.mod.htgt6.BiomeLoadingPlugin
[10:36:48] [main/INFO] [GradleStart]: Running with arguments: [--userProperties, {}, --assetsDir, C:/Users/brawl/.gradle/caches/minecraft/assets, --assetIndex, 1.7.10, --accessToken, {REDACTED}, --version, 1.7.10, --tweakClass, cpw.mods.fml.common.launcher.FMLTweaker, --tweakClass, net.minecraftforge.gradle.tweakers.CoremodTweaker]
[10:36:48] [main/INFO] [LaunchWrapper]: Loading tweak class name cpw.mods.fml.common.launcher.FMLTweaker
[10:36:48] [main/INFO] [LaunchWrapper]: Using primary tweak class name cpw.mods.fml.common.launcher.FMLTweaker
[10:36:48] [main/INFO] [LaunchWrapper]: Loading tweak class name net.minecraftforge.gradle.tweakers.CoremodTweaker
[10:36:48] [main/INFO] [LaunchWrapper]: Calling tweak class cpw.mods.fml.common.launcher.FMLTweaker
[10:38:38] [main/INFO] [GradleStart]: Extra: []
[10:38:38] [main/INFO] [GradleStart]: Found and added coremod: com.mod.htgt6.BiomeLoadingPlugin
[10:38:38] [main/INFO] [GradleStart]: Running with arguments: [--userProperties, {}, --assetsDir, C:/Users/brawl/.gradle/caches/minecraft/assets, --assetIndex, 1.7.10, --accessToken, {REDACTED}, --version, 1.7.10, --tweakClass, cpw.mods.fml.common.launcher.FMLTweaker, --tweakClass, net.minecraftforge.gradle.tweakers.CoremodTweaker]
[10:38:38] [main/INFO] [LaunchWrapper]: Loading tweak class name cpw.mods.fml.common.launcher.FMLTweaker
[10:38:38] [main/INFO] [LaunchWrapper]: Using primary tweak class name cpw.mods.fml.common.launcher.FMLTweaker
[10:38:38] [main/INFO] [LaunchWrapper]: Loading tweak class name net.minecraftforge.gradle.tweakers.CoremodTweaker
[10:38:38] [main/INFO] [LaunchWrapper]: Calling tweak class cpw.mods.fml.common.launcher.FMLTweaker
[10:40:34] [main/INFO] [GradleStart]: Extra: []
[10:40:34] [main/INFO] [GradleStart]: Found and added coremod: com.mod.htgt6.BiomeLoadingPlugin
[10:40:34] [main/INFO] [GradleStart]: Running with arguments: [--userProperties, {}, --assetsDir, C:/Users/brawl/.gradle/caches/minecraft/assets, --assetIndex, 1.7.10, --accessToken, {REDACTED}, --version, 1.7.10, --tweakClass, cpw.mods.fml.common.launcher.FMLTweaker, --tweakClass, net.minecraftforge.gradle.tweakers.CoremodTweaker]
[10:40:34] [main/INFO] [LaunchWrapper]: Loading tweak class name cpw.mods.fml.common.launcher.FMLTweaker
[10:40:34] [main/INFO] [LaunchWrapper]: Using primary tweak class name cpw.mods.fml.common.launcher.FMLTweaker
[10:40:34] [main/INFO] [LaunchWrapper]: Loading tweak class name net.minecraftforge.gradle.tweakers.CoremodTweaker
[10:40:34] [main/INFO] [LaunchWrapper]: Calling tweak class cpw.mods.fml.common.launcher.FMLTweaker
[10:46:03] [main/INFO] [GradleStart]: Extra: []
[10:46:04] [main/INFO] [GradleStart]: Found and added coremod: com.mod.htgt6.BiomeLoadingPlugin
[10:46:04] [main/INFO] [GradleStart]: Running with arguments: [--userProperties, {}, --assetsDir, C:/Users/brawl/.gradle/caches/minecraft/assets, --assetIndex, 1.7.10, --accessToken, {REDACTED}, --version, 1.7.10, --tweakClass, cpw.mods.fml.common.launcher.FMLTweaker, --tweakClass, net.minecraftforge.gradle.tweakers.CoremodTweaker]
[10:46:04] [main/INFO] [LaunchWrapper]: Loading tweak class name cpw.mods.fml.common.launcher.FMLTweaker
[10:46:04] [main/INFO] [LaunchWrapper]: Using primary tweak class name cpw.mods.fml.common.launcher.FMLTweaker
[10:46:04] [main/INFO] [LaunchWrapper]: Loading tweak class name net.minecraftforge.gradle.tweakers.CoremodTweaker
[10:46:04] [main/INFO] [LaunchWrapper]: Calling tweak class cpw.mods.fml.common.launcher.FMLTweaker
[10:49:19] [main/INFO] [GradleStart]: Extra: []
[10:49:19] [main/INFO] [GradleStart]: Found and added coremod: com.mod.htgt6.BiomeLoadingPlugin
[10:49:19] [main/INFO] [GradleStart]: Running with arguments: [--userProperties, {}, --assetsDir, C:/Users/brawl/.gradle/caches/minecraft/assets, --assetIndex, 1.7.10, --accessToken, {REDACTED}, --version, 1.7.10, --tweakClass, cpw.mods.fml.common.launcher.FMLTweaker, --tweakClass, net.minecraftforge.gradle.tweakers.CoremodTweaker]
[10:49:19] [main/INFO] [LaunchWrapper]: Loading tweak class name cpw.mods.fml.common.launcher.FMLTweaker
[10:49:19] [main/INFO] [LaunchWrapper]: Using primary tweak class name cpw.mods.fml.common.launcher.FMLTweaker
[10:49:19] [main/INFO] [LaunchWrapper]: Loading tweak class name net.minecraftforge.gradle.tweakers.CoremodTweaker
[10:49:19] [main/INFO] [LaunchWrapper]: Calling tweak class cpw.mods.fml.common.launcher.FMLTweaker
[10:51:02] [main/INFO] [GradleStart]: Extra: []
[10:51:02] [main/INFO] [GradleStart]: Found and added coremod: com.mod.htgt6.BiomeLoadingPlugin
[10:51:02] [main/INFO] [GradleStart]: Running with arguments: [--userProperties, {}, --assetsDir, C:/Users/brawl/.gradle/caches/minecraft/assets, --assetIndex, 1.7.10, --accessToken, {REDACTED}, --version, 1.7.10, --tweakClass, cpw.mods.fml.common.launcher.FMLTweaker, --tweakClass, net.minecraftforge.gradle.tweakers.CoremodTweaker]
[10:51:02] [main/INFO] [LaunchWrapper]: Loading tweak class name cpw.mods.fml.common.launcher.FMLTweaker
[10:51:02] [main/INFO] [LaunchWrapper]: Using primary tweak class name cpw.mods.fml.common.launcher.FMLTweaker
[10:51:02] [main/INFO] [LaunchWrapper]: Loading tweak class name net.minecraftforge.gradle.tweakers.CoremodTweaker
[10:51:02] [main/INFO] [LaunchWrapper]: Calling tweak class cpw.mods.fml.common.launcher.FMLTweaker
[10:52:24] [main/INFO] [GradleStart]: Extra: []
[10:52:24] [main/INFO] [GradleStart]: Found and added coremod: com.mod.htgt6.BiomeLoadingPlugin
[10:52:24] [main/INFO] [GradleStart]: Running with arguments: [--userProperties, {}, --assetsDir, C:/Users/brawl/.gradle/caches/minecraft/assets, --assetIndex, 1.7.10, --accessToken, {REDACTED}, --version, 1.7.10, --tweakClass, cpw.mods.fml.common.launcher.FMLTweaker, --tweakClass, net.minecraftforge.gradle.tweakers.CoremodTweaker]
[10:52:24] [main/INFO] [LaunchWrapper]: Loading tweak class name cpw.mods.fml.common.launcher.FMLTweaker
[10:52:24] [main/INFO] [LaunchWrapper]: Using primary tweak class name cpw.mods.fml.common.launcher.FMLTweaker
[10:52:24] [main/INFO] [LaunchWrapper]: Loading tweak class name net.minecraftforge.gradle.tweakers.CoremodTweaker
[10:52:24] [main/INFO] [LaunchWrapper]: Calling tweak class cpw.mods.fml.common.launcher.FMLTweaker
[10:54:00] [main/INFO] [GradleStart]: Extra: []
[10:54:00] [main/INFO] [GradleStart]: Found and added coremod: com.mod.htgt6.BiomeLoadingPlugin
[10:54:00] [main/INFO] [GradleStart]: Running with arguments: [--userProperties, {}, --assetsDir, C:/Users/brawl/.gradle/caches/minecraft/assets, --assetIndex, 1.7.10, --accessToken, {REDACTED}, --version, 1.7.10, --tweakClass, cpw.mods.fml.common.launcher.FMLTweaker, --tweakClass, net.minecraftforge.gradle.tweakers.CoremodTweaker]
[10:54:00] [main/INFO] [LaunchWrapper]: Loading tweak class name cpw.mods.fml.common.launcher.FMLTweaker
[10:54:00] [main/INFO] [LaunchWrapper]: Using primary tweak class name cpw.mods.fml.common.launcher.FMLTweaker
[10:54:00] [main/INFO] [LaunchWrapper]: Loading tweak class name net.minecraftforge.gradle.tweakers.CoremodTweaker
[10:54:00] [main/INFO] [LaunchWrapper]: Calling tweak class cpw.mods.fml.common.launcher.FMLTweaker
[11:06:05] [main/INFO] [GradleStart]: Extra: []
[11:06:05] [main/INFO] [GradleStart]: Found and added coremod: com.mod.htgt6.BiomeLoadingPlugin
[11:06:05] [main/INFO] [GradleStart]: Running with arguments: [--userProperties, {}, --assetsDir, C:/Users/brawl/.gradle/caches/minecraft/assets, --assetIndex, 1.7.10, --accessToken, {REDACTED}, --version, 1.7.10, --tweakClass, cpw.mods.fml.common.launcher.FMLTweaker, --tweakClass, net.minecraftforge.gradle.tweakers.CoremodTweaker]
[11:06:05] [main/INFO] [LaunchWrapper]: Loading tweak class name cpw.mods.fml.common.launcher.FMLTweaker
[11:06:05] [main/INFO] [LaunchWrapper]: Using primary tweak class name cpw.mods.fml.common.launcher.FMLTweaker
[11:06:05] [main/INFO] [LaunchWrapper]: Loading tweak class name net.minecraftforge.gradle.tweakers.CoremodTweaker
[11:06:05] [main/INFO] [LaunchWrapper]: Calling tweak class cpw.mods.fml.common.launcher.FMLTweaker
[11:11:17] [main/INFO] [GradleStart]: Extra: []
[11:11:17] [main/INFO] [GradleStart]: Found and added coremod: com.mod.htgt6.BiomeLoadingPlugin
[11:11:17] [main/INFO] [GradleStart]: Running with arguments: [--userProperties, {}, --assetsDir, C:/Users/brawl/.gradle/caches/minecraft/assets, --assetIndex, 1.7.10, --accessToken, {REDACTED}, --version, 1.7.10, --tweakClass, cpw.mods.fml.common.launcher.FMLTweaker, --tweakClass, net.minecraftforge.gradle.tweakers.CoremodTweaker]
[11:11:17] [main/INFO] [LaunchWrapper]: Loading tweak class name cpw.mods.fml.common.launcher.FMLTweaker
[11:11:17] [main/INFO] [LaunchWrapper]: Using primary tweak class name cpw.mods.fml.common.launcher.FMLTweaker
[11:11:17] [main/INFO] [LaunchWrapper]: Loading tweak class name net.minecraftforge.gradle.tweakers.CoremodTweaker
[11:11:17] [main/INFO] [LaunchWrapper]: Calling tweak class cpw.mods.fml.common.launcher.FMLTweaker
[11:16:21] [main/INFO] [GradleStart]: Extra: []
[11:16:21] [main/INFO] [GradleStart]: Found and added coremod: com.mod.htgt6.BiomeLoadingPlugin
[11:16:21] [main/INFO] [GradleStart]: Running with arguments: [--userProperties, {}, --assetsDir, C:/Users/brawl/.gradle/caches/minecraft/assets, --assetIndex, 1.7.10, --accessToken, {REDACTED}, --version, 1.7.10, --tweakClass, cpw.mods.fml.common.launcher.FMLTweaker, --tweakClass, net.minecraftforge.gradle.tweakers.CoremodTweaker]
[11:16:21] [main/INFO] [LaunchWrapper]: Loading tweak class name cpw.mods.fml.common.launcher.FMLTweaker
[11:16:21] [main/INFO] [LaunchWrapper]: Using primary tweak class name cpw.mods.fml.common.launcher.FMLTweaker
[11:16:21] [main/INFO] [LaunchWrapper]: Loading tweak class name net.minecraftforge.gradle.tweakers.CoremodTweaker
[11:16:21] [main/INFO] [LaunchWrapper]: Calling tweak class cpw.mods.fml.common.launcher.FMLTweaker
[11:17:25] [main/INFO] [GradleStart]: Extra: []
[11:17:25] [main/INFO] [GradleStart]: Found and added coremod: com.mod.htgt6.BiomeLoadingPlugin
[11:17:25] [main/INFO] [GradleStart]: Running with arguments: [--userProperties, {}, --assetsDir, C:/Users/brawl/.gradle/caches/minecraft/assets, --assetIndex, 1.7.10, --accessToken, {REDACTED}, --version, 1.7.10, --tweakClass, cpw.mods.fml.common.launcher.FMLTweaker, --tweakClass, net.minecraftforge.gradle.tweakers.CoremodTweaker]
[11:17:25] [main/INFO] [LaunchWrapper]: Loading tweak class name cpw.mods.fml.common.launcher.FMLTweaker
[11:17:25] [main/INFO] [LaunchWrapper]: Using primary tweak class name cpw.mods.fml.common.launcher.FMLTweaker
[11:17:25] [main/INFO] [LaunchWrapper]: Loading tweak class name net.minecraftforge.gradle.tweakers.CoremodTweaker
[11:17:25] [main/INFO] [LaunchWrapper]: Calling tweak class cpw.mods.fml.common.launcher.FMLTweaker
[11:20:03] [main/INFO] [GradleStart]: Extra: []
[11:20:03] [main/INFO] [GradleStart]: Found and added coremod: com.mod.htgt6.BiomeLoadingPlugin
[11:20:03] [main/INFO] [GradleStart]: Running with arguments: [--userProperties, {}, --assetsDir, C:/Users/brawl/.gradle/caches/minecraft/assets, --assetIndex, 1.7.10, --accessToken, {REDACTED}, --version, 1.7.10, --tweakClass, cpw.mods.fml.common.launcher.FMLTweaker, --tweakClass, net.minecraftforge.gradle.tweakers.CoremodTweaker]
[11:20:03] [main/INFO] [LaunchWrapper]: Loading tweak class name cpw.mods.fml.common.launcher.FMLTweaker
[11:20:03] [main/INFO] [LaunchWrapper]: Using primary tweak class name cpw.mods.fml.common.launcher.FMLTweaker
[11:20:03] [main/INFO] [LaunchWrapper]: Loading tweak class name net.minecraftforge.gradle.tweakers.CoremodTweaker
[11:20:03] [main/INFO] [LaunchWrapper]: Calling tweak class cpw.mods.fml.common.launcher.FMLTweaker
[11:24:56] [main/INFO] [GradleStart]: Extra: []
[11:24:56] [main/INFO] [GradleStart]: Found and added coremod: com.mod.htgt6.BiomeLoadingPlugin
[11:24:56] [main/INFO] [GradleStart]: Running with arguments: [--userProperties, {}, --assetsDir, C:/Users/brawl/.gradle/caches/minecraft/assets, --assetIndex, 1.7.10, --accessToken, {REDACTED}, --version, 1.7.10, --tweakClass, cpw.mods.fml.common.launcher.FMLTweaker, --tweakClass, net.minecraftforge.gradle.tweakers.CoremodTweaker]
[11:24:56] [main/INFO] [LaunchWrapper]: Loading tweak class name cpw.mods.fml.common.launcher.FMLTweaker
[11:24:56] [main/INFO] [LaunchWrapper]: Using primary tweak class name cpw.mods.fml.common.launcher.FMLTweaker
[11:24:56] [main/INFO] [LaunchWrapper]: Loading tweak class name net.minecraftforge.gradle.tweakers.CoremodTweaker
[11:24:56] [main/INFO] [LaunchWrapper]: Calling tweak class cpw.mods.fml.common.launcher.FMLTweaker
[11:29:49] [main/INFO] [GradleStart]: Extra: []
[11:29:49] [main/INFO] [GradleStart]: Found and added coremod: com.mod.htgt6.BiomeLoadingPlugin
[11:29:49] [main/INFO] [GradleStart]: Running with arguments: [--userProperties, {}, --assetsDir, C:/Users/brawl/.gradle/caches/minecraft/assets, --assetIndex, 1.7.10, --accessToken, {REDACTED}, --version, 1.7.10, --tweakClass, cpw.mods.fml.common.launcher.FMLTweaker, --tweakClass, net.minecraftforge.gradle.tweakers.CoremodTweaker]
[11:29:49] [main/INFO] [LaunchWrapper]: Loading tweak class name cpw.mods.fml.common.launcher.FMLTweaker
[11:29:49] [main/INFO] [LaunchWrapper]: Using primary tweak class name cpw.mods.fml.common.launcher.FMLTweaker
[11:29:49] [main/INFO] [LaunchWrapper]: Loading tweak class name net.minecraftforge.gradle.tweakers.CoremodTweaker
[11:29:49] [main/INFO] [LaunchWrapper]: Calling tweak class cpw.mods.fml.common.launcher.FMLTweaker
[11:32:23] [main/INFO] [GradleStart]: Extra: []
[11:32:23] [main/INFO] [GradleStart]: Found and added coremod: com.mod.htgt6.BiomeLoadingPlugin
[11:32:23] [main/INFO] [GradleStart]: Running with arguments: [--userProperties, {}, --assetsDir, C:/Users/brawl/.gradle/caches/minecraft/assets, --assetIndex, 1.7.10, --accessToken, {REDACTED}, --version, 1.7.10, --tweakClass, cpw.mods.fml.common.launcher.FMLTweaker, --tweakClass, net.minecraftforge.gradle.tweakers.CoremodTweaker]
[11:32:23] [main/INFO] [LaunchWrapper]: Loading tweak class name cpw.mods.fml.common.launcher.FMLTweaker
[11:32:23] [main/INFO] [LaunchWrapper]: Using primary tweak class name cpw.mods.fml.common.launcher.FMLTweaker
[11:32:23] [main/INFO] [LaunchWrapper]: Loading tweak class name net.minecraftforge.gradle.tweakers.CoremodTweaker
[11:32:23] [main/INFO] [LaunchWrapper]: Calling tweak class cpw.mods.fml.common.launcher.FMLTweaker
[11:35:30] [main/INFO] [GradleStart]: Extra: []
[11:35:30] [main/INFO] [GradleStart]: Found and added coremod: com.mod.htgt6.BiomeLoadingPlugin
[11:35:30] [main/INFO] [GradleStart]: Running with arguments: [--userProperties, {}, --assetsDir, C:/Users/brawl/.gradle/caches/minecraft/assets, --assetIndex, 1.7.10, --accessToken, {REDACTED}, --version, 1.7.10, --tweakClass, cpw.mods.fml.common.launcher.FMLTweaker, --tweakClass, net.minecraftforge.gradle.tweakers.CoremodTweaker]
[11:35:30] [main/INFO] [LaunchWrapper]: Loading tweak class name cpw.mods.fml.common.launcher.FMLTweaker
[11:35:30] [main/INFO] [LaunchWrapper]: Using primary tweak class name cpw.mods.fml.common.launcher.FMLTweaker
[11:35:30] [main/INFO] [LaunchWrapper]: Loading tweak class name net.minecraftforge.gradle.tweakers.CoremodTweaker
[11:35:30] [main/INFO] [LaunchWrapper]: Calling tweak class cpw.mods.fml.common.launcher.FMLTweaker
[11:49:59] [main/INFO] [GradleStart]: Extra: []
[11:49:59] [main/INFO] [GradleStart]: Found and added coremod: com.mod.htgt6.BiomeLoadingPlugin
[11:49:59] [main/INFO] [GradleStart]: Running with arguments: [--userProperties, {}, --assetsDir, C:/Users/brawl/.gradle/caches/minecraft/assets, --assetIndex, 1.7.10, --accessToken, {REDACTED}, --version, 1.7.10, --tweakClass, cpw.mods.fml.common.launcher.FMLTweaker, --tweakClass, net.minecraftforge.gradle.tweakers.CoremodTweaker]
[11:49:59] [main/INFO] [LaunchWrapper]: Loading tweak class name cpw.mods.fml.common.launcher.FMLTweaker
[11:49:59] [main/INFO] [LaunchWrapper]: Using primary tweak class name cpw.mods.fml.common.launcher.FMLTweaker
[11:49:59] [main/INFO] [LaunchWrapper]: Loading tweak class name net.minecraftforge.gradle.tweakers.CoremodTweaker
[11:49:59] [main/INFO] [LaunchWrapper]: Calling tweak class cpw.mods.fml.common.launcher.FMLTweaker
[11:54:01] [main/INFO] [GradleStart]: Extra: []
[11:54:01] [main/INFO] [GradleStart]: Found and added coremod: com.mod.htgt6.BiomeLoadingPlugin
[11:54:01] [main/INFO] [GradleStart]: Running with arguments: [--userProperties, {}, --assetsDir, C:/Users/brawl/.gradle/caches/minecraft/assets, --assetIndex, 1.7.10, --accessToken, {REDACTED}, --version, 1.7.10, --tweakClass, cpw.mods.fml.common.launcher.FMLTweaker, --tweakClass, net.minecraftforge.gradle.tweakers.CoremodTweaker]
[11:54:01] [main/INFO] [LaunchWrapper]: Loading tweak class name cpw.mods.fml.common.launcher.FMLTweaker
[11:54:01] [main/INFO] [LaunchWrapper]: Using primary tweak class name cpw.mods.fml.common.launcher.FMLTweaker
[11:54:01] [main/INFO] [LaunchWrapper]: Loading tweak class name net.minecraftforge.gradle.tweakers.CoremodTweaker
[11:54:01] [main/INFO] [LaunchWrapper]: Calling tweak class cpw.mods.fml.common.launcher.FMLTweaker
[11:56:38] [main/INFO] [GradleStart]: Extra: []
[11:56:39] [main/INFO] [GradleStart]: Found and added coremod: com.mod.htgt6.BiomeLoadingPlugin
[11:56:39] [main/INFO] [GradleStart]: Running with arguments: [--userProperties, {}, --assetsDir, C:/Users/brawl/.gradle/caches/minecraft/assets, --assetIndex, 1.7.10, --accessToken, {REDACTED}, --version, 1.7.10, --tweakClass, cpw.mods.fml.common.launcher.FMLTweaker, --tweakClass, net.minecraftforge.gradle.tweakers.CoremodTweaker]
[11:56:39] [main/INFO] [LaunchWrapper]: Loading tweak class name cpw.mods.fml.common.launcher.FMLTweaker
[11:56:39] [main/INFO] [LaunchWrapper]: Using primary tweak class name cpw.mods.fml.common.launcher.FMLTweaker
[11:56:39] [main/INFO] [LaunchWrapper]: Loading tweak class name net.minecraftforge.gradle.tweakers.CoremodTweaker
[11:56:39] [main/INFO] [LaunchWrapper]: Calling tweak class cpw.mods.fml.common.launcher.FMLTweaker
[12:00:28] [main/INFO] [GradleStart]: Extra: []
[12:00:28] [main/INFO] [GradleStart]: Found and added coremod: com.mod.htgt6.BiomeLoadingPlugin
[12:00:28] [main/INFO] [GradleStart]: Running with arguments: [--userProperties, {}, --assetsDir, C:/Users/brawl/.gradle/caches/minecraft/assets, --assetIndex, 1.7.10, --accessToken, {REDACTED}, --version, 1.7.10, --tweakClass, cpw.mods.fml.common.launcher.FMLTweaker, --tweakClass, net.minecraftforge.gradle.tweakers.CoremodTweaker]
[12:00:28] [main/INFO] [LaunchWrapper]: Loading tweak class name cpw.mods.fml.common.launcher.FMLTweaker
[12:00:28] [main/INFO] [LaunchWrapper]: Using primary tweak class name cpw.mods.fml.common.launcher.FMLTweaker
[12:00:28] [main/INFO] [LaunchWrapper]: Loading tweak class name net.minecraftforge.gradle.tweakers.CoremodTweaker
[12:00:28] [main/INFO] [LaunchWrapper]: Calling tweak class cpw.mods.fml.common.launcher.FMLTweaker
[12:01:27] [main/INFO] [GradleStart]: Extra: []
[12:01:27] [main/INFO] [GradleStart]: Found and added coremod: com.mod.htgt6.BiomeLoadingPlugin
[12:01:27] [main/INFO] [GradleStart]: Running with arguments: [--userProperties, {}, --assetsDir, C:/Users/brawl/.gradle/caches/minecraft/assets, --assetIndex, 1.7.10, --accessToken, {REDACTED}, --version, 1.7.10, --tweakClass, cpw.mods.fml.common.launcher.FMLTweaker, --tweakClass, net.minecraftforge.gradle.tweakers.CoremodTweaker]
[12:01:27] [main/INFO] [LaunchWrapper]: Loading tweak class name cpw.mods.fml.common.launcher.FMLTweaker
[12:01:27] [main/INFO] [LaunchWrapper]: Using primary tweak class name cpw.mods.fml.common.launcher.FMLTweaker
[12:01:27] [main/INFO] [LaunchWrapper]: Loading tweak class name net.minecraftforge.gradle.tweakers.CoremodTweaker
[12:01:27] [main/INFO] [LaunchWrapper]: Calling tweak class cpw.mods.fml.common.launcher.FMLTweaker
[12:02:23] [main/INFO] [GradleStart]: Extra: []
[12:02:23] [main/INFO] [GradleStart]: Found and added coremod: com.mod.htgt6.BiomeLoadingPlugin
[12:02:23] [main/INFO] [GradleStart]: Running with arguments: [--userProperties, {}, --assetsDir, C:/Users/brawl/.gradle/caches/minecraft/assets, --assetIndex, 1.7.10, --accessToken, {REDACTED}, --version, 1.7.10, --tweakClass, cpw.mods.fml.common.launcher.FMLTweaker, --tweakClass, net.minecraftforge.gradle.tweakers.CoremodTweaker]
[12:02:23] [main/INFO] [LaunchWrapper]: Loading tweak class name cpw.mods.fml.common.launcher.FMLTweaker
[12:02:23] [main/INFO] [LaunchWrapper]: Using primary tweak class name cpw.mods.fml.common.launcher.FMLTweaker
[12:02:23] [main/INFO] [LaunchWrapper]: Loading tweak class name net.minecraftforge.gradle.tweakers.CoremodTweaker
[12:02:23] [main/INFO] [LaunchWrapper]: Calling tweak class cpw.mods.fml.common.launcher.FMLTweaker
[12:04:02] [main/INFO] [GradleStart]: Extra: []
[12:04:02] [main/INFO] [GradleStart]: Found and added coremod: com.mod.htgt6.BiomeLoadingPlugin
[12:04:02] [main/INFO] [GradleStart]: Running with arguments: [--userProperties, {}, --assetsDir, C:/Users/brawl/.gradle/caches/minecraft/assets, --assetIndex, 1.7.10, --accessToken, {REDACTED}, --version, 1.7.10, --tweakClass, cpw.mods.fml.common.launcher.FMLTweaker, --tweakClass, net.minecraftforge.gradle.tweakers.CoremodTweaker]
[12:04:02] [main/INFO] [LaunchWrapper]: Loading tweak class name cpw.mods.fml.common.launcher.FMLTweaker
[12:04:02] [main/INFO] [LaunchWrapper]: Using primary tweak class name cpw.mods.fml.common.launcher.FMLTweaker
[12:04:02] [main/INFO] [LaunchWrapper]: Loading tweak class name net.minecraftforge.gradle.tweakers.CoremodTweaker
[12:04:02] [main/INFO] [LaunchWrapper]: Calling tweak class cpw.mods.fml.common.launcher.FMLTweaker
[12:07:18] [main/INFO] [GradleStart]: Extra: []
[12:07:18] [main/INFO] [GradleStart]: Found and added coremod: com.mod.htgt6.BiomeLoadingPlugin
[12:07:18] [main/INFO] [GradleStart]: Running with arguments: [--userProperties, {}, --assetsDir, C:/Users/brawl/.gradle/caches/minecraft/assets, --assetIndex, 1.7.10, --accessToken, {REDACTED}, --version, 1.7.10, --tweakClass, cpw.mods.fml.common.launcher.FMLTweaker, --tweakClass, net.minecraftforge.gradle.tweakers.CoremodTweaker]
[12:07:18] [main/INFO] [LaunchWrapper]: Loading tweak class name cpw.mods.fml.common.launcher.FMLTweaker
[12:07:18] [main/INFO] [LaunchWrapper]: Using primary tweak class name cpw.mods.fml.common.launcher.FMLTweaker
[12:07:18] [main/INFO] [LaunchWrapper]: Loading tweak class name net.minecraftforge.gradle.tweakers.CoremodTweaker
[12:07:18] [main/INFO] [LaunchWrapper]: Calling tweak class cpw.mods.fml.common.launcher.FMLTweaker
[12:08:25] [main/INFO] [GradleStart]: Extra: []
[12:08:25] [main/INFO] [GradleStart]: Found and added coremod: com.mod.htgt6.BiomeLoadingPlugin
[12:08:25] [main/INFO] [GradleStart]: Running with arguments: [--userProperties, {}, --assetsDir, C:/Users/brawl/.gradle/caches/minecraft/assets, --assetIndex, 1.7.10, --accessToken, {REDACTED}, --version, 1.7.10, --tweakClass, cpw.mods.fml.common.launcher.FMLTweaker, --tweakClass, net.minecraftforge.gradle.tweakers.CoremodTweaker]
[12:08:25] [main/INFO] [LaunchWrapper]: Loading tweak class name cpw.mods.fml.common.launcher.FMLTweaker
[12:08:25] [main/INFO] [LaunchWrapper]: Using primary tweak class name cpw.mods.fml.common.launcher.FMLTweaker
[12:08:25] [main/INFO] [LaunchWrapper]: Loading tweak class name net.minecraftforge.gradle.tweakers.CoremodTweaker
[12:08:25] [main/INFO] [LaunchWrapper]: Calling tweak class cpw.mods.fml.common.launcher.FMLTweaker
[12:09:28] [main/INFO] [GradleStart]: Extra: []
[12:09:28] [main/INFO] [GradleStart]: Found and added coremod: com.mod.htgt6.BiomeLoadingPlugin
[12:09:28] [main/INFO] [GradleStart]: Running with arguments: [--userProperties, {}, --assetsDir, C:/Users/brawl/.gradle/caches/minecraft/assets, --assetIndex, 1.7.10, --accessToken, {REDACTED}, --version, 1.7.10, --tweakClass, cpw.mods.fml.common.launcher.FMLTweaker, --tweakClass, net.minecraftforge.gradle.tweakers.CoremodTweaker]
[12:09:28] [main/INFO] [LaunchWrapper]: Loading tweak class name cpw.mods.fml.common.launcher.FMLTweaker
[12:09:28] [main/INFO] [LaunchWrapper]: Using primary tweak class name cpw.mods.fml.common.launcher.FMLTweaker
[12:09:28] [main/INFO] [LaunchWrapper]: Loading tweak class name net.minecraftforge.gradle.tweakers.CoremodTweaker
[12:09:28] [main/INFO] [LaunchWrapper]: Calling tweak class cpw.mods.fml.common.launcher.FMLTweaker
[12:10:19] [main/INFO] [GradleStart]: Extra: []
[12:10:19] [main/INFO] [GradleStart]: Found and added coremod: com.mod.htgt6.BiomeLoadingPlugin
[12:10:19] [main/INFO] [GradleStart]: Running with arguments: [--userProperties, {}, --assetsDir, C:/Users/brawl/.gradle/caches/minecraft/assets, --assetIndex, 1.7.10, --accessToken, {REDACTED}, --version, 1.7.10, --tweakClass, cpw.mods.fml.common.launcher.FMLTweaker, --tweakClass, net.minecraftforge.gradle.tweakers.CoremodTweaker]
[12:10:19] [main/INFO] [LaunchWrapper]: Loading tweak class name cpw.mods.fml.common.launcher.FMLTweaker
[12:10:19] [main/INFO] [LaunchWrapper]: Using primary tweak class name cpw.mods.fml.common.launcher.FMLTweaker
[12:10:19] [main/INFO] [LaunchWrapper]: Loading tweak class name net.minecraftforge.gradle.tweakers.CoremodTweaker
[12:10:19] [main/INFO] [LaunchWrapper]: Calling tweak class cpw.mods.fml.common.launcher.FMLTweaker
[12:11:11] [main/INFO] [GradleStart]: Extra: []
[12:11:11] [main/INFO] [GradleStart]: Found and added coremod: com.mod.htgt6.BiomeLoadingPlugin
[12:11:11] [main/INFO] [GradleStart]: Running with arguments: [--userProperties, {}, --assetsDir, C:/Users/brawl/.gradle/caches/minecraft/assets, --assetIndex, 1.7.10, --accessToken, {REDACTED}, --version, 1.7.10, --tweakClass, cpw.mods.fml.common.launcher.FMLTweaker, --tweakClass, net.minecraftforge.gradle.tweakers.CoremodTweaker]
[12:11:11] [main/INFO] [LaunchWrapper]: Loading tweak class name cpw.mods.fml.common.launcher.FMLTweaker
[12:11:11] [main/INFO] [LaunchWrapper]: Using primary tweak class name cpw.mods.fml.common.launcher.FMLTweaker
[12:11:11] [main/INFO] [LaunchWrapper]: Loading tweak class name net.minecraftforge.gradle.tweakers.CoremodTweaker
[12:11:11] [main/INFO] [LaunchWrapper]: Calling tweak class cpw.mods.fml.common.launcher.FMLTweaker
[12:11:49] [main/INFO] [GradleStart]: Extra: []
[12:11:49] [main/INFO] [GradleStart]: Found and added coremod: com.mod.htgt6.BiomeLoadingPlugin
[12:11:49] [main/INFO] [GradleStart]: Running with arguments: [--userProperties, {}, --assetsDir, C:/Users/brawl/.gradle/caches/minecraft/assets, --assetIndex, 1.7.10, --accessToken, {REDACTED}, --version, 1.7.10, --tweakClass, cpw.mods.fml.common.launcher.FMLTweaker, --tweakClass, net.minecraftforge.gradle.tweakers.CoremodTweaker]
[12:11:49] [main/INFO] [LaunchWrapper]: Loading tweak class name cpw.mods.fml.common.launcher.FMLTweaker
[12:11:49] [main/INFO] [LaunchWrapper]: Using primary tweak class name cpw.mods.fml.common.launcher.FMLTweaker
[12:11:49] [main/INFO] [LaunchWrapper]: Loading tweak class name net.minecraftforge.gradle.tweakers.CoremodTweaker
[12:11:49] [main/INFO] [LaunchWrapper]: Calling tweak class cpw.mods.fml.common.launcher.FMLTweaker
[12:13:23] [main/INFO] [GradleStart]: Extra: []
[12:13:23] [main/INFO] [GradleStart]: Found and added coremod: com.mod.htgt6.BiomeLoadingPlugin
[12:13:23] [main/INFO] [GradleStart]: Running with arguments: [--userProperties, {}, --assetsDir, C:/Users/brawl/.gradle/caches/minecraft/assets, --assetIndex, 1.7.10, --accessToken, {REDACTED}, --version, 1.7.10, --tweakClass, cpw.mods.fml.common.launcher.FMLTweaker, --tweakClass, net.minecraftforge.gradle.tweakers.CoremodTweaker]
[12:13:23] [main/INFO] [LaunchWrapper]: Loading tweak class name cpw.mods.fml.common.launcher.FMLTweaker
[12:13:23] [main/INFO] [LaunchWrapper]: Using primary tweak class name cpw.mods.fml.common.launcher.FMLTweaker
[12:13:23] [main/INFO] [LaunchWrapper]: Loading tweak class name net.minecraftforge.gradle.tweakers.CoremodTweaker
[12:13:23] [main/INFO] [LaunchWrapper]: Calling tweak class cpw.mods.fml.common.launcher.FMLTweaker
[12:16:29] [main/INFO] [GradleStart]: Extra: []
[12:16:29] [main/INFO] [GradleStart]: Found and added coremod: com.mod.htgt6.BiomeLoadingPlugin
[12:16:29] [main/INFO] [GradleStart]: Running with arguments: [--userProperties, {}, --assetsDir, C:/Users/brawl/.gradle/caches/minecraft/assets, --assetIndex, 1.7.10, --accessToken, {REDACTED}, --version, 1.7.10, --tweakClass, cpw.mods.fml.common.launcher.FMLTweaker, --tweakClass, net.minecraftforge.gradle.tweakers.CoremodTweaker]
[12:16:29] [main/INFO] [LaunchWrapper]: Loading tweak class name cpw.mods.fml.common.launcher.FMLTweaker
[12:16:29] [main/INFO] [LaunchWrapper]: Using primary tweak class name cpw.mods.fml.common.launcher.FMLTweaker
[12:16:29] [main/INFO] [LaunchWrapper]: Loading tweak class name net.minecraftforge.gradle.tweakers.CoremodTweaker
[12:16:29] [main/INFO] [LaunchWrapper]: Calling tweak class cpw.mods.fml.common.launcher.FMLTweaker
[12:17:34] [main/INFO] [GradleStart]: Extra: []
[12:17:34] [main/INFO] [GradleStart]: Found and added coremod: com.mod.htgt6.BiomeLoadingPlugin
[12:17:34] [main/INFO] [GradleStart]: Running with arguments: [--userProperties, {}, --assetsDir, C:/Users/brawl/.gradle/caches/minecraft/assets, --assetIndex, 1.7.10, --accessToken, {REDACTED}, --version, 1.7.10, --tweakClass, cpw.mods.fml.common.launcher.FMLTweaker, --tweakClass, net.minecraftforge.gradle.tweakers.CoremodTweaker]
[12:17:34] [main/INFO] [LaunchWrapper]: Loading tweak class name cpw.mods.fml.common.launcher.FMLTweaker
[12:17:34] [main/INFO] [LaunchWrapper]: Using primary tweak class name cpw.mods.fml.common.launcher.FMLTweaker
[12:17:34] [main/INFO] [LaunchWrapper]: Loading tweak class name net.minecraftforge.gradle.tweakers.CoremodTweaker
[12:17:34] [main/INFO] [LaunchWrapper]: Calling tweak class cpw.mods.fml.common.launcher.FMLTweaker
[12:18:35] [main/INFO] [GradleStart]: Extra: []
[12:18:35] [main/INFO] [GradleStart]: Found and added coremod: com.mod.htgt6.BiomeLoadingPlugin
[12:18:35] [main/INFO] [GradleStart]: Running with arguments: [--userProperties, {}, --assetsDir, C:/Users/brawl/.gradle/caches/minecraft/assets, --assetIndex, 1.7.10, --accessToken, {REDACTED}, --version, 1.7.10, --tweakClass, cpw.mods.fml.common.launcher.FMLTweaker, --tweakClass, net.minecraftforge.gradle.tweakers.CoremodTweaker]
[12:18:35] [main/INFO] [LaunchWrapper]: Loading tweak class name cpw.mods.fml.common.launcher.FMLTweaker
[12:18:35] [main/INFO] [LaunchWrapper]: Using primary tweak class name cpw.mods.fml.common.launcher.FMLTweaker
[12:18:35] [main/INFO] [LaunchWrapper]: Loading tweak class name net.minecraftforge.gradle.tweakers.CoremodTweaker
[12:18:35] [main/INFO] [LaunchWrapper]: Calling tweak class cpw.mods.fml.common.launcher.FMLTweaker
[12:25:23] [main/INFO] [GradleStart]: Extra: []
[12:25:23] [main/INFO] [GradleStart]: Found and added coremod: com.mod.htgt6.BiomeLoadingPlugin
[12:25:23] [main/INFO] [GradleStart]: Running with arguments: [--userProperties, {}, --assetsDir, C:/Users/brawl/.gradle/caches/minecraft/assets, --assetIndex, 1.7.10, --accessToken, {REDACTED}, --version, 1.7.10, --tweakClass, cpw.mods.fml.common.launcher.FMLTweaker, --tweakClass, net.minecraftforge.gradle.tweakers.CoremodTweaker]
[12:25:23] [main/INFO] [LaunchWrapper]: Loading tweak class name cpw.mods.fml.common.launcher.FMLTweaker
[12:25:23] [main/INFO] [LaunchWrapper]: Using primary tweak class name cpw.mods.fml.common.launcher.FMLTweaker
[12:25:23] [main/INFO] [LaunchWrapper]: Loading tweak class name net.minecraftforge.gradle.tweakers.CoremodTweaker
[12:25:23] [main/INFO] [LaunchWrapper]: Calling tweak class cpw.mods.fml.common.launcher.FMLTweaker
[12:28:54] [main/INFO] [GradleStart]: Extra: []
[12:28:55] [main/INFO] [GradleStart]: Found and added coremod: com.mod.htgt6.BiomeLoadingPlugin
[12:28:55] [main/INFO] [GradleStart]: Running with arguments: [--userProperties, {}, --assetsDir, C:/Users/brawl/.gradle/caches/minecraft/assets, --assetIndex, 1.7.10, --accessToken, {REDACTED}, --version, 1.7.10, --tweakClass, cpw.mods.fml.common.launcher.FMLTweaker, --tweakClass, net.minecraftforge.gradle.tweakers.CoremodTweaker]
[12:28:55] [main/INFO] [LaunchWrapper]: Loading tweak class name cpw.mods.fml.common.launcher.FMLTweaker
[12:28:55] [main/INFO] [LaunchWrapper]: Using primary tweak class name cpw.mods.fml.common.launcher.FMLTweaker
[12:28:55] [main/INFO] [LaunchWrapper]: Loading tweak class name net.minecraftforge.gradle.tweakers.CoremodTweaker
[12:28:55] [main/INFO] [LaunchWrapper]: Calling tweak class cpw.mods.fml.common.launcher.FMLTweaker
[12:30:40] [main/INFO] [GradleStart]: Extra: []
[12:30:40] [main/INFO] [GradleStart]: Found and added coremod: com.mod.htgt6.BiomeLoadingPlugin
[12:30:40] [main/INFO] [GradleStart]: Running with arguments: [--userProperties, {}, --assetsDir, C:/Users/brawl/.gradle/caches/minecraft/assets, --assetIndex, 1.7.10, --accessToken, {REDACTED}, --version, 1.7.10, --tweakClass, cpw.mods.fml.common.launcher.FMLTweaker, --tweakClass, net.minecraftforge.gradle.tweakers.CoremodTweaker]
[12:30:40] [main/INFO] [LaunchWrapper]: Loading tweak class name cpw.mods.fml.common.launcher.FMLTweaker
[12:30:40] [main/INFO] [LaunchWrapper]: Using primary tweak class name cpw.mods.fml.common.launcher.FMLTweaker
[12:30:40] [main/INFO] [LaunchWrapper]: Loading tweak class name net.minecraftforge.gradle.tweakers.CoremodTweaker
[12:30:40] [main/INFO] [LaunchWrapper]: Calling tweak class cpw.mods.fml.common.launcher.FMLTweaker
[12:31:57] [main/INFO] [GradleStart]: Extra: []
[12:31:57] [main/INFO] [GradleStart]: Found and added coremod: com.mod.htgt6.BiomeLoadingPlugin
[12:31:57] [main/INFO] [GradleStart]: Running with arguments: [--userProperties, {}, --assetsDir, C:/Users/brawl/.gradle/caches/minecraft/assets, --assetIndex, 1.7.10, --accessToken, {REDACTED}, --version, 1.7.10, --tweakClass, cpw.mods.fml.common.launcher.FMLTweaker, --tweakClass, net.minecraftforge.gradle.tweakers.CoremodTweaker]
[12:31:57] [main/INFO] [LaunchWrapper]: Loading tweak class name cpw.mods.fml.common.launcher.FMLTweaker
[12:31:57] [main/INFO] [LaunchWrapper]: Using primary tweak class name cpw.mods.fml.common.launcher.FMLTweaker
[12:31:57] [main/INFO] [LaunchWrapper]: Loading tweak class name net.minecraftforge.gradle.tweakers.CoremodTweaker
[12:31:57] [main/INFO] [LaunchWrapper]: Calling tweak class cpw.mods.fml.common.launcher.FMLTweaker
[12:32:57] [main/INFO] [GradleStart]: Extra: []
[12:32:57] [main/INFO] [GradleStart]: Found and added coremod: com.mod.htgt6.BiomeLoadingPlugin
[12:32:57] [main/INFO] [GradleStart]: Running with arguments: [--userProperties, {}, --assetsDir, C:/Users/brawl/.gradle/caches/minecraft/assets, --assetIndex, 1.7.10, --accessToken, {REDACTED}, --version, 1.7.10, --tweakClass, cpw.mods.fml.common.launcher.FMLTweaker, --tweakClass, net.minecraftforge.gradle.tweakers.CoremodTweaker]
[12:32:57] [main/INFO] [LaunchWrapper]: Loading tweak class name cpw.mods.fml.common.launcher.FMLTweaker
[12:32:57] [main/INFO] [LaunchWrapper]: Using primary tweak class name cpw.mods.fml.common.launcher.FMLTweaker
[12:32:57] [main/INFO] [LaunchWrapper]: Loading tweak class name net.minecraftforge.gradle.tweakers.CoremodTweaker
[12:32:57] [main/INFO] [LaunchWrapper]: Calling tweak class cpw.mods.fml.common.launcher.FMLTweaker
[12:33:50] [main/INFO] [GradleStart]: Extra: []
[12:33:50] [main/INFO] [GradleStart]: Found and added coremod: com.mod.htgt6.BiomeLoadingPlugin
[12:33:50] [main/INFO] [GradleStart]: Running with arguments: [--userProperties, {}, --assetsDir, C:/Users/brawl/.gradle/caches/minecraft/assets, --assetIndex, 1.7.10, --accessToken, {REDACTED}, --version, 1.7.10, --tweakClass, cpw.mods.fml.common.launcher.FMLTweaker, --tweakClass, net.minecraftforge.gradle.tweakers.CoremodTweaker]
[12:33:50] [main/INFO] [LaunchWrapper]: Loading tweak class name cpw.mods.fml.common.launcher.FMLTweaker
[12:33:50] [main/INFO] [LaunchWrapper]: Using primary tweak class name cpw.mods.fml.common.launcher.FMLTweaker
[12:33:50] [main/INFO] [LaunchWrapper]: Loading tweak class name net.minecraftforge.gradle.tweakers.CoremodTweaker
[12:33:50] [main/INFO] [LaunchWrapper]: Calling tweak class cpw.mods.fml.common.launcher.FMLTweaker
[12:38:04] [main/INFO] [GradleStart]: Extra: []
[12:38:04] [main/INFO] [GradleStart]: Found and added coremod: com.mod.htgt6.BiomeLoadingPlugin
[12:38:04] [main/INFO] [GradleStart]: Running with arguments: [--userProperties, {}, --assetsDir, C:/Users/brawl/.gradle/caches/minecraft/assets, --assetIndex, 1.7.10, --accessToken, {REDACTED}, --version, 1.7.10, --tweakClass, cpw.mods.fml.common.launcher.FMLTweaker, --tweakClass, net.minecraftforge.gradle.tweakers.CoremodTweaker]
[12:38:04] [main/INFO] [LaunchWrapper]: Loading tweak class name cpw.mods.fml.common.launcher.FMLTweaker
[12:38:04] [main/INFO] [LaunchWrapper]: Using primary tweak class name cpw.mods.fml.common.launcher.FMLTweaker
[12:38:04] [main/INFO] [LaunchWrapper]: Loading tweak class name net.minecraftforge.gradle.tweakers.CoremodTweaker
[12:38:04] [main/INFO] [LaunchWrapper]: Calling tweak class cpw.mods.fml.common.launcher.FMLTweaker
[12:44:48] [main/INFO] [GradleStart]: Extra: []
[12:44:48] [main/INFO] [GradleStart]: Found and added coremod: com.mod.htgt6.BiomeLoadingPlugin
[12:44:48] [main/INFO] [GradleStart]: Running with arguments: [--userProperties, {}, --assetsDir, C:/Users/brawl/.gradle/caches/minecraft/assets, --assetIndex, 1.7.10, --accessToken, {REDACTED}, --version, 1.7.10, --tweakClass, cpw.mods.fml.common.launcher.FMLTweaker, --tweakClass, net.minecraftforge.gradle.tweakers.CoremodTweaker]
[12:44:48] [main/INFO] [LaunchWrapper]: Loading tweak class name cpw.mods.fml.common.launcher.FMLTweaker
[12:44:48] [main/INFO] [LaunchWrapper]: Using primary tweak class name cpw.mods.fml.common.launcher.FMLTweaker
[12:44:48] [main/INFO] [LaunchWrapper]: Loading tweak class name net.minecraftforge.gradle.tweakers.CoremodTweaker
[12:44:48] [main/INFO] [LaunchWrapper]: Calling tweak class cpw.mods.fml.common.launcher.FMLTweaker
[12:47:18] [main/INFO] [GradleStart]: Extra: []
[12:47:19] [main/INFO] [GradleStart]: Found and added coremod: com.mod.htgt6.BiomeLoadingPlugin
[12:47:19] [main/INFO] [GradleStart]: Running with arguments: [--userProperties, {}, --assetsDir, C:/Users/brawl/.gradle/caches/minecraft/assets, --assetIndex, 1.7.10, --accessToken, {REDACTED}, --version, 1.7.10, --tweakClass, cpw.mods.fml.common.launcher.FMLTweaker, --tweakClass, net.minecraftforge.gradle.tweakers.CoremodTweaker]
[12:47:19] [main/INFO] [LaunchWrapper]: Loading tweak class name cpw.mods.fml.common.launcher.FMLTweaker
[12:47:19] [main/INFO] [LaunchWrapper]: Using primary tweak class name cpw.mods.fml.common.launcher.FMLTweaker
[12:47:19] [main/INFO] [LaunchWrapper]: Loading tweak class name net.minecraftforge.gradle.tweakers.CoremodTweaker
[12:47:19] [main/INFO] [LaunchWrapper]: Calling tweak class cpw.mods.fml.common.launcher.FMLTweaker
[13:05:48] [main/INFO] [GradleStart]: Extra: []
[13:05:48] [main/INFO] [GradleStart]: Found and added coremod: com.mod.htgt6.BiomeLoadingPlugin
[13:05:48] [main/INFO] [GradleStart]: Running with arguments: [--userProperties, {}, --assetsDir, C:/Users/brawl/.gradle/caches/minecraft/assets, --assetIndex, 1.7.10, --accessToken, {REDACTED}, --version, 1.7.10, --tweakClass, cpw.mods.fml.common.launcher.FMLTweaker, --tweakClass, net.minecraftforge.gradle.tweakers.CoremodTweaker]
[13:05:48] [main/INFO] [LaunchWrapper]: Loading tweak class name cpw.mods.fml.common.launcher.FMLTweaker
[13:05:48] [main/INFO] [LaunchWrapper]: Using primary tweak class name cpw.mods.fml.common.launcher.FMLTweaker
[13:05:48] [main/INFO] [LaunchWrapper]: Loading tweak class name net.minecraftforge.gradle.tweakers.CoremodTweaker
[13:05:48] [main/INFO] [LaunchWrapper]: Calling tweak class cpw.mods.fml.common.launcher.FMLTweaker
[13:07:15] [main/INFO] [GradleStart]: Extra: []
[13:07:15] [main/INFO] [GradleStart]: Found and added coremod: com.mod.htgt6.BiomeLoadingPlugin
[13:07:15] [main/INFO] [GradleStart]: Running with arguments: [--userProperties, {}, --assetsDir, C:/Users/brawl/.gradle/caches/minecraft/assets, --assetIndex, 1.7.10, --accessToken, {REDACTED}, --version, 1.7.10, --tweakClass, cpw.mods.fml.common.launcher.FMLTweaker, --tweakClass, net.minecraftforge.gradle.tweakers.CoremodTweaker]
[13:07:15] [main/INFO] [LaunchWrapper]: Loading tweak class name cpw.mods.fml.common.launcher.FMLTweaker
[13:07:15] [main/INFO] [LaunchWrapper]: Using primary tweak class name cpw.mods.fml.common.launcher.FMLTweaker
[13:07:15] [main/INFO] [LaunchWrapper]: Loading tweak class name net.minecraftforge.gradle.tweakers.CoremodTweaker
[13:07:15] [main/INFO] [LaunchWrapper]: Calling tweak class cpw.mods.fml.common.launcher.FMLTweaker
[13:14:09] [main/INFO] [GradleStart]: Extra: []
[13:14:09] [main/INFO] [GradleStart]: Found and added coremod: com.mod.htgt6.BiomeLoadingPlugin
[13:14:09] [main/INFO] [GradleStart]: Running with arguments: [--userProperties, {}, --assetsDir, C:/Users/brawl/.gradle/caches/minecraft/assets, --assetIndex, 1.7.10, --accessToken, {REDACTED}, --version, 1.7.10, --tweakClass, cpw.mods.fml.common.launcher.FMLTweaker, --tweakClass, net.minecraftforge.gradle.tweakers.CoremodTweaker]
[13:14:09] [main/INFO] [LaunchWrapper]: Loading tweak class name cpw.mods.fml.common.launcher.FMLTweaker
[13:14:09] [main/INFO] [LaunchWrapper]: Using primary tweak class name cpw.mods.fml.common.launcher.FMLTweaker
[13:14:09] [main/INFO] [LaunchWrapper]: Loading tweak class name net.minecraftforge.gradle.tweakers.CoremodTweaker
[13:14:09] [main/INFO] [LaunchWrapper]: Calling tweak class cpw.mods.fml.common.launcher.FMLTweaker
[13:24:39] [main/INFO] [GradleStart]: Extra: []
[13:24:39] [main/INFO] [GradleStart]: Found and added coremod: com.mod.htgt6.BiomeLoadingPlugin
[13:24:39] [main/INFO] [GradleStart]: Running with arguments: [--userProperties, {}, --assetsDir, C:/Users/brawl/.gradle/caches/minecraft/assets, --assetIndex, 1.7.10, --accessToken, {REDACTED}, --version, 1.7.10, --tweakClass, cpw.mods.fml.common.launcher.FMLTweaker, --tweakClass, net.minecraftforge.gradle.tweakers.CoremodTweaker]
[13:24:39] [main/INFO] [LaunchWrapper]: Loading tweak class name cpw.mods.fml.common.launcher.FMLTweaker
[13:24:39] [main/INFO] [LaunchWrapper]: Using primary tweak class name cpw.mods.fml.common.launcher.FMLTweaker
[13:24:39] [main/INFO] [LaunchWrapper]: Loading tweak class name net.minecraftforge.gradle.tweakers.CoremodTweaker
[13:24:39] [main/INFO] [LaunchWrapper]: Calling tweak class cpw.mods.fml.common.launcher.FMLTweaker
[13:26:06] [main/INFO] [GradleStart]: Extra: []
[13:26:06] [main/INFO] [GradleStart]: Found and added coremod: com.mod.htgt6.BiomeLoadingPlugin
[13:26:06] [main/INFO] [GradleStart]: Running with arguments: [--userProperties, {}, --assetsDir, C:/Users/brawl/.gradle/caches/minecraft/assets, --assetIndex, 1.7.10, --accessToken, {REDACTED}, --version, 1.7.10, --tweakClass, cpw.mods.fml.common.launcher.FMLTweaker, --tweakClass, net.minecraftforge.gradle.tweakers.CoremodTweaker]
[13:26:06] [main/INFO] [LaunchWrapper]: Loading tweak class name cpw.mods.fml.common.launcher.FMLTweaker
[13:26:06] [main/INFO] [LaunchWrapper]: Using primary tweak class name cpw.mods.fml.common.launcher.FMLTweaker
[13:26:06] [main/INFO] [LaunchWrapper]: Loading tweak class name net.minecraftforge.gradle.tweakers.CoremodTweaker
[13:26:06] [main/INFO] [LaunchWrapper]: Calling tweak class cpw.mods.fml.common.launcher.FMLTweaker
[13:57:04] [main/INFO] [GradleStart]: Extra: []
[13:57:04] [main/INFO] [GradleStart]: Running with arguments: [--userProperties, {}, --assetsDir, C:/Users/brawl/.gradle/caches/minecraft/assets, --assetIndex, 1.7.10, --accessToken, {REDACTED}, --version, 1.7.10, --tweakClass, cpw.mods.fml.common.launcher.FMLTweaker, --tweakClass, net.minecraftforge.gradle.tweakers.CoremodTweaker]
[13:57:04] [main/INFO] [LaunchWrapper]: Loading tweak class name cpw.mods.fml.common.launcher.FMLTweaker
[13:57:04] [main/INFO] [LaunchWrapper]: Using primary tweak class name cpw.mods.fml.common.launcher.FMLTweaker
[13:57:04] [main/INFO] [LaunchWrapper]: Loading tweak class name net.minecraftforge.gradle.tweakers.CoremodTweaker
[13:57:04] [main/INFO] [LaunchWrapper]: Calling tweak class cpw.mods.fml.common.launcher.FMLTweaker
[14:08:25] [main/INFO] [GradleStart]: Extra: []
[14:08:25] [main/INFO] [GradleStart]: Found and added coremod: gregtech.asm.GT_ASM
[14:08:25] [main/INFO] [GradleStart]: Running with arguments: [--userProperties, {}, --assetsDir, C:/Users/brawl/.gradle/caches/minecraft/assets, --assetIndex, 1.7.10, --accessToken, {REDACTED}, --version, 1.7.10, --tweakClass, cpw.mods.fml.common.launcher.FMLTweaker, --tweakClass, net.minecraftforge.gradle.tweakers.CoremodTweaker]
[14:08:25] [main/INFO] [LaunchWrapper]: Loading tweak class name cpw.mods.fml.common.launcher.FMLTweaker
[14:08:25] [main/INFO] [LaunchWrapper]: Using primary tweak class name cpw.mods.fml.common.launcher.FMLTweaker
[14:08:25] [main/INFO] [LaunchWrapper]: Loading tweak class name net.minecraftforge.gradle.tweakers.CoremodTweaker
[14:08:25] [main/INFO] [LaunchWrapper]: Calling tweak class cpw.mods.fml.common.launcher.FMLTweaker
[15:24:40] [main/INFO] [GradleStart]: Extra: []
[15:24:40] [main/INFO] [GradleStart]: Found and added coremod: gregtech.asm.GT_ASM
[15:24:40] [main/INFO] [GradleStart]: Running with arguments: [--userProperties, {}, --assetsDir, C:/Users/brawl/.gradle/caches/minecraft/assets, --assetIndex, 1.7.10, --accessToken, {REDACTED}, --version, 1.7.10, --tweakClass, cpw.mods.fml.common.launcher.FMLTweaker, --tweakClass, net.minecraftforge.gradle.tweakers.CoremodTweaker]
[15:24:40] [main/INFO] [LaunchWrapper]: Loading tweak class name cpw.mods.fml.common.launcher.FMLTweaker
[15:24:40] [main/INFO] [LaunchWrapper]: Using primary tweak class name cpw.mods.fml.common.launcher.FMLTweaker
[15:24:40] [main/INFO] [LaunchWrapper]: Loading tweak class name net.minecraftforge.gradle.tweakers.CoremodTweaker
[15:24:40] [main/INFO] [LaunchWrapper]: Calling tweak class cpw.mods.fml.common.launcher.FMLTweaker
[15:28:31] [main/INFO] [GradleStart]: Extra: []
[15:28:31] [main/INFO] [GradleStart]: Found and added coremod: gregtech.asm.GT_ASM
[15:28:31] [main/INFO] [GradleStart]: Running with arguments: [--userProperties, {}, --assetsDir, C:/Users/brawl/.gradle/caches/minecraft/assets, --assetIndex, 1.7.10, --accessToken, {REDACTED}, --version, 1.7.10, --tweakClass, cpw.mods.fml.common.launcher.FMLTweaker, --tweakClass, net.minecraftforge.gradle.tweakers.CoremodTweaker]
[15:28:31] [main/INFO] [LaunchWrapper]: Loading tweak class name cpw.mods.fml.common.launcher.FMLTweaker
[15:28:31] [main/INFO] [LaunchWrapper]: Using primary tweak class name cpw.mods.fml.common.launcher.FMLTweaker
[15:28:31] [main/INFO] [LaunchWrapper]: Loading tweak class name net.minecraftforge.gradle.tweakers.CoremodTweaker
[15:28:31] [main/INFO] [LaunchWrapper]: Calling tweak class cpw.mods.fml.common.launcher.FMLTweaker
[15:30:25] [main/INFO] [GradleStart]: Extra: []
[15:30:25] [main/INFO] [GradleStart]: Found and added coremod: gregtech.asm.GT_ASM
[15:30:25] [main/INFO] [GradleStart]: Running with arguments: [--userProperties, {}, --assetsDir, C:/Users/brawl/.gradle/caches/minecraft/assets, --assetIndex, 1.7.10, --accessToken, {REDACTED}, --version, 1.7.10, --tweakClass, cpw.mods.fml.common.launcher.FMLTweaker, --tweakClass, net.minecraftforge.gradle.tweakers.CoremodTweaker]
[15:30:25] [main/INFO] [LaunchWrapper]: Loading tweak class name cpw.mods.fml.common.launcher.FMLTweaker
[15:30:25] [main/INFO] [LaunchWrapper]: Using primary tweak class name cpw.mods.fml.common.launcher.FMLTweaker
[15:30:25] [main/INFO] [LaunchWrapper]: Loading tweak class name net.minecraftforge.gradle.tweakers.CoremodTweaker
[15:30:25] [main/INFO] [LaunchWrapper]: Calling tweak class cpw.mods.fml.common.launcher.FMLTweaker
[15:33:40] [main/INFO] [GradleStart]: Extra: []
[15:33:40] [main/INFO] [GradleStart]: Found and added coremod: gregtech.asm.GT_ASM
[15:33:40] [main/INFO] [GradleStart]: Running with arguments: [--userProperties, {}, --assetsDir, C:/Users/brawl/.gradle/caches/minecraft/assets, --assetIndex, 1.7.10, --accessToken, {REDACTED}, --version, 1.7.10, --tweakClass, cpw.mods.fml.common.launcher.FMLTweaker, --tweakClass, net.minecraftforge.gradle.tweakers.CoremodTweaker]
[15:33:40] [main/INFO] [LaunchWrapper]: Loading tweak class name cpw.mods.fml.common.launcher.FMLTweaker
[15:33:40] [main/INFO] [LaunchWrapper]: Using primary tweak class name cpw.mods.fml.common.launcher.FMLTweaker
[15:33:40] [main/INFO] [LaunchWrapper]: Loading tweak class name net.minecraftforge.gradle.tweakers.CoremodTweaker
[15:33:40] [main/INFO] [LaunchWrapper]: Calling tweak class cpw.mods.fml.common.launcher.FMLTweaker
[15:35:47] [main/INFO] [GradleStart]: Extra: []
[15:35:47] [main/INFO] [GradleStart]: Found and added coremod: gregtech.asm.GT_ASM
[15:35:47] [main/INFO] [GradleStart]: Running with arguments: [--userProperties, {}, --assetsDir, C:/Users/brawl/.gradle/caches/minecraft/assets, --assetIndex, 1.7.10, --accessToken, {REDACTED}, --version, 1.7.10, --tweakClass, cpw.mods.fml.common.launcher.FMLTweaker, --tweakClass, net.minecraftforge.gradle.tweakers.CoremodTweaker]
[15:35:47] [main/INFO] [LaunchWrapper]: Loading tweak class name cpw.mods.fml.common.launcher.FMLTweaker
[15:35:47] [main/INFO] [LaunchWrapper]: Using primary tweak class name cpw.mods.fml.common.launcher.FMLTweaker
[15:35:47] [main/INFO] [LaunchWrapper]: Loading tweak class name net.minecraftforge.gradle.tweakers.CoremodTweaker
[15:35:47] [main/INFO] [LaunchWrapper]: Calling tweak class cpw.mods.fml.common.launcher.FMLTweaker
[15:52:36] [main/INFO] [GradleStart]: Extra: []
[15:52:36] [main/INFO] [GradleStart]: Found and added coremod: gregtech.asm.GT_ASM
[15:52:36] [main/INFO] [GradleStart]: Running with arguments: [--userProperties, {}, --assetsDir, C:/Users/brawl/.gradle/caches/minecraft/assets, --assetIndex, 1.7.10, --accessToken, {REDACTED}, --version, 1.7.10, --tweakClass, cpw.mods.fml.common.launcher.FMLTweaker, --tweakClass, net.minecraftforge.gradle.tweakers.CoremodTweaker]
[15:52:36] [main/INFO] [LaunchWrapper]: Loading tweak class name cpw.mods.fml.common.launcher.FMLTweaker
[15:52:36] [main/INFO] [LaunchWrapper]: Using primary tweak class name cpw.mods.fml.common.launcher.FMLTweaker
[15:52:36] [main/INFO] [LaunchWrapper]: Loading tweak class name net.minecraftforge.gradle.tweakers.CoremodTweaker
[15:52:36] [main/INFO] [LaunchWrapper]: Calling tweak class cpw.mods.fml.common.launcher.FMLTweaker
[16:17:47] [main/INFO] [GradleStart]: Extra: []
[16:17:47] [main/INFO] [GradleStart]: Found and added coremod: gregtech.asm.GT_ASM
[16:17:47] [main/INFO] [GradleStart]: Running with arguments: [--userProperties, {}, --assetsDir, C:/Users/brawl/.gradle/caches/minecraft/assets, --assetIndex, 1.7.10, --accessToken, {REDACTED}, --version, 1.7.10, --tweakClass, cpw.mods.fml.common.launcher.FMLTweaker, --tweakClass, net.minecraftforge.gradle.tweakers.CoremodTweaker]
[16:17:47] [main/INFO] [LaunchWrapper]: Loading tweak class name cpw.mods.fml.common.launcher.FMLTweaker
[16:17:47] [main/INFO] [LaunchWrapper]: Using primary tweak class name cpw.mods.fml.common.launcher.FMLTweaker
[16:17:47] [main/INFO] [LaunchWrapper]: Loading tweak class name net.minecraftforge.gradle.tweakers.CoremodTweaker
[16:17:47] [main/INFO] [LaunchWrapper]: Calling tweak class cpw.mods.fml.common.launcher.FMLTweaker
[16:18:39] [main/INFO] [GradleStart]: Extra: []
[16:18:39] [main/INFO] [GradleStart]: Found and added coremod: gregtech.asm.GT_ASM
[16:18:39] [main/INFO] [GradleStart]: Running with arguments: [--userProperties, {}, --assetsDir, C:/Users/brawl/.gradle/caches/minecraft/assets, --assetIndex, 1.7.10, --accessToken, {REDACTED}, --version, 1.7.10, --tweakClass, cpw.mods.fml.common.launcher.FMLTweaker, --tweakClass, net.minecraftforge.gradle.tweakers.CoremodTweaker]
[16:18:39] [main/INFO] [LaunchWrapper]: Loading tweak class name cpw.mods.fml.common.launcher.FMLTweaker
[16:18:39] [main/INFO] [LaunchWrapper]: Using primary tweak class name cpw.mods.fml.common.launcher.FMLTweaker
[16:18:39] [main/INFO] [LaunchWrapper]: Loading tweak class name net.minecraftforge.gradle.tweakers.CoremodTweaker
[16:18:39] [main/INFO] [LaunchWrapper]: Calling tweak class cpw.mods.fml.common.launcher.FMLTweaker
[16:24:35] [main/INFO] [GradleStart]: Extra: []
[16:24:35] [main/INFO] [GradleStart]: Found and added coremod: gregtech.asm.GT_ASM
[16:24:35] [main/INFO] [GradleStart]: Running with arguments: [--userProperties, {}, --assetsDir, C:/Users/brawl/.gradle/caches/minecraft/assets, --assetIndex, 1.7.10, --accessToken, {REDACTED}, --version, 1.7.10, --tweakClass, cpw.mods.fml.common.launcher.FMLTweaker, --tweakClass, net.minecraftforge.gradle.tweakers.CoremodTweaker]
[16:24:35] [main/INFO] [LaunchWrapper]: Loading tweak class name cpw.mods.fml.common.launcher.FMLTweaker
[16:24:35] [main/INFO] [LaunchWrapper]: Using primary tweak class name cpw.mods.fml.common.launcher.FMLTweaker
[16:24:35] [main/INFO] [LaunchWrapper]: Loading tweak class name net.minecraftforge.gradle.tweakers.CoremodTweaker
[16:24:35] [main/INFO] [LaunchWrapper]: Calling tweak class cpw.mods.fml.common.launcher.FMLTweaker
