[16:17:47] [main/DEBUG] [FML/]: Injecting tracing printstreams for STDOUT/STDERR.
[16:17:47] [main/INFO] [FML/]: Forge Mod Loader version 7.99.40.1614 for Minecraft 1.7.10 loading
[16:17:47] [main/INFO] [FML/]: Java is OpenJDK 64-Bit Server VM, version 1.8.0_452, running on Windows 11:amd64:10.0, installed at C:\Users\brawl\.jdks\liberica-full-1.8.0_452\jre
[16:17:47] [main/DEBUG] [FML/]: Java classpath at launch is C:\Users\brawl\.gradle\caches\minecraft\net\minecraftforge\forge\1.7.10-10.13.4.1614-1.7.10\start;C:\Users\brawl\Desktop\mods\HTGT-6\libs\GregTech6-Unofficial-dev.jar;C:\Users\brawl\.gradle\caches\minecraft\net\minecraftforge\forge\1.7.10-10.13.4.1614-1.7.10\forgeSrc-1.7.10-10.13.4.1614-1.7.10.jar;C:\Users\brawl\.gradle\caches\modules-2\files-2.1\net.minecraft\launchwrapper\1.12\111e7bea9c968cdb3d06ef4632bf7ff0824d0f36\launchwrapper-1.12.jar;C:\Users\brawl\.gradle\caches\modules-2\files-2.1\com.google.code.findbugs\jsr305\1.3.9\40719ea6961c0cb6afaeb6a921eaa1f6afd4cfdf\jsr305-1.3.9.jar;C:\Users\brawl\.gradle\caches\modules-2\files-2.1\org.ow2.asm\asm-debug-all\5.0.3\f9e364ae2a66ce2a543012a4668856e84e5dab74\asm-debug-all-5.0.3.jar;C:\Users\brawl\.gradle\caches\modules-2\files-2.1\com.typesafe.akka\akka-actor_2.11\2.3.3\ed62e9fc709ca0f2ff1a3220daa8b70a2870078e\akka-actor_2.11-2.3.3.jar;C:\Users\brawl\.gradle\caches\modules-2\files-2.1\com.typesafe\config\1.2.1\f771f71fdae3df231bcd54d5ca2d57f0bf93f467\config-1.2.1.jar;C:\Users\brawl\.gradle\caches\modules-2\files-2.1\org.scala-lang\scala-actors-migration_2.11\1.1.0\dfa8bc42b181d5b9f1a5dd147f8ae308b893eb6f\scala-actors-migration_2.11-1.1.0.jar;C:\Users\brawl\.gradle\caches\modules-2\files-2.1\org.scala-lang.plugins\scala-continuations-plugin_2.11.1\1.0.2\f361a3283452c57fa30c1ee69448995de23c60f7\scala-continuations-plugin_2.11.1-1.0.2.jar;C:\Users\brawl\.gradle\caches\modules-2\files-2.1\org.scala-lang\scala-compiler\2.11.1\56ea2e6c025e0821f28d73ca271218b8dd04926a\scala-compiler-2.11.1.jar;C:\Users\brawl\.gradle\caches\modules-2\files-2.1\org.scala-lang.plugins\scala-continuations-library_2.11\1.0.2\e517c53a7e9acd6b1668c5a35eccbaa3bab9aac\scala-continuations-library_2.11-1.0.2.jar;C:\Users\brawl\.gradle\caches\modules-2\files-2.1\org.scala-lang\scala-reflect\2.11.1\6580347e61cc7f8e802941e7fde40fa83b8badeb\scala-reflect-2.11.1.jar;C:\Users\brawl\.gradle\caches\modules-2\files-2.1\org.scala-lang\scala-actors\2.11.0\8ccfb6541de179bb1c4d45cf414acee069b7f78b\scala-actors-2.11.0.jar;C:\Users\brawl\.gradle\caches\modules-2\files-2.1\org.scala-lang.modules\scala-xml_2.11\1.0.2\820fbca7e524b530fdadc594c39d49a21ea0337e\scala-xml_2.11-1.0.2.jar;C:\Users\brawl\.gradle\caches\modules-2\files-2.1\org.scala-lang.modules\scala-parser-combinators_2.11\1.0.1\f05d7345bf5a58924f2837c6c1f4d73a938e1ff0\scala-parser-combinators_2.11-1.0.1.jar;C:\Users\brawl\.gradle\caches\modules-2\files-2.1\org.scala-lang\scala-library\2.11.1\e11da23da3eabab9f4777b9220e60d44c1aab6a\scala-library-2.11.1.jar;C:\Users\brawl\.gradle\caches\modules-2\files-2.1\org.scala-lang\scala-parser-combinators_2.11\1.0.1\f05d7345bf5a58924f2837c6c1f4d73a938e1ff0\scala-parser-combinators_2.11-1.0.1.jar;C:\Users\brawl\.gradle\caches\modules-2\files-2.1\org.scala-lang\scala-swing_2.11\1.0.1\b1cdd92bd47b1e1837139c1c53020e86bb9112ae\scala-swing_2.11-1.0.1.jar;C:\Users\brawl\.gradle\caches\modules-2\files-2.1\org.scala-lang\scala-xml_2.11\1.0.2\7a80ec00aec122fba7cd4e0d4cdd87ff7e4cb6d0\scala-xml_2.11-1.0.2.jar;C:\Users\brawl\.gradle\caches\modules-2\files-2.1\net.sf.jopt-simple\jopt-simple\4.5\6065cc95c661255349c1d0756657be17c29a4fd3\jopt-simple-4.5.jar;C:\Users\brawl\.gradle\caches\modules-2\files-2.1\lzma\lzma\0.0.1\521616dc7487b42bef0e803bd2fa3faf668101d7\lzma-0.0.1.jar;C:\Users\brawl\.gradle\caches\modules-2\files-2.1\com.mojang\realms\1.3.5\807ae355ee63583becd7ea60e76aab1532bb42e\realms-1.3.5.jar;C:\Users\brawl\.gradle\caches\modules-2\files-2.1\org.apache.commons\commons-compress\1.8.1\a698750c16740fd5b3871425f4cb3bbaa87f529d\commons-compress-1.8.1.jar;C:\Users\brawl\.gradle\caches\modules-2\files-2.1\org.apache.httpcomponents\httpclient\4.3.3\18f4247ff4572a074444572cee34647c43e7c9c7\httpclient-4.3.3.jar;C:\Users\brawl\.gradle\caches\modules-2\files-2.1\commons-logging\commons-logging\1.1.3\f6f66e966c70a83ffbdb6f17a0919eaf7c8aca7f\commons-logging-1.1.3.jar;C:\Users\brawl\.gradle\caches\modules-2\files-2.1\org.apache.httpcomponents\httpcore\4.3.2\31fbbff1ddbf98f3aa7377c94d33b0447c646b6e\httpcore-4.3.2.jar;C:\Users\brawl\.gradle\caches\modules-2\files-2.1\java3d\vecmath\1.3.1\a0ae4f51da409fa0c20fa0ca59e6bbc9413ae71d\vecmath-1.3.1.jar;C:\Users\brawl\.gradle\caches\modules-2\files-2.1\net.sf.trove4j\trove4j\3.0.3\42ccaf4761f0dfdfa805c9e340d99a755907e2dd\trove4j-3.0.3.jar;C:\Users\brawl\.gradle\caches\modules-2\files-2.1\com.ibm.icu\icu4j-core-mojang\51.2\63d216a9311cca6be337c1e458e587f99d382b84\icu4j-core-mojang-51.2.jar;C:\Users\brawl\.gradle\caches\modules-2\files-2.1\com.paulscode\codecjorbis\20101023\c73b5636faf089d9f00e8732a829577de25237ee\codecjorbis-20101023.jar;C:\Users\brawl\.gradle\caches\modules-2\files-2.1\com.paulscode\codecwav\20101023\12f031cfe88fef5c1dd36c563c0a3a69bd7261da\codecwav-20101023.jar;C:\Users\brawl\.gradle\caches\modules-2\files-2.1\com.paulscode\libraryjavasound\20101123\5c5e304366f75f9eaa2e8cca546a1fb6109348b3\libraryjavasound-20101123.jar;C:\Users\brawl\.gradle\caches\modules-2\files-2.1\com.paulscode\librarylwjglopenal\20100824\73e80d0794c39665aec3f62eee88ca91676674ef\librarylwjglopenal-20100824.jar;C:\Users\brawl\.gradle\caches\modules-2\files-2.1\com.paulscode\soundsystem\20120107\419c05fe9be71f792b2d76cfc9b67f1ed0fec7f6\soundsystem-20120107.jar;C:\Users\brawl\.gradle\caches\modules-2\files-2.1\io.netty\netty-all\4.0.10.Final\9e50bd52ffe257a0e2cd8d971688d6ce7d174325\netty-all-4.0.10.Final.jar;C:\Users\brawl\.gradle\caches\modules-2\files-2.1\com.mojang\authlib\1.5.16\ef1582b11fd0943d069cdcb72e99008ac209a283\authlib-1.5.16.jar;C:\Users\brawl\.gradle\caches\modules-2\files-2.1\com.google.guava\guava\17.0\9c6ef172e8de35fd8d4d8783e4821e57cdef7445\guava-17.0.jar;C:\Users\brawl\.gradle\caches\modules-2\files-2.1\org.apache.commons\commons-lang3\3.3.2\90a3822c38ec8c996e84c16a3477ef632cbc87a3\commons-lang3-3.3.2.jar;C:\Users\brawl\.gradle\caches\modules-2\files-2.1\commons-io\commons-io\2.4\b1b6ea3b7e4aa4f492509a4952029cd8e48019ad\commons-io-2.4.jar;C:\Users\brawl\.gradle\caches\modules-2\files-2.1\commons-codec\commons-codec\1.9\9ce04e34240f674bc72680f8b843b1457383161a\commons-codec-1.9.jar;C:\Users\brawl\.gradle\caches\modules-2\files-2.1\org.lwjgl.lwjgl\lwjgl_util\2.9.1\290d7ba8a1bd9566f5ddf16ad06f09af5ec9b20e\lwjgl_util-2.9.1.jar;C:\Users\brawl\.gradle\caches\modules-2\files-2.1\org.lwjgl.lwjgl\lwjgl\2.9.1\f58c5aabcef0e41718a564be9f8e412fff8db847\lwjgl-2.9.1.jar;C:\Users\brawl\.gradle\caches\modules-2\files-2.1\net.java.jinput\jinput\2.0.5\39c7796b469a600f72380316f6b1f11db6c2c7c4\jinput-2.0.5.jar;C:\Users\brawl\.gradle\caches\modules-2\files-2.1\net.java.jutils\jutils\1.0.0\e12fe1fda814bd348c1579329c86943d2cd3c6a6\jutils-1.0.0.jar;C:\Users\brawl\.gradle\caches\modules-2\files-2.1\com.google.code.gson\gson\2.2.4\a60a5e993c98c864010053cb901b7eab25306568\gson-2.2.4.jar;C:\Users\brawl\.gradle\caches\modules-2\files-2.1\org.apache.logging.log4j\log4j-core\2.0-beta9\678861ba1b2e1fccb594bb0ca03114bb05da9695\log4j-core-2.0-beta9.jar;C:\Users\brawl\.gradle\caches\modules-2\files-2.1\org.apache.logging.log4j\log4j-api\2.0-beta9\1dd66e68cccd907880229f9e2de1314bd13ff785\log4j-api-2.0-beta9.jar;C:\Users\brawl\.gradle\caches\modules-2\files-2.1\tv.twitch\twitch\5.16\1f55f009c61637c10c0acfb8b5ffc600f30044b4\twitch-5.16.jar;C:\Users\brawl\.gradle\caches\modules-2\files-2.1\net.java.jinput\jinput-platform\2.0.5\7ff832a6eb9ab6a767f1ade2b548092d0fa64795\jinput-platform-2.0.5-natives-linux.jar;C:\Users\brawl\.gradle\caches\modules-2\files-2.1\net.java.jinput\jinput-platform\2.0.5\385ee093e01f587f30ee1c8a2ee7d408fd732e16\jinput-platform-2.0.5-natives-windows.jar;C:\Users\brawl\.gradle\caches\modules-2\files-2.1\net.java.jinput\jinput-platform\2.0.5\53f9c919f34d2ca9de8c51fc4e1e8282029a9232\jinput-platform-2.0.5-natives-osx.jar;C:\Users\brawl\.gradle\caches\modules-2\files-2.1\tv.twitch\twitch-platform\5.16\7c6affe439099806a4f552da14c42f9d643d8b23\twitch-platform-5.16-natives-windows-32.jar;C:\Users\brawl\.gradle\caches\modules-2\files-2.1\tv.twitch\twitch-platform\5.16\39d0c3d363735b4785598e0e7fbf8297c706a9f9\twitch-platform-5.16-natives-windows-64.jar;C:\Users\brawl\.gradle\caches\modules-2\files-2.1\tv.twitch\twitch-platform\5.16\62503ee712766cf77f97252e5902786fd834b8c5\twitch-platform-5.16-natives-osx.jar;C:\Users\brawl\.gradle\caches\modules-2\files-2.1\tv.twitch\twitch-external-platform\4.5\18215140f010c05b9f86ef6f0f8871954d2ccebf\twitch-external-platform-4.5-natives-windows-32.jar;C:\Users\brawl\.gradle\caches\modules-2\files-2.1\tv.twitch\twitch-external-platform\4.5\c3cde57891b935d41b6680a9c5e1502eeab76d86\twitch-external-platform-4.5-natives-windows-64.jar;C:\Users\brawl\.gradle\caches\modules-2\files-2.1\org.lwjgl.lwjgl\lwjgl-platform\2.9.1\4c517eca808522457dd95ee8fc1fbcdbb602efbe\lwjgl-platform-2.9.1-natives-windows.jar;C:\Users\brawl\.gradle\caches\modules-2\files-2.1\org.lwjgl.lwjgl\lwjgl-platform\2.9.1\aa9aae879af8eb378e22cfc64db56ec2ca9a44d1\lwjgl-platform-2.9.1-natives-linux.jar;C:\Users\brawl\.gradle\caches\modules-2\files-2.1\org.lwjgl.lwjgl\lwjgl-platform\2.9.1\2d12c83fdfbc04ecabf02c7bc8cc54d034f0daac\lwjgl-platform-2.9.1-natives-osx.jar;C:\Users\brawl\Desktop\mods\HTGT-6\build\libs\HiTech6_V_1.0.4_Build_.jar
[16:17:47] [main/DEBUG] [FML/]: Java library path at launch is C:\Users\brawl\.jdks\liberica-full-1.8.0_452\bin;C:\Windows\Sun\Java\bin;C:\Windows\system32;C:\Windows;C:\Program Files\BellSoft\LibericaJDK-8\bin\;C:\Program Files (x86)\Common Files\Oracle\Java\java8path;C:\Program Files (x86)\Common Files\Oracle\Java\javapath;C:\Windows\system32;C:\Windows;C:\Windows\System32\Wbem;C:\Windows\System32\WindowsPowerShell\v1.0\;C:\Windows\System32\OpenSSH\;C:\Program Files (x86)\NVIDIA Corporation\PhysX\Common;C:\Program Files\NVIDIA Corporation\NVIDIA NvDLISR;C:\Program Files (x86)\IDEMIA\AWP\Dlls;C:\Program Files\IDEMIA\AWP\Dlls;C:\Program Files\Git\cmd;C:\Users\brawl\AppData\Local\Microsoft\WindowsApps;C:\Users\brawl\AppData\Local\GitHubDesktop\bin;.;C:/Users/brawl/.gradle/caches/minecraft/net/minecraft/minecraft_natives/1.7.10
[16:17:47] [main/INFO] [FML/]: Managed to load a deobfuscated Minecraft name- we are in a deobfuscated environment. Skipping runtime deobfuscation
[16:17:47] [main/DEBUG] [FML/]: Instantiating coremod class FMLCorePlugin
[16:17:47] [main/DEBUG] [FML/]: Added access transformer class cpw.mods.fml.common.asm.transformers.AccessTransformer to enqueued access transformers
[16:17:47] [main/DEBUG] [FML/]: Enqueued coremod FMLCorePlugin
[16:17:47] [main/DEBUG] [FML/]: Instantiating coremod class FMLForgePlugin
[16:17:47] [main/DEBUG] [FML/]: Added access transformer class net.minecraftforge.transformers.ForgeAccessTransformer to enqueued access transformers
[16:17:47] [main/DEBUG] [FML/]: Enqueued coremod FMLForgePlugin
[16:17:47] [main/DEBUG] [FML/]: All fundamental core mods are successfully located
[16:17:47] [main/INFO] [FML/]: Found a command line coremod : gregtech.asm.GT_ASM
[16:17:47] [main/DEBUG] [FML/]: Instantiating coremod class GT_ASM
[16:17:47] [main/TRACE] [FML/]: coremod named Greg-ASM® is loading
[16:17:47] [main/DEBUG] [FML/]: The coremod gregtech.asm.GT_ASM requested minecraft version 1.7.10 and minecraft is 1.7.10. It will be loaded.
[16:17:47] [main/DEBUG] [FML/]: Enqueued coremod Greg-ASM®
[16:17:47] [main/DEBUG] [FML/]: Attempting to load commandline specified mods, relative to C:\Users\brawl\Desktop\mods\HTGT-6\run\.
[16:17:47] [main/DEBUG] [FML/]: Discovering coremods
[16:17:47] [main/DEBUG] [FML/]: Examining for coremod candidacy CodeChickenCore-1.1.13.jar
[16:17:47] [main/TRACE] [FML/]: Adding CodeChickenCore-1.1.13.jar to the list of known coremods, it will not be examined again
[16:17:47] [main/DEBUG] [FML/]: Instantiating coremod class CodeChickenCorePlugin
[16:17:47] [main/DEBUG] [FML/]: The coremod codechicken.core.launch.CodeChickenCorePlugin requested minecraft version 1.7.10 and minecraft is 1.7.10. It will be loaded.
[16:17:47] [main/DEBUG] [FML/]: Added access transformer class codechicken.core.asm.CodeChickenAccessTransformer to enqueued access transformers
[16:17:47] [main/DEBUG] [FML/]: Enqueued coremod CodeChickenCorePlugin
[16:17:47] [main/DEBUG] [FML/]: Examining for coremod candidacy CodeChickenLib-1.1.6-dev.jar
[16:17:47] [main/DEBUG] [FML/]: Not found coremod data in CodeChickenLib-1.1.6-dev.jar
[16:17:47] [main/DEBUG] [FML/]: Examining for coremod candidacy IC2Classic-1.7.10-1.2.5 (1).jar
[16:17:47] [main/DEBUG] [FML/]: Not found coremod data in IC2Classic-1.7.10-1.2.5 (1).jar
[16:17:47] [main/DEBUG] [FML/]: Examining for coremod candidacy neiaddons-1.12.15.41-mc1.7.10.jar
[16:17:47] [main/DEBUG] [FML/]: Not found coremod data in neiaddons-1.12.15.41-mc1.7.10.jar
[16:17:47] [main/DEBUG] [FML/]: Examining for coremod candidacy NEIIntegration-MC1.7.10-1.1.2.jar
[16:17:47] [main/DEBUG] [FML/]: Not found coremod data in NEIIntegration-MC1.7.10-1.1.2.jar
[16:17:47] [main/DEBUG] [FML/]: Examining for coremod candidacy NotEnoughItems-2.4.13-GTNH.jar
[16:17:47] [main/TRACE] [FML/]: Adding NotEnoughItems-2.4.13-GTNH.jar to the list of known coremods, it will not be examined again
[16:17:47] [main/DEBUG] [FML/]: Instantiating coremod class NEICorePlugin
[16:17:47] [main/DEBUG] [FML/]: The coremod codechicken.nei.asm.NEICorePlugin requested minecraft version 1.7.10 and minecraft is 1.7.10. It will be loaded.
[16:17:47] [main/DEBUG] [FML/]: Enqueued coremod NEICorePlugin
[16:17:47] [main/INFO] [LaunchWrapper/]: Calling tweak class net.minecraftforge.gradle.tweakers.CoremodTweaker
[16:17:47] [main/INFO] [GradleStart/]: Injecting location in coremod cpw.mods.fml.relauncher.FMLCorePlugin
[16:17:47] [main/INFO] [GradleStart/]: Injecting location in coremod net.minecraftforge.classloading.FMLForgePlugin
[16:17:47] [main/INFO] [GradleStart/]: Injecting location in coremod codechicken.core.asm.MCPDeobfuscationTransformer.LoadPlugin
[16:17:47] [main/INFO] [GradleStart/]: Injecting location in coremod gregtech.asm.GT_ASM
[16:17:47] [main/INFO] [GradleStart/]: Injecting location in coremod codechicken.core.launch.CodeChickenCorePlugin
[16:17:47] [main/INFO] [GradleStart/]: Injecting location in coremod codechicken.nei.asm.NEICorePlugin
[16:17:47] [main/INFO] [LaunchWrapper/]: Loading tweak class name cpw.mods.fml.common.launcher.FMLInjectionAndSortingTweaker
[16:17:47] [main/INFO] [LaunchWrapper/]: Loading tweak class name cpw.mods.fml.common.launcher.FMLDeobfTweaker
[16:17:47] [main/INFO] [LaunchWrapper/]: Loading tweak class name net.minecraftforge.gradle.tweakers.AccessTransformerTweaker
[16:17:47] [main/INFO] [LaunchWrapper/]: Calling tweak class cpw.mods.fml.common.launcher.FMLInjectionAndSortingTweaker
[16:17:47] [main/INFO] [LaunchWrapper/]: Calling tweak class cpw.mods.fml.common.launcher.FMLInjectionAndSortingTweaker
[16:17:47] [main/INFO] [LaunchWrapper/]: Calling tweak class cpw.mods.fml.relauncher.CoreModManager$FMLPluginWrapper
[16:17:47] [main/DEBUG] [FML/]: Injecting coremod FMLCorePlugin {cpw.mods.fml.relauncher.FMLCorePlugin} class transformers
[16:17:47] [main/TRACE] [FML/]: Registering transformer cpw.mods.fml.common.asm.transformers.MarkerTransformer
[16:17:47] [main/TRACE] [FML/]: Registering transformer cpw.mods.fml.common.asm.transformers.SideTransformer
[16:17:47] [main/TRACE] [FML/]: Registering transformer cpw.mods.fml.common.asm.transformers.EventSubscriptionTransformer
[16:17:47] [main/DEBUG] [FML/]: Injection complete
[16:17:47] [main/DEBUG] [FML/]: Running coremod plugin for FMLCorePlugin {cpw.mods.fml.relauncher.FMLCorePlugin}
[16:17:47] [main/DEBUG] [FML/]: Running coremod plugin FMLCorePlugin
[16:17:47] [main/ERROR] [FML/]: The binary patch set is missing. Either you are in a development environment, or things are not going to work!
[16:17:47] [main/ERROR] [FML/]: FML appears to be missing any signature data. This is not a good thing
[16:17:47] [main/DEBUG] [FML/]: Coremod plugin class FMLCorePlugin run successfully
[16:17:47] [main/INFO] [LaunchWrapper/]: Calling tweak class cpw.mods.fml.relauncher.CoreModManager$FMLPluginWrapper
[16:17:47] [main/DEBUG] [FML/]: Injecting coremod FMLForgePlugin {net.minecraftforge.classloading.FMLForgePlugin} class transformers
[16:17:47] [main/TRACE] [FML/]: Registering transformer net.minecraftforge.classloading.FluidIdTransformer
[16:17:47] [main/DEBUG] [FML/]: Injection complete
[16:17:47] [main/DEBUG] [FML/]: Running coremod plugin for FMLForgePlugin {net.minecraftforge.classloading.FMLForgePlugin}
[16:17:47] [main/DEBUG] [FML/]: Running coremod plugin FMLForgePlugin
[16:17:47] [main/DEBUG] [FML/]: Coremod plugin class FMLForgePlugin run successfully
[16:17:47] [main/INFO] [LaunchWrapper/]: Calling tweak class cpw.mods.fml.relauncher.CoreModManager$FMLPluginWrapper
[16:17:47] [main/DEBUG] [FML/]: Injecting coremod CCCDeobfPlugin {codechicken.core.asm.MCPDeobfuscationTransformer$LoadPlugin} class transformers
[16:17:47] [main/DEBUG] [FML/]: Injection complete
[16:17:47] [main/DEBUG] [FML/]: Running coremod plugin for CCCDeobfPlugin {codechicken.core.asm.MCPDeobfuscationTransformer$LoadPlugin}
[16:17:47] [main/DEBUG] [FML/]: Running coremod plugin CCCDeobfPlugin
[16:17:48] [main/DEBUG] [FML/]: Coremod plugin class LoadPlugin run successfully
[16:17:48] [main/INFO] [LaunchWrapper/]: Calling tweak class cpw.mods.fml.relauncher.CoreModManager$FMLPluginWrapper
[16:17:48] [main/DEBUG] [FML/]: Injecting coremod CodeChickenCorePlugin {codechicken.core.launch.CodeChickenCorePlugin} class transformers
[16:17:48] [main/TRACE] [FML/]: Registering transformer codechicken.lib.asm.ClassHeirachyManager
[16:17:48] [main/TRACE] [FML/]: Registering transformer codechicken.core.asm.TweakTransformer
[16:17:48] [main/TRACE] [FML/]: Registering transformer codechicken.core.asm.DelegatedTransformer
[16:17:48] [main/TRACE] [FML/]: Registering transformer codechicken.core.asm.DefaultImplementationTransformer
[16:17:48] [main/DEBUG] [FML/]: Injection complete
[16:17:48] [main/DEBUG] [FML/]: Running coremod plugin for CodeChickenCorePlugin {codechicken.core.launch.CodeChickenCorePlugin}
[16:17:48] [main/DEBUG] [FML/]: Running coremod plugin CodeChickenCorePlugin
[16:17:48] [main/DEBUG] [FML/]: Coremod plugin class CodeChickenCorePlugin run successfully
[16:17:48] [main/INFO] [LaunchWrapper/]: Calling tweak class cpw.mods.fml.relauncher.CoreModManager$FMLPluginWrapper
[16:17:48] [main/DEBUG] [FML/]: Injecting coremod NEICorePlugin {codechicken.nei.asm.NEICorePlugin} class transformers
[16:17:48] [main/TRACE] [FML/]: Registering transformer codechicken.nei.asm.NEITransformer
[16:17:48] [main/DEBUG] [FML/]: Injection complete
[16:17:48] [main/DEBUG] [FML/]: Running coremod plugin for NEICorePlugin {codechicken.nei.asm.NEICorePlugin}
[16:17:48] [main/DEBUG] [FML/]: Running coremod plugin NEICorePlugin
[16:17:48] [main/DEBUG] [FML/]: Coremod plugin class NEICorePlugin run successfully
[16:17:48] [main/INFO] [LaunchWrapper/]: Calling tweak class cpw.mods.fml.relauncher.CoreModManager$FMLPluginWrapper
[16:17:48] [main/DEBUG] [FML/]: Injecting coremod Greg-ASM® {gregtech.asm.GT_ASM} class transformers
[16:17:48] [main/DEBUG] [FML/]: Injection complete
[16:17:48] [main/DEBUG] [FML/]: Running coremod plugin for Greg-ASM® {gregtech.asm.GT_ASM}
[16:17:48] [main/DEBUG] [FML/]: Running coremod plugin Greg-ASM®
[16:17:48] [main/TRACE] [FML/]: Registering transformer gregtech.asm.transformers.CoFHCore_CrashFix
[16:17:48] [main/TRACE] [FML/]: Registering transformer gregtech.asm.transformers.CoFHLib_HashFix
[16:17:48] [main/TRACE] [FML/]: Registering transformer gregtech.asm.transformers.ExtraUtils_FixThaumcraftAspects
[16:17:48] [main/TRACE] [FML/]: Registering transformer gregtech.asm.transformers.Minecraft_EmptyRecipeOptimization
[16:17:48] [main/TRACE] [FML/]: Registering transformer gregtech.asm.transformers.Minecraft_IceHarvestMissingHookFix
[16:17:48] [main/TRACE] [FML/]: Registering transformer gregtech.asm.transformers.Minecraft_LavaFlammableFix
[16:17:48] [main/TRACE] [FML/]: Registering transformer gregtech.asm.transformers.Minecraft_MinecraftServerIntegratedLaunchMainMenuPartialFix
[16:17:48] [main/TRACE] [FML/]: Registering transformer gregtech.asm.transformers.Railcraft_RemoveBoreSpam
[16:17:48] [main/TRACE] [FML/]: Registering transformer gregtech.asm.transformers.Technomancy_ExtremelySlowLoadFix
[16:17:48] [main/TRACE] [FML/]: Registering transformer gregtech.asm.transformers.Thaumcraft_AspectLagFix
[16:17:48] [main/DEBUG] [FML/]: Coremod plugin class GT_ASM run successfully
[16:17:48] [main/INFO] [LaunchWrapper/]: Calling tweak class cpw.mods.fml.common.launcher.FMLDeobfTweaker
[16:17:48] [main/DEBUG] [FML/]: Loaded 57 rules from AccessTransformer config file fml_at.cfg
[16:17:48] [main/DEBUG] [FML/]: Loaded 89 rules from AccessTransformer config file forge_at.cfg
[16:17:48] [main/DEBUG] [FML/]: Loaded 57 rules from AccessTransformer config file fml_at.cfg
[16:17:48] [main/DEBUG] [FML/]: Loaded 13 rules from AccessTransformer mod jar file C:\Users\brawl\Desktop\mods\HTGT-6\run\mods\NotEnoughItems-2.4.13-GTNH.jar!META-INF/nei_at.cfg

[16:17:48] [main/DEBUG] [FML/]: Loaded 3 rules from AccessTransformer mod jar file C:\Users\brawl\Desktop\mods\HTGT-6\libs\GregTech6-Unofficial-dev.jar!META-INF/gregtech_at.cfg

[16:17:48] [main/DEBUG] [FML/]: Validating minecraft
[16:17:48] [main/DEBUG] [FML/]: Minecraft validated, launching...
[16:17:48] [main/INFO] [LaunchWrapper/]: Calling tweak class net.minecraftforge.gradle.tweakers.AccessTransformerTweaker
[16:17:48] [main/DEBUG] [GradleStart/]: Reading CSV file: C:\Users\brawl\.gradle\caches\minecraft\net\minecraftforge\forge\1.7.10-10.13.4.1614-1.7.10\unpacked\conf\fields.csv
[16:17:48] [main/DEBUG] [GradleStart/]: Reading CSV file: C:\Users\brawl\.gradle\caches\minecraft\net\minecraftforge\forge\1.7.10-10.13.4.1614-1.7.10\unpacked\conf\methods.csv
[16:17:48] [main/INFO] [GradleStart/]: Remapping AccessTransformer rules...
[16:17:48] [main/INFO] [LaunchWrapper/]: Loading tweak class name cpw.mods.fml.common.launcher.TerminalTweaker
[16:17:48] [main/INFO] [LaunchWrapper/]: Calling tweak class cpw.mods.fml.common.launcher.TerminalTweaker
[16:17:48] [main/INFO] [LaunchWrapper/]: Launching wrapped minecraft {net.minecraft.client.main.Main}
[16:17:48] [main/DEBUG] [CCL ASM/]: Inserted super call into [net/minecraft/client/renderer/InventoryEffectRenderer.updateScreen()V]
[16:17:48] [main/DEBUG] [CCL ASM/]: Writing method [net/minecraft/client/gui/inventory/GuiContainer.setWorldAndResolution(Lnet/minecraft/client/Minecraft;II)V]
[16:17:48] [main/DEBUG] [CCL ASM/]: Writing method [net/minecraft/client/gui/inventory/GuiContainer.handleKeyboardInput()V]
[16:17:48] [main/DEBUG] [CCL ASM/]: Writing method [net/minecraft/client/gui/inventory/GuiContainer.handleKeyboardInput()V]
[16:17:48] [main/DEBUG] [CCL ASM/]: Writing method [net/minecraft/client/gui/inventory/GuiContainer.handleKeyboardInput()V]
[16:17:48] [main/DEBUG] [CCL ASM/]: Writing method [net/minecraft/client/gui/inventory/GuiContainer.handleMouseInput()V]
[16:17:48] [main/DEBUG] [CCL ASM/]: Writing method [net/minecraft/client/gui/inventory/GuiContainer.public_func_73869_a(CI)V]
[16:17:48] [main/DEBUG] [CCL ASM/]: Writing method [net/minecraft/client/gui/inventory/GuiContainer.public_func_146984_a(Lnet/minecraft/inventory/Slot;III)V]
[16:17:48] [main/DEBUG] [CCL ASM/]: Injecting before method [net/minecraft/client/gui/inventory/GuiContainer.drawScreen(IIF)V]
[16:17:48] [main/DEBUG] [CCL ASM/]: Injecting after method [net/minecraft/client/gui/inventory/GuiContainer.drawScreen(IIF)V] @ 138 - 140
[16:17:48] [main/DEBUG] [CCL ASM/]: Injecting after method [net/minecraft/client/gui/inventory/GuiContainer.drawScreen(IIF)V] @ 220 - 225
[16:17:48] [main/DEBUG] [CCL ASM/]: Replacing method [net/minecraft/client/gui/inventory/GuiContainer.drawScreen(IIF)V] @ 444 - 470
[16:17:48] [main/DEBUG] [CCL ASM/]: Replacing method [net/minecraft/client/gui/inventory/GuiContainer.drawItemStack(Lnet/minecraft/item/ItemStack;IILjava/lang/String;)V] @ 9 - 10
[16:17:48] [main/DEBUG] [CCL ASM/]: Replacing method [net/minecraft/client/gui/inventory/GuiContainer.drawItemStack(Lnet/minecraft/item/ItemStack;IILjava/lang/String;)V] @ 14 - 15
[16:17:48] [main/DEBUG] [CCL ASM/]: Replacing method [net/minecraft/client/gui/inventory/GuiContainer.func_146977_a(Lnet/minecraft/inventory/Slot;)V] @ 298 - 323
[16:17:48] [main/DEBUG] [CCL ASM/]: Injecting before method [net/minecraft/client/gui/inventory/GuiContainer.mouseClicked(III)V]
[16:17:48] [main/DEBUG] [CCL ASM/]: Replacing method [net/minecraft/client/gui/inventory/GuiContainer.mouseClicked(III)V] @ 259 - 260
[16:17:48] [main/DEBUG] [CCL ASM/]: Replacing method [net/minecraft/client/gui/inventory/GuiContainer.mouseClicked(III)V] @ 331 - 332
[16:17:48] [main/DEBUG] [CCL ASM/]: Replacing method [net/minecraft/client/gui/inventory/GuiContainer.mouseClickMove(IIIJ)V] @ 98 - 99
[16:17:48] [main/DEBUG] [CCL ASM/]: Replacing method [net/minecraft/client/gui/inventory/GuiContainer.mouseClickMove(IIIJ)V] @ 107 - 108
[16:17:48] [main/DEBUG] [CCL ASM/]: Replacing method [net/minecraft/client/gui/inventory/GuiContainer.mouseClickMove(IIIJ)V] @ 118 - 119
[16:17:48] [main/DEBUG] [CCL ASM/]: Replacing method [net/minecraft/client/gui/inventory/GuiContainer.mouseMovedOrUp(III)V] @ 158 - 159
[16:17:48] [main/DEBUG] [CCL ASM/]: Replacing method [net/minecraft/client/gui/inventory/GuiContainer.mouseMovedOrUp(III)V] @ 168 - 169
[16:17:48] [main/DEBUG] [CCL ASM/]: Replacing method [net/minecraft/client/gui/inventory/GuiContainer.mouseMovedOrUp(III)V] @ 287 - 288
[16:17:48] [main/DEBUG] [CCL ASM/]: Replacing method [net/minecraft/client/gui/inventory/GuiContainer.mouseMovedOrUp(III)V] @ 295 - 296
[16:17:48] [main/DEBUG] [CCL ASM/]: Replacing method [net/minecraft/client/gui/inventory/GuiContainer.mouseMovedOrUp(III)V] @ 314 - 315
[16:17:48] [main/DEBUG] [CCL ASM/]: Replacing method [net/minecraft/client/gui/inventory/GuiContainer.mouseMovedOrUp(III)V] @ 424 - 425
[16:17:48] [main/DEBUG] [CCL ASM/]: Replacing method [net/minecraft/client/gui/inventory/GuiContainer.mouseMovedOrUp(III)V] @ 454 - 455
[16:17:48] [main/DEBUG] [CCL ASM/]: Replacing method [net/minecraft/client/gui/inventory/GuiContainer.mouseMovedOrUp(III)V] @ 468 - 469
[16:17:48] [main/DEBUG] [CCL ASM/]: Replacing method [net/minecraft/client/gui/inventory/GuiContainer.mouseMovedOrUp(III)V] @ 497 - 498
[16:17:48] [main/DEBUG] [CCL ASM/]: Replacing method [net/minecraft/client/gui/inventory/GuiContainer.mouseMovedOrUp(III)V] @ 557 - 559
[16:17:48] [main/DEBUG] [CCL ASM/]: Replacing method [net/minecraft/client/gui/inventory/GuiContainer.keyTyped(CI)V] @ 54 - 55
[16:17:48] [main/DEBUG] [CCL ASM/]: Replacing method [net/minecraft/client/gui/inventory/GuiContainer.keyTyped(CI)V] @ 84 - 85
[16:17:48] [main/DEBUG] [CCL ASM/]: Replacing method [net/minecraft/client/gui/inventory/GuiContainer.checkHotbarKeys(I)Z] @ 41 - 42
[16:17:48] [main/DEBUG] [CCL ASM/]: Writing method [net/minecraft/client/gui/inventory/GuiContainer.managerHandleMouseClick(Lnet/minecraft/inventory/Slot;III)V]
[16:17:48] [main/DEBUG] [CCL ASM/]: Injecting after method [net/minecraft/client/gui/inventory/GuiContainer.mouseClickMove(IIIJ)V] @ 14 - 15
[16:17:48] [main/DEBUG] [CCL ASM/]: Injecting before method [net/minecraft/client/gui/inventory/GuiContainer.mouseMovedOrUp(III)V]
[16:17:48] [main/DEBUG] [CCL ASM/]: NEI: Injecting mouseUp call
[16:17:48] [main/DEBUG] [CCL ASM/]: Replacing method [net/minecraft/client/gui/inventory/GuiContainer.handleMouseClick(Lnet/minecraft/inventory/Slot;III)V] @ 10 - 26
[16:17:48] [main/DEBUG] [CCL ASM/]: Injecting before method [net/minecraft/client/gui/inventory/GuiContainer.keyTyped(CI)V]
[16:17:48] [main/DEBUG] [CCL ASM/]: Injecting after method [net/minecraft/client/gui/inventory/GuiContainer.updateScreen()V] @ 0 - 4
[16:17:49] [main/INFO] [GT_ASM/]: Transforming net.minecraft.server.MinecraftServer.run
[16:17:49] [main/DEBUG] [CCL ASM/]: Writing method [net/minecraft/block/Block.canBeReplacedByLeaves(Lnet/minecraft/world/IBlockAccess;III)Z]
[16:17:49] [main/INFO] [GT_ASM/]: Transforming net.minecraft.block.BlockStaticLiquid.updateTick
[16:17:49] [main/INFO] [GT_ASM/]: Transforming net.minecraft.block.BlockStaticLiquid.isFlammable
[16:17:49] [main/DEBUG] [CCL ASM/]: Writing method [net/minecraft/block/BlockMobSpawner.onBlockPlacedBy(Lnet/minecraft/world/World;IIILnet/minecraft/entity/EntityLivingBase;Lnet/minecraft/item/ItemStack;)V]
[16:17:49] [main/INFO] [GT_ASM/]: Transforming net.minecraft.block.BlockIce.harvestBlock
[16:17:50] [main/DEBUG] [CCL ASM/]: Injecting before method [net/minecraft/nbt/NBTTagCompound.toString()Ljava/lang/String;] @ 51 - 55
[16:17:50] [main/DEBUG] [CCL ASM/]: Injecting before method [net/minecraft/nbt/NBTTagList.toString()Ljava/lang/String;] @ 56 - 60
[16:17:51] [main/INFO] [GT_ASM/]: Transforming net.minecraft.item.crafting.CraftingManager.findMatchingRecipe
[16:17:53] [Client thread/DEBUG] [CCL ASM/]: Replacing method [net/minecraft/client/renderer/entity/RenderItem.renderGlint(IIIII)V] @ 7 - 16
[16:17:53] [Client thread/DEBUG] [FML/]: Bar Finished: Loading Resource - LanguageManager took 0,031s
[16:17:53] [Client thread/INFO] [STDOUT/]: [cpw.mods.fml.client.SplashProgress:start:188]: ---- Minecraft Crash Report ----
// Daisy, daisy...

Time: 01.05.26 16:17
Description: Loading screen debug info

This is just a prompt for computer specs to be printed. THIS IS NOT A ERROR


A detailed walkthrough of the error, its code path and all known details is as follows:
---------------------------------------------------------------------------------------

-- System Details --
Details:
	Minecraft Version: 1.7.10
	Operating System: Windows 11 (amd64) version 10.0
	Java Version: 1.8.0_452, BellSoft
	Java VM Version: OpenJDK 64-Bit Server VM (mixed mode), BellSoft
	Memory: 267922592 bytes (255 MB) / 526909440 bytes (502 MB) up to 3750756352 bytes (3577 MB)
	JVM Flags: 0 total; 
	AABB Pool Size: 0 (0 bytes; 0 MB) allocated, 0 (0 bytes; 0 MB) used
	IntCache: cache: 0, tcache: 0, allocated: 0, tallocated: 0
	FML: 
	GL info: ' Vendor: 'NVIDIA Corporation' Version: '4.6.0 NVIDIA 566.14' Renderer: 'NVIDIA GeForce RTX 4060 Laptop GPU/PCIe/SSE2'
[16:17:53] [Client thread/INFO] [MinecraftForge/]: Attempting early MinecraftForge initialization
[16:17:53] [Client thread/INFO] [FML/]: MinecraftForge v10.13.4.1614 Initialized
[16:17:53] [Client thread/DEBUG] [OreDictionaryVisitor/]: Patching getOreID
[16:17:53] [Client thread/TRACE] [OreDictionaryVisitor/]: Adding getOreID MONITERENTER
[16:17:53] [Client thread/TRACE] [OreDictionaryVisitor/]: Adding getOreID MONITEREXIT
[16:17:53] [Client thread/DEBUG] [OreDictionaryVisitor/]: Patching clinit
[16:17:53] [Client thread/TRACE] [OreDictionaryVisitor/]: Adding emptyEntryCreationLock initializer
[16:17:53] [Client thread/DEBUG] [OreDictionaryVisitor/]: Adding emptyEntryCreationLock
[16:17:53] [Client thread/INFO] [FML/]: Replaced 183 ore recipies
[16:17:53] [Client thread/INFO] [MinecraftForge/]: Completed early MinecraftForge initialization
[16:17:53] [Client thread/DEBUG] [FML/]: File C:\Users\brawl\Desktop\mods\HTGT-6\run\config\injectedDependencies.json not found. No dependencies injected
[16:17:53] [Client thread/DEBUG] [FML/]: Building injected Mod Containers [cpw.mods.fml.common.FMLContainer, net.minecraftforge.common.ForgeModContainer, codechicken.core.asm.CodeChickenCoreModContainer, codechicken.nei.NEIModContainer, gregtech.asm.GT_ASM_Dummy]
[16:17:53] [Client thread/DEBUG] [FML/]: Attempting to load mods contained in the minecraft jar file and associated classes
[16:17:53] [Client thread/DEBUG] [FML/]: Found a minecraft related directory at C:\Users\brawl\.gradle\caches\minecraft\net\minecraftforge\forge\1.7.10-10.13.4.1614-1.7.10\start, examining for mod candidates
[16:17:53] [Client thread/DEBUG] [FML/]: Found a minecraft related file at C:\Users\brawl\Desktop\mods\HTGT-6\libs\GregTech6-Unofficial-dev.jar, examining for mod candidates
[16:17:53] [Client thread/DEBUG] [FML/]: Found a minecraft related file at C:\Users\brawl\.gradle\caches\minecraft\net\minecraftforge\forge\1.7.10-10.13.4.1614-1.7.10\forgeSrc-1.7.10-10.13.4.1614-1.7.10.jar, examining for mod candidates
[16:17:53] [Client thread/DEBUG] [FML/]: Found a minecraft related file at C:\Users\brawl\.gradle\caches\modules-2\files-2.1\net.minecraft\launchwrapper\1.12\111e7bea9c968cdb3d06ef4632bf7ff0824d0f36\launchwrapper-1.12.jar, examining for mod candidates
[16:17:53] [Client thread/DEBUG] [FML/]: Found a minecraft related file at C:\Users\brawl\.gradle\caches\modules-2\files-2.1\com.google.code.findbugs\jsr305\1.3.9\40719ea6961c0cb6afaeb6a921eaa1f6afd4cfdf\jsr305-1.3.9.jar, examining for mod candidates
[16:17:53] [Client thread/DEBUG] [FML/]: Found a minecraft related file at C:\Users\brawl\.gradle\caches\modules-2\files-2.1\org.ow2.asm\asm-debug-all\5.0.3\f9e364ae2a66ce2a543012a4668856e84e5dab74\asm-debug-all-5.0.3.jar, examining for mod candidates
[16:17:53] [Client thread/DEBUG] [FML/]: Found a minecraft related file at C:\Users\brawl\.gradle\caches\modules-2\files-2.1\com.typesafe.akka\akka-actor_2.11\2.3.3\ed62e9fc709ca0f2ff1a3220daa8b70a2870078e\akka-actor_2.11-2.3.3.jar, examining for mod candidates
[16:17:53] [Client thread/DEBUG] [FML/]: Found a minecraft related file at C:\Users\brawl\.gradle\caches\modules-2\files-2.1\com.typesafe\config\1.2.1\f771f71fdae3df231bcd54d5ca2d57f0bf93f467\config-1.2.1.jar, examining for mod candidates
[16:17:53] [Client thread/DEBUG] [FML/]: Found a minecraft related file at C:\Users\brawl\.gradle\caches\modules-2\files-2.1\org.scala-lang\scala-actors-migration_2.11\1.1.0\dfa8bc42b181d5b9f1a5dd147f8ae308b893eb6f\scala-actors-migration_2.11-1.1.0.jar, examining for mod candidates
[16:17:53] [Client thread/DEBUG] [FML/]: Found a minecraft related file at C:\Users\brawl\.gradle\caches\modules-2\files-2.1\org.scala-lang.plugins\scala-continuations-plugin_2.11.1\1.0.2\f361a3283452c57fa30c1ee69448995de23c60f7\scala-continuations-plugin_2.11.1-1.0.2.jar, examining for mod candidates
[16:17:53] [Client thread/DEBUG] [FML/]: Found a minecraft related file at C:\Users\brawl\.gradle\caches\modules-2\files-2.1\org.scala-lang\scala-compiler\2.11.1\56ea2e6c025e0821f28d73ca271218b8dd04926a\scala-compiler-2.11.1.jar, examining for mod candidates
[16:17:53] [Client thread/DEBUG] [FML/]: Found a minecraft related file at C:\Users\brawl\.gradle\caches\modules-2\files-2.1\org.scala-lang.plugins\scala-continuations-library_2.11\1.0.2\e517c53a7e9acd6b1668c5a35eccbaa3bab9aac\scala-continuations-library_2.11-1.0.2.jar, examining for mod candidates
[16:17:53] [Client thread/DEBUG] [FML/]: Found a minecraft related file at C:\Users\brawl\.gradle\caches\modules-2\files-2.1\org.scala-lang\scala-reflect\2.11.1\6580347e61cc7f8e802941e7fde40fa83b8badeb\scala-reflect-2.11.1.jar, examining for mod candidates
[16:17:53] [Client thread/DEBUG] [FML/]: Found a minecraft related file at C:\Users\brawl\.gradle\caches\modules-2\files-2.1\org.scala-lang\scala-actors\2.11.0\8ccfb6541de179bb1c4d45cf414acee069b7f78b\scala-actors-2.11.0.jar, examining for mod candidates
[16:17:53] [Client thread/DEBUG] [FML/]: Found a minecraft related file at C:\Users\brawl\.gradle\caches\modules-2\files-2.1\org.scala-lang.modules\scala-xml_2.11\1.0.2\820fbca7e524b530fdadc594c39d49a21ea0337e\scala-xml_2.11-1.0.2.jar, examining for mod candidates
[16:17:53] [Client thread/DEBUG] [FML/]: Found a minecraft related file at C:\Users\brawl\.gradle\caches\modules-2\files-2.1\org.scala-lang.modules\scala-parser-combinators_2.11\1.0.1\f05d7345bf5a58924f2837c6c1f4d73a938e1ff0\scala-parser-combinators_2.11-1.0.1.jar, examining for mod candidates
[16:17:53] [Client thread/DEBUG] [FML/]: Found a minecraft related file at C:\Users\brawl\.gradle\caches\modules-2\files-2.1\org.scala-lang\scala-library\2.11.1\e11da23da3eabab9f4777b9220e60d44c1aab6a\scala-library-2.11.1.jar, examining for mod candidates
[16:17:53] [Client thread/DEBUG] [FML/]: Found a minecraft related file at C:\Users\brawl\.gradle\caches\modules-2\files-2.1\org.scala-lang\scala-parser-combinators_2.11\1.0.1\f05d7345bf5a58924f2837c6c1f4d73a938e1ff0\scala-parser-combinators_2.11-1.0.1.jar, examining for mod candidates
[16:17:53] [Client thread/DEBUG] [FML/]: Found a minecraft related file at C:\Users\brawl\.gradle\caches\modules-2\files-2.1\org.scala-lang\scala-swing_2.11\1.0.1\b1cdd92bd47b1e1837139c1c53020e86bb9112ae\scala-swing_2.11-1.0.1.jar, examining for mod candidates
[16:17:53] [Client thread/DEBUG] [FML/]: Found a minecraft related file at C:\Users\brawl\.gradle\caches\modules-2\files-2.1\org.scala-lang\scala-xml_2.11\1.0.2\7a80ec00aec122fba7cd4e0d4cdd87ff7e4cb6d0\scala-xml_2.11-1.0.2.jar, examining for mod candidates
[16:17:53] [Client thread/DEBUG] [FML/]: Found a minecraft related file at C:\Users\brawl\.gradle\caches\modules-2\files-2.1\net.sf.jopt-simple\jopt-simple\4.5\6065cc95c661255349c1d0756657be17c29a4fd3\jopt-simple-4.5.jar, examining for mod candidates
[16:17:53] [Client thread/DEBUG] [FML/]: Found a minecraft related file at C:\Users\brawl\.gradle\caches\modules-2\files-2.1\lzma\lzma\0.0.1\521616dc7487b42bef0e803bd2fa3faf668101d7\lzma-0.0.1.jar, examining for mod candidates
[16:17:53] [Client thread/DEBUG] [FML/]: Found a minecraft related file at C:\Users\brawl\.gradle\caches\modules-2\files-2.1\com.mojang\realms\1.3.5\807ae355ee63583becd7ea60e76aab1532bb42e\realms-1.3.5.jar, examining for mod candidates
[16:17:53] [Client thread/DEBUG] [FML/]: Found a minecraft related file at C:\Users\brawl\.gradle\caches\modules-2\files-2.1\org.apache.commons\commons-compress\1.8.1\a698750c16740fd5b3871425f4cb3bbaa87f529d\commons-compress-1.8.1.jar, examining for mod candidates
[16:17:53] [Client thread/DEBUG] [FML/]: Found a minecraft related file at C:\Users\brawl\.gradle\caches\modules-2\files-2.1\org.apache.httpcomponents\httpclient\4.3.3\18f4247ff4572a074444572cee34647c43e7c9c7\httpclient-4.3.3.jar, examining for mod candidates
[16:17:53] [Client thread/DEBUG] [FML/]: Found a minecraft related file at C:\Users\brawl\.gradle\caches\modules-2\files-2.1\commons-logging\commons-logging\1.1.3\f6f66e966c70a83ffbdb6f17a0919eaf7c8aca7f\commons-logging-1.1.3.jar, examining for mod candidates
[16:17:53] [Client thread/DEBUG] [FML/]: Found a minecraft related file at C:\Users\brawl\.gradle\caches\modules-2\files-2.1\org.apache.httpcomponents\httpcore\4.3.2\31fbbff1ddbf98f3aa7377c94d33b0447c646b6e\httpcore-4.3.2.jar, examining for mod candidates
[16:17:53] [Client thread/DEBUG] [FML/]: Found a minecraft related file at C:\Users\brawl\.gradle\caches\modules-2\files-2.1\java3d\vecmath\1.3.1\a0ae4f51da409fa0c20fa0ca59e6bbc9413ae71d\vecmath-1.3.1.jar, examining for mod candidates
[16:17:53] [Client thread/DEBUG] [FML/]: Found a minecraft related file at C:\Users\brawl\.gradle\caches\modules-2\files-2.1\net.sf.trove4j\trove4j\3.0.3\42ccaf4761f0dfdfa805c9e340d99a755907e2dd\trove4j-3.0.3.jar, examining for mod candidates
[16:17:53] [Client thread/DEBUG] [FML/]: Found a minecraft related file at C:\Users\brawl\.gradle\caches\modules-2\files-2.1\com.ibm.icu\icu4j-core-mojang\51.2\63d216a9311cca6be337c1e458e587f99d382b84\icu4j-core-mojang-51.2.jar, examining for mod candidates
[16:17:53] [Client thread/DEBUG] [FML/]: Found a minecraft related file at C:\Users\brawl\.gradle\caches\modules-2\files-2.1\com.paulscode\codecjorbis\20101023\c73b5636faf089d9f00e8732a829577de25237ee\codecjorbis-20101023.jar, examining for mod candidates
[16:17:53] [Client thread/DEBUG] [FML/]: Found a minecraft related file at C:\Users\brawl\.gradle\caches\modules-2\files-2.1\com.paulscode\codecwav\20101023\12f031cfe88fef5c1dd36c563c0a3a69bd7261da\codecwav-20101023.jar, examining for mod candidates
[16:17:53] [Client thread/DEBUG] [FML/]: Found a minecraft related file at C:\Users\brawl\.gradle\caches\modules-2\files-2.1\com.paulscode\libraryjavasound\20101123\5c5e304366f75f9eaa2e8cca546a1fb6109348b3\libraryjavasound-20101123.jar, examining for mod candidates
[16:17:53] [Client thread/DEBUG] [FML/]: Found a minecraft related file at C:\Users\brawl\.gradle\caches\modules-2\files-2.1\com.paulscode\librarylwjglopenal\20100824\73e80d0794c39665aec3f62eee88ca91676674ef\librarylwjglopenal-20100824.jar, examining for mod candidates
[16:17:53] [Client thread/DEBUG] [FML/]: Found a minecraft related file at C:\Users\brawl\.gradle\caches\modules-2\files-2.1\com.paulscode\soundsystem\20120107\419c05fe9be71f792b2d76cfc9b67f1ed0fec7f6\soundsystem-20120107.jar, examining for mod candidates
[16:17:53] [Client thread/DEBUG] [FML/]: Found a minecraft related file at C:\Users\brawl\.gradle\caches\modules-2\files-2.1\io.netty\netty-all\4.0.10.Final\9e50bd52ffe257a0e2cd8d971688d6ce7d174325\netty-all-4.0.10.Final.jar, examining for mod candidates
[16:17:53] [Client thread/DEBUG] [FML/]: Found a minecraft related file at C:\Users\brawl\.gradle\caches\modules-2\files-2.1\com.mojang\authlib\1.5.16\ef1582b11fd0943d069cdcb72e99008ac209a283\authlib-1.5.16.jar, examining for mod candidates
[16:17:53] [Client thread/DEBUG] [FML/]: Found a minecraft related file at C:\Users\brawl\.gradle\caches\modules-2\files-2.1\com.google.guava\guava\17.0\9c6ef172e8de35fd8d4d8783e4821e57cdef7445\guava-17.0.jar, examining for mod candidates
[16:17:53] [Client thread/DEBUG] [FML/]: Found a minecraft related file at C:\Users\brawl\.gradle\caches\modules-2\files-2.1\org.apache.commons\commons-lang3\3.3.2\90a3822c38ec8c996e84c16a3477ef632cbc87a3\commons-lang3-3.3.2.jar, examining for mod candidates
[16:17:53] [Client thread/DEBUG] [FML/]: Found a minecraft related file at C:\Users\brawl\.gradle\caches\modules-2\files-2.1\commons-io\commons-io\2.4\b1b6ea3b7e4aa4f492509a4952029cd8e48019ad\commons-io-2.4.jar, examining for mod candidates
[16:17:53] [Client thread/DEBUG] [FML/]: Found a minecraft related file at C:\Users\brawl\.gradle\caches\modules-2\files-2.1\commons-codec\commons-codec\1.9\9ce04e34240f674bc72680f8b843b1457383161a\commons-codec-1.9.jar, examining for mod candidates
[16:17:53] [Client thread/DEBUG] [FML/]: Found a minecraft related file at C:\Users\brawl\.gradle\caches\modules-2\files-2.1\org.lwjgl.lwjgl\lwjgl_util\2.9.1\290d7ba8a1bd9566f5ddf16ad06f09af5ec9b20e\lwjgl_util-2.9.1.jar, examining for mod candidates
[16:17:53] [Client thread/DEBUG] [FML/]: Found a minecraft related file at C:\Users\brawl\.gradle\caches\modules-2\files-2.1\org.lwjgl.lwjgl\lwjgl\2.9.1\f58c5aabcef0e41718a564be9f8e412fff8db847\lwjgl-2.9.1.jar, examining for mod candidates
[16:17:53] [Client thread/DEBUG] [FML/]: Found a minecraft related file at C:\Users\brawl\.gradle\caches\modules-2\files-2.1\net.java.jinput\jinput\2.0.5\39c7796b469a600f72380316f6b1f11db6c2c7c4\jinput-2.0.5.jar, examining for mod candidates
[16:17:53] [Client thread/DEBUG] [FML/]: Found a minecraft related file at C:\Users\brawl\.gradle\caches\modules-2\files-2.1\net.java.jutils\jutils\1.0.0\e12fe1fda814bd348c1579329c86943d2cd3c6a6\jutils-1.0.0.jar, examining for mod candidates
[16:17:53] [Client thread/DEBUG] [FML/]: Found a minecraft related file at C:\Users\brawl\.gradle\caches\modules-2\files-2.1\com.google.code.gson\gson\2.2.4\a60a5e993c98c864010053cb901b7eab25306568\gson-2.2.4.jar, examining for mod candidates
[16:17:53] [Client thread/DEBUG] [FML/]: Found a minecraft related file at C:\Users\brawl\.gradle\caches\modules-2\files-2.1\org.apache.logging.log4j\log4j-core\2.0-beta9\678861ba1b2e1fccb594bb0ca03114bb05da9695\log4j-core-2.0-beta9.jar, examining for mod candidates
[16:17:53] [Client thread/DEBUG] [FML/]: Found a minecraft related file at C:\Users\brawl\.gradle\caches\modules-2\files-2.1\org.apache.logging.log4j\log4j-api\2.0-beta9\1dd66e68cccd907880229f9e2de1314bd13ff785\log4j-api-2.0-beta9.jar, examining for mod candidates
[16:17:53] [Client thread/DEBUG] [FML/]: Found a minecraft related file at C:\Users\brawl\.gradle\caches\modules-2\files-2.1\tv.twitch\twitch\5.16\1f55f009c61637c10c0acfb8b5ffc600f30044b4\twitch-5.16.jar, examining for mod candidates
[16:17:53] [Client thread/DEBUG] [FML/]: Found a minecraft related file at C:\Users\brawl\.gradle\caches\modules-2\files-2.1\net.java.jinput\jinput-platform\2.0.5\7ff832a6eb9ab6a767f1ade2b548092d0fa64795\jinput-platform-2.0.5-natives-linux.jar, examining for mod candidates
[16:17:53] [Client thread/DEBUG] [FML/]: Found a minecraft related file at C:\Users\brawl\.gradle\caches\modules-2\files-2.1\net.java.jinput\jinput-platform\2.0.5\385ee093e01f587f30ee1c8a2ee7d408fd732e16\jinput-platform-2.0.5-natives-windows.jar, examining for mod candidates
[16:17:53] [Client thread/DEBUG] [FML/]: Found a minecraft related file at C:\Users\brawl\.gradle\caches\modules-2\files-2.1\net.java.jinput\jinput-platform\2.0.5\53f9c919f34d2ca9de8c51fc4e1e8282029a9232\jinput-platform-2.0.5-natives-osx.jar, examining for mod candidates
[16:17:53] [Client thread/DEBUG] [FML/]: Found a minecraft related file at C:\Users\brawl\.gradle\caches\modules-2\files-2.1\tv.twitch\twitch-platform\5.16\7c6affe439099806a4f552da14c42f9d643d8b23\twitch-platform-5.16-natives-windows-32.jar, examining for mod candidates
[16:17:53] [Client thread/DEBUG] [FML/]: Found a minecraft related file at C:\Users\brawl\.gradle\caches\modules-2\files-2.1\tv.twitch\twitch-platform\5.16\39d0c3d363735b4785598e0e7fbf8297c706a9f9\twitch-platform-5.16-natives-windows-64.jar, examining for mod candidates
[16:17:53] [Client thread/DEBUG] [FML/]: Found a minecraft related file at C:\Users\brawl\.gradle\caches\modules-2\files-2.1\tv.twitch\twitch-platform\5.16\62503ee712766cf77f97252e5902786fd834b8c5\twitch-platform-5.16-natives-osx.jar, examining for mod candidates
[16:17:53] [Client thread/DEBUG] [FML/]: Found a minecraft related file at C:\Users\brawl\.gradle\caches\modules-2\files-2.1\tv.twitch\twitch-external-platform\4.5\18215140f010c05b9f86ef6f0f8871954d2ccebf\twitch-external-platform-4.5-natives-windows-32.jar, examining for mod candidates
[16:17:53] [Client thread/DEBUG] [FML/]: Found a minecraft related file at C:\Users\brawl\.gradle\caches\modules-2\files-2.1\tv.twitch\twitch-external-platform\4.5\c3cde57891b935d41b6680a9c5e1502eeab76d86\twitch-external-platform-4.5-natives-windows-64.jar, examining for mod candidates
[16:17:53] [Client thread/DEBUG] [FML/]: Found a minecraft related file at C:\Users\brawl\.gradle\caches\modules-2\files-2.1\org.lwjgl.lwjgl\lwjgl-platform\2.9.1\4c517eca808522457dd95ee8fc1fbcdbb602efbe\lwjgl-platform-2.9.1-natives-windows.jar, examining for mod candidates
[16:17:53] [Client thread/DEBUG] [FML/]: Found a minecraft related file at C:\Users\brawl\.gradle\caches\modules-2\files-2.1\org.lwjgl.lwjgl\lwjgl-platform\2.9.1\aa9aae879af8eb378e22cfc64db56ec2ca9a44d1\lwjgl-platform-2.9.1-natives-linux.jar, examining for mod candidates
[16:17:53] [Client thread/DEBUG] [FML/]: Found a minecraft related file at C:\Users\brawl\.gradle\caches\modules-2\files-2.1\org.lwjgl.lwjgl\lwjgl-platform\2.9.1\2d12c83fdfbc04ecabf02c7bc8cc54d034f0daac\lwjgl-platform-2.9.1-natives-osx.jar, examining for mod candidates
[16:17:53] [Client thread/DEBUG] [FML/]: Found a minecraft related file at C:\Users\brawl\Desktop\mods\HTGT-6\build\libs\HiTech6_V_1.0.4_Build_.jar, examining for mod candidates
[16:17:53] [Client thread/TRACE] [FML/]: Skipping known library file C:\Users\brawl\Desktop\mods\HTGT-6\run\mods\CodeChickenCore-1.1.13.jar
[16:17:53] [Client thread/DEBUG] [FML/]: Found a minecraft related file at C:\Users\brawl\Desktop\mods\HTGT-6\run\.\mods\1.7.10\CodeChickenLib-1.1.6-dev.jar, examining for mod candidates
[16:17:53] [Client thread/TRACE] [FML/]: Skipping known library file C:\Users\brawl\Desktop\mods\HTGT-6\run\mods\NotEnoughItems-2.4.13-GTNH.jar
[16:17:53] [Client thread/DEBUG] [FML/]: Minecraft jar mods loaded successfully
[16:17:53] [Client thread/INFO] [FML/]: Found 0 mods from the command line. Injecting into mod discoverer
[16:17:53] [Client thread/INFO] [FML/]: Searching C:\Users\brawl\Desktop\mods\HTGT-6\run\mods for mods
[16:17:53] [Client thread/DEBUG] [FML/]: Found a candidate mod directory 1.7.10
[16:17:53] [Client thread/TRACE] [FML/]: Skipping already parsed coremod or tweaker CodeChickenCore-1.1.13.jar
[16:17:53] [Client thread/DEBUG] [FML/]: Found a candidate zip or jar file IC2Classic-1.7.10-1.2.5 (1).jar
[16:17:53] [Client thread/DEBUG] [FML/]: Found a candidate zip or jar file neiaddons-1.12.15.41-mc1.7.10.jar
[16:17:53] [Client thread/DEBUG] [FML/]: Found a candidate zip or jar file NEIIntegration-MC1.7.10-1.1.2.jar
[16:17:53] [Client thread/TRACE] [FML/]: Skipping already parsed coremod or tweaker NotEnoughItems-2.4.13-GTNH.jar
[16:17:53] [Client thread/INFO] [FML/]: Also searching C:\Users\brawl\Desktop\mods\HTGT-6\run\mods\1.7.10 for mods
[16:17:53] [Client thread/DEBUG] [FML/]: Found a candidate zip or jar file CodeChickenLib-1.1.6-dev.jar
[16:17:53] [Client thread/DEBUG] [FML/]: Examining directory start for potential mods
[16:17:53] [Client thread/DEBUG] [FML/]: No mcmod.info file found in directory start
[16:17:53] [Client thread/TRACE] [FML/]: Recursing into package net
[16:17:53] [Client thread/TRACE] [FML/]: Recursing into package net.minecraftforge
[16:17:53] [Client thread/TRACE] [FML/]: Recursing into package net.minecraftforge.gradle
[16:17:53] [Client thread/TRACE] [FML/]: Recursing into package net.minecraftforge.gradle.tweakers
[16:17:53] [Client thread/DEBUG] [FML/]: Examining file GregTech6-Unofficial-dev.jar for potential mods
[16:17:53] [Client thread/TRACE] [FML/]: Located mcmod.info file in file GregTech6-Unofficial-dev.jar
[16:17:54] [Client thread/DEBUG] [FML/]: Identified a mod of type Lcpw/mods/fml/common/Mod; (gregapi.GT_API) - loading
[16:17:54] [Client thread/TRACE] [gregapi/]: Parsed dependency info : [gregapi_post] [Micdoodlecore] [gregapi_post, IC2, IC2-Classic-Spmod, IC2NuclearControl, ihl, funkylocomotion, Baubles, HardcoreEnderExpansion, ganyssurface, ganysnether, ganysend, woodstuff, craftguide, CoFHAPI, CoFHAPI|energy, CoFHCore, ComputerCraft, OpenComputers, hexcraft, DraconicEvolution, Avaritia, Forestry, MagicBees, BinnieCore, ExtraBees, ExtraTrees, Genetics, Botany, ImmersiveEngineering, UndergroundBiomes, CustomOreGen, PFAAGeologica, mineralogy, globbypotato_rockhounding, candycraftmod, abyssalcraft, soulforest, arsmagica2, Thaumcraft, ForbiddenMagic, Botania, alfheim, witchery, howlingmoon, MoCreatures, GrimoireOfGaia, lycanitesmobs, arcticmobs, demonmobs, desertmobs, forestmobs, freshwatermobs, infernomobs, junglemobs, mountainmobs, plainsmobs, saltwatermobs, shadowmobs, swampmobs, Railcraft, bluepower, ProjRed|Core, ProjRed|Expansion, ProjRed|Integration, ProjRed|Transmission, ProjRed|Transportation, ProjRed|Exploration, ProjRed|Compatibility, ProjRed|Fabrication, ProjRed|Illumination, ProjectE, appliedenergistics2, mo, ThermalFoundation, ThermalDynamics, ThermalExpansion, Ztones, chisel, netheriteplus, netherlicious, etfuturum, betterbeginnings, dynamictrees, BiblioCraft, CarpentersBlocks, betterrecords, TwilightForest, erebus, MineFactoryReloaded, PneumaticCraft, ExtraUtilities, ExtraSimple, EnderIO, RandomThings, ActuallyAdditions, Treecapitator, harvestcraft, cookingbook, AppleCore, enviromine, magicalcrops, BuildCraft|Transport, BuildCraft|Silicon, BuildCraft|Factory, BuildCraft|Energy, BuildCraft|Robotics, BuildCraft|Core, BuildCraft|Builders, Magneticraft, BigReactors, hbm, Eln, DragonAPI, ElectriCraft, ChromatiCraft, ReactorCraft, RotaryCraft, Mekanism, MekanismTools, MekanismGenerators, GalacticraftCore, GalacticraftMars, GalaxySpace, libVulpes, advancedRocketry, thebetweenlands, aether, tropicraft, atum, enhancedbiomes, ExtrabiomesXL, BiomesOPlenty, Highlands, ATG, RTG, RWG, caveworld, Aroma1997sDimension, Mystcraft, warpbook, LostBooks, lootbags, eureka, Enchiridion, Enchiridion2, SimpleAchievements, HardcoreQuesting, StorageDrawers, betterstorage, JABBA, Mariculture, psychedelicraft, BambooMod, plantmegapack, fossil, Growthcraft, Growthcraft|Apples, Growthcraft|Bamboo, Growthcraft|Bees, Growthcraft|Cellar, Growthcraft|Fishtrap, Growthcraft|Grapes, Growthcraft|Hops, Growthcraft|Milk, Growthcraft|Rice, battlegear2, weaponmod, openmodularturrets, Techguns, meteors, factorization, Mantle, OpenBlocks, progressiveautomation, TConstruct, minefantasy2, Translocator, WR-CBE|Core, WR-CBE|Addons, WR-CBE|Logic, voltzengine, mffs, icbmclassic, atomicscience, inventorytweaks, ironbackpacks, journeymap, LogisticsPipes, LunatriusCore, NEIAddons, NEIAddons|Developer, NEIAddons|AppEng, NEIAddons|Botany, NEIAddons|Forestry, NEIAddons|CraftingTables, NEIAddons|ExNihilo, neiintegration, openglasses, simplyjetpacks, Stackie, StevesCarts, TiCTooltips, worldedit, McMultipart, OpenPeripheralCore, OpenPeripheralIntegration, OpenPeripheral]
[16:17:54] [Client thread/DEBUG] [FML/]: Identified a mod of type Lcpw/mods/fml/common/Mod; (gregapi.GT_API_Post) - loading
[16:17:54] [Client thread/TRACE] [gregapi_post/]: Parsed dependency info : [gregapi] [gregapi, Micdoodlecore, IC2, IC2-Classic-Spmod, IC2NuclearControl, ihl, funkylocomotion, Baubles, HardcoreEnderExpansion, ganyssurface, ganysnether, ganysend, woodstuff, craftguide, CoFHAPI, CoFHAPI|energy, CoFHCore, ComputerCraft, OpenComputers, hexcraft, DraconicEvolution, Avaritia, Forestry, MagicBees, BinnieCore, ExtraBees, ExtraTrees, Genetics, Botany, ImmersiveEngineering, UndergroundBiomes, CustomOreGen, PFAAGeologica, mineralogy, globbypotato_rockhounding, candycraftmod, abyssalcraft, soulforest, arsmagica2, Thaumcraft, ForbiddenMagic, Botania, alfheim, witchery, howlingmoon, MoCreatures, GrimoireOfGaia, lycanitesmobs, arcticmobs, demonmobs, desertmobs, forestmobs, freshwatermobs, infernomobs, junglemobs, mountainmobs, plainsmobs, saltwatermobs, shadowmobs, swampmobs, Railcraft, bluepower, ProjRed|Core, ProjRed|Expansion, ProjRed|Integration, ProjRed|Transmission, ProjRed|Transportation, ProjRed|Exploration, ProjRed|Compatibility, ProjRed|Fabrication, ProjRed|Illumination, ProjectE, appliedenergistics2, mo, ThermalFoundation, ThermalDynamics, ThermalExpansion, Ztones, chisel, netheriteplus, netherlicious, etfuturum, betterbeginnings, dynamictrees, BiblioCraft, CarpentersBlocks, betterrecords, TwilightForest, erebus, MineFactoryReloaded, PneumaticCraft, ExtraUtilities, ExtraSimple, EnderIO, RandomThings, ActuallyAdditions, Treecapitator, harvestcraft, cookingbook, AppleCore, enviromine, magicalcrops, BuildCraft|Transport, BuildCraft|Silicon, BuildCraft|Factory, BuildCraft|Energy, BuildCraft|Robotics, BuildCraft|Core, BuildCraft|Builders, Magneticraft, BigReactors, hbm, Eln, DragonAPI, ElectriCraft, ChromatiCraft, ReactorCraft, RotaryCraft, Mekanism, MekanismTools, MekanismGenerators, GalacticraftCore, GalacticraftMars, GalaxySpace, libVulpes, advancedRocketry, thebetweenlands, aether, tropicraft, atum, enhancedbiomes, ExtrabiomesXL, BiomesOPlenty, Highlands, ATG, RTG, RWG, caveworld, Aroma1997Core, Aroma1997sDimension, Mystcraft, warpbook, LostBooks, lootbags, eureka, Enchiridion, Enchiridion2, SimpleAchievements, HardcoreQuesting, StorageDrawers, betterstorage, JABBA, Mariculture, psychedelicraft, BambooMod, plantmegapack, fossil, Growthcraft, Growthcraft|Apples, Growthcraft|Bamboo, Growthcraft|Bees, Growthcraft|Cellar, Growthcraft|Fishtrap, Growthcraft|Grapes, Growthcraft|Hops, Growthcraft|Milk, Growthcraft|Rice, battlegear2, weaponmod, openmodularturrets, Techguns, meteors, factorization, Mantle, OpenBlocks, progressiveautomation, TConstruct, minefantasy2, Translocator, WR-CBE|Core, WR-CBE|Addons, WR-CBE|Logic, voltzengine, mffs, icbmclassic, atomicscience, inventorytweaks, ironbackpacks, journeymap, LogisticsPipes, LunatriusCore, NEIAddons, NEIAddons|Developer, NEIAddons|AppEng, NEIAddons|Botany, NEIAddons|Forestry, NEIAddons|CraftingTables, NEIAddons|ExNihilo, neiintegration, openglasses, simplyjetpacks, Stackie, StevesCarts, TiCTooltips, worldedit, McMultipart] []
[16:17:54] [Client thread/DEBUG] [FML/]: Identified a mod of type Lcpw/mods/fml/common/Mod; (gregtech.GT6_Main) - loading
[16:17:54] [Client thread/TRACE] [gregtech/]: Parsed dependency info : [gregapi_post] [gregapi_post] []
[16:17:54] [Client thread/DEBUG] [FML/]: Examining file forgeSrc-1.7.10-10.13.4.1614-1.7.10.jar for potential mods
[16:17:54] [Client thread/DEBUG] [FML/]: The mod container forgeSrc-1.7.10-10.13.4.1614-1.7.10.jar appears to be missing an mcmod.info file
[16:17:55] [Client thread/DEBUG] [FML/]: Examining file launchwrapper-1.12.jar for potential mods
[16:17:55] [Client thread/DEBUG] [FML/]: The mod container launchwrapper-1.12.jar appears to be missing an mcmod.info file
[16:17:55] [Client thread/DEBUG] [FML/]: Examining file jsr305-1.3.9.jar for potential mods
[16:17:55] [Client thread/DEBUG] [FML/]: The mod container jsr305-1.3.9.jar appears to be missing an mcmod.info file
[16:17:55] [Client thread/DEBUG] [FML/]: Examining file asm-debug-all-5.0.3.jar for potential mods
[16:17:55] [Client thread/DEBUG] [FML/]: The mod container asm-debug-all-5.0.3.jar appears to be missing an mcmod.info file
[16:17:55] [Client thread/DEBUG] [FML/]: Examining file akka-actor_2.11-2.3.3.jar for potential mods
[16:17:55] [Client thread/DEBUG] [FML/]: The mod container akka-actor_2.11-2.3.3.jar appears to be missing an mcmod.info file
[16:17:55] [Client thread/DEBUG] [FML/]: Examining file config-1.2.1.jar for potential mods
[16:17:55] [Client thread/DEBUG] [FML/]: The mod container config-1.2.1.jar appears to be missing an mcmod.info file
[16:17:55] [Client thread/DEBUG] [FML/]: Examining file scala-actors-migration_2.11-1.1.0.jar for potential mods
[16:17:55] [Client thread/DEBUG] [FML/]: The mod container scala-actors-migration_2.11-1.1.0.jar appears to be missing an mcmod.info file
[16:17:55] [Client thread/DEBUG] [FML/]: Examining file scala-continuations-plugin_2.11.1-1.0.2.jar for potential mods
[16:17:55] [Client thread/DEBUG] [FML/]: The mod container scala-continuations-plugin_2.11.1-1.0.2.jar appears to be missing an mcmod.info file
[16:17:55] [Client thread/DEBUG] [FML/]: Examining file scala-compiler-2.11.1.jar for potential mods
[16:17:55] [Client thread/DEBUG] [FML/]: The mod container scala-compiler-2.11.1.jar appears to be missing an mcmod.info file
[16:17:57] [Client thread/DEBUG] [FML/]: Examining file scala-continuations-library_2.11-1.0.2.jar for potential mods
[16:17:57] [Client thread/DEBUG] [FML/]: The mod container scala-continuations-library_2.11-1.0.2.jar appears to be missing an mcmod.info file
[16:17:57] [Client thread/DEBUG] [FML/]: Examining file scala-reflect-2.11.1.jar for potential mods
[16:17:57] [Client thread/DEBUG] [FML/]: The mod container scala-reflect-2.11.1.jar appears to be missing an mcmod.info file
[16:17:58] [Client thread/DEBUG] [FML/]: Examining file scala-actors-2.11.0.jar for potential mods
[16:17:58] [Client thread/DEBUG] [FML/]: The mod container scala-actors-2.11.0.jar appears to be missing an mcmod.info file
[16:17:58] [Client thread/DEBUG] [FML/]: Examining file scala-xml_2.11-1.0.2.jar for potential mods
[16:17:58] [Client thread/DEBUG] [FML/]: The mod container scala-xml_2.11-1.0.2.jar appears to be missing an mcmod.info file
[16:17:58] [Client thread/DEBUG] [FML/]: Examining file scala-parser-combinators_2.11-1.0.1.jar for potential mods
[16:17:58] [Client thread/DEBUG] [FML/]: The mod container scala-parser-combinators_2.11-1.0.1.jar appears to be missing an mcmod.info file
[16:17:58] [Client thread/DEBUG] [FML/]: Examining file scala-library-2.11.1.jar for potential mods
[16:17:58] [Client thread/DEBUG] [FML/]: The mod container scala-library-2.11.1.jar appears to be missing an mcmod.info file
[16:17:58] [Client thread/DEBUG] [FML/]: Examining file scala-parser-combinators_2.11-1.0.1.jar for potential mods
[16:17:58] [Client thread/DEBUG] [FML/]: The mod container scala-parser-combinators_2.11-1.0.1.jar appears to be missing an mcmod.info file
[16:17:58] [Client thread/DEBUG] [FML/]: Examining file scala-swing_2.11-1.0.1.jar for potential mods
[16:17:58] [Client thread/DEBUG] [FML/]: The mod container scala-swing_2.11-1.0.1.jar appears to be missing an mcmod.info file
[16:17:58] [Client thread/DEBUG] [FML/]: Examining file scala-xml_2.11-1.0.2.jar for potential mods
[16:17:58] [Client thread/DEBUG] [FML/]: The mod container scala-xml_2.11-1.0.2.jar appears to be missing an mcmod.info file
[16:17:58] [Client thread/DEBUG] [FML/]: Examining file jopt-simple-4.5.jar for potential mods
[16:17:58] [Client thread/DEBUG] [FML/]: The mod container jopt-simple-4.5.jar appears to be missing an mcmod.info file
[16:17:58] [Client thread/DEBUG] [FML/]: Examining file lzma-0.0.1.jar for potential mods
[16:17:58] [Client thread/DEBUG] [FML/]: The mod container lzma-0.0.1.jar appears to be missing an mcmod.info file
[16:17:58] [Client thread/DEBUG] [FML/]: Examining file realms-1.3.5.jar for potential mods
[16:17:58] [Client thread/DEBUG] [FML/]: The mod container realms-1.3.5.jar appears to be missing an mcmod.info file
[16:17:58] [Client thread/DEBUG] [FML/]: Examining file commons-compress-1.8.1.jar for potential mods
[16:17:58] [Client thread/DEBUG] [FML/]: The mod container commons-compress-1.8.1.jar appears to be missing an mcmod.info file
[16:17:58] [Client thread/DEBUG] [FML/]: Examining file httpclient-4.3.3.jar for potential mods
[16:17:58] [Client thread/DEBUG] [FML/]: The mod container httpclient-4.3.3.jar appears to be missing an mcmod.info file
[16:17:58] [Client thread/DEBUG] [FML/]: Examining file commons-logging-1.1.3.jar for potential mods
[16:17:58] [Client thread/DEBUG] [FML/]: The mod container commons-logging-1.1.3.jar appears to be missing an mcmod.info file
[16:17:58] [Client thread/DEBUG] [FML/]: Examining file httpcore-4.3.2.jar for potential mods
[16:17:58] [Client thread/DEBUG] [FML/]: The mod container httpcore-4.3.2.jar appears to be missing an mcmod.info file
[16:17:58] [Client thread/DEBUG] [FML/]: Examining file vecmath-1.3.1.jar for potential mods
[16:17:58] [Client thread/DEBUG] [FML/]: The mod container vecmath-1.3.1.jar appears to be missing an mcmod.info file
[16:17:58] [Client thread/DEBUG] [FML/]: Examining file trove4j-3.0.3.jar for potential mods
[16:17:59] [Client thread/DEBUG] [FML/]: The mod container trove4j-3.0.3.jar appears to be missing an mcmod.info file
[16:17:59] [Client thread/DEBUG] [FML/]: Examining file icu4j-core-mojang-51.2.jar for potential mods
[16:17:59] [Client thread/DEBUG] [FML/]: The mod container icu4j-core-mojang-51.2.jar appears to be missing an mcmod.info file
[16:17:59] [Client thread/DEBUG] [FML/]: Examining file codecjorbis-20101023.jar for potential mods
[16:17:59] [Client thread/DEBUG] [FML/]: The mod container codecjorbis-20101023.jar appears to be missing an mcmod.info file
[16:17:59] [Client thread/DEBUG] [FML/]: Examining file codecwav-20101023.jar for potential mods
[16:17:59] [Client thread/DEBUG] [FML/]: The mod container codecwav-20101023.jar appears to be missing an mcmod.info file
[16:17:59] [Client thread/DEBUG] [FML/]: Examining file libraryjavasound-20101123.jar for potential mods
[16:17:59] [Client thread/DEBUG] [FML/]: The mod container libraryjavasound-20101123.jar appears to be missing an mcmod.info file
[16:17:59] [Client thread/DEBUG] [FML/]: Examining file librarylwjglopenal-20100824.jar for potential mods
[16:17:59] [Client thread/DEBUG] [FML/]: The mod container librarylwjglopenal-20100824.jar appears to be missing an mcmod.info file
[16:17:59] [Client thread/DEBUG] [FML/]: Examining file soundsystem-20120107.jar for potential mods
[16:17:59] [Client thread/DEBUG] [FML/]: The mod container soundsystem-20120107.jar appears to be missing an mcmod.info file
[16:17:59] [Client thread/DEBUG] [FML/]: Examining file netty-all-4.0.10.Final.jar for potential mods
[16:17:59] [Client thread/DEBUG] [FML/]: The mod container netty-all-4.0.10.Final.jar appears to be missing an mcmod.info file
[16:17:59] [Client thread/DEBUG] [FML/]: Examining file authlib-1.5.16.jar for potential mods
[16:17:59] [Client thread/DEBUG] [FML/]: The mod container authlib-1.5.16.jar appears to be missing an mcmod.info file
[16:17:59] [Client thread/DEBUG] [FML/]: Examining file guava-17.0.jar for potential mods
[16:17:59] [Client thread/DEBUG] [FML/]: The mod container guava-17.0.jar appears to be missing an mcmod.info file
[16:17:59] [Client thread/DEBUG] [FML/]: Examining file commons-lang3-3.3.2.jar for potential mods
[16:17:59] [Client thread/DEBUG] [FML/]: The mod container commons-lang3-3.3.2.jar appears to be missing an mcmod.info file
[16:17:59] [Client thread/DEBUG] [FML/]: Examining file commons-io-2.4.jar for potential mods
[16:17:59] [Client thread/DEBUG] [FML/]: The mod container commons-io-2.4.jar appears to be missing an mcmod.info file
[16:18:00] [Client thread/DEBUG] [FML/]: Examining file commons-codec-1.9.jar for potential mods
[16:18:00] [Client thread/DEBUG] [FML/]: The mod container commons-codec-1.9.jar appears to be missing an mcmod.info file
[16:18:00] [Client thread/DEBUG] [FML/]: Examining file lwjgl_util-2.9.1.jar for potential mods
[16:18:00] [Client thread/DEBUG] [FML/]: The mod container lwjgl_util-2.9.1.jar appears to be missing an mcmod.info file
[16:18:00] [Client thread/DEBUG] [FML/]: Examining file lwjgl-2.9.1.jar for potential mods
[16:18:00] [Client thread/DEBUG] [FML/]: The mod container lwjgl-2.9.1.jar appears to be missing an mcmod.info file
[16:18:00] [Client thread/DEBUG] [FML/]: Examining file jinput-2.0.5.jar for potential mods
[16:18:00] [Client thread/DEBUG] [FML/]: The mod container jinput-2.0.5.jar appears to be missing an mcmod.info file
[16:18:00] [Client thread/DEBUG] [FML/]: Examining file jutils-1.0.0.jar for potential mods
[16:18:00] [Client thread/DEBUG] [FML/]: The mod container jutils-1.0.0.jar appears to be missing an mcmod.info file
[16:18:00] [Client thread/DEBUG] [FML/]: Examining file gson-2.2.4.jar for potential mods
[16:18:00] [Client thread/DEBUG] [FML/]: The mod container gson-2.2.4.jar appears to be missing an mcmod.info file
[16:18:00] [Client thread/DEBUG] [FML/]: Examining file log4j-core-2.0-beta9.jar for potential mods
[16:18:00] [Client thread/DEBUG] [FML/]: The mod container log4j-core-2.0-beta9.jar appears to be missing an mcmod.info file
[16:18:00] [Client thread/DEBUG] [FML/]: Examining file log4j-api-2.0-beta9.jar for potential mods
[16:18:00] [Client thread/DEBUG] [FML/]: The mod container log4j-api-2.0-beta9.jar appears to be missing an mcmod.info file
[16:18:00] [Client thread/DEBUG] [FML/]: Examining file twitch-5.16.jar for potential mods
[16:18:00] [Client thread/DEBUG] [FML/]: The mod container twitch-5.16.jar appears to be missing an mcmod.info file
[16:18:00] [Client thread/DEBUG] [FML/]: Examining file jinput-platform-2.0.5-natives-linux.jar for potential mods
[16:18:00] [Client thread/DEBUG] [FML/]: The mod container jinput-platform-2.0.5-natives-linux.jar appears to be missing an mcmod.info file
[16:18:00] [Client thread/DEBUG] [FML/]: Examining file jinput-platform-2.0.5-natives-windows.jar for potential mods
[16:18:00] [Client thread/DEBUG] [FML/]: The mod container jinput-platform-2.0.5-natives-windows.jar appears to be missing an mcmod.info file
[16:18:00] [Client thread/DEBUG] [FML/]: Examining file jinput-platform-2.0.5-natives-osx.jar for potential mods
[16:18:00] [Client thread/DEBUG] [FML/]: The mod container jinput-platform-2.0.5-natives-osx.jar appears to be missing an mcmod.info file
[16:18:00] [Client thread/DEBUG] [FML/]: Examining file twitch-platform-5.16-natives-windows-32.jar for potential mods
[16:18:00] [Client thread/DEBUG] [FML/]: The mod container twitch-platform-5.16-natives-windows-32.jar appears to be missing an mcmod.info file
[16:18:00] [Client thread/DEBUG] [FML/]: Examining file twitch-platform-5.16-natives-windows-64.jar for potential mods
[16:18:00] [Client thread/DEBUG] [FML/]: The mod container twitch-platform-5.16-natives-windows-64.jar appears to be missing an mcmod.info file
[16:18:00] [Client thread/DEBUG] [FML/]: Examining file twitch-platform-5.16-natives-osx.jar for potential mods
[16:18:00] [Client thread/DEBUG] [FML/]: The mod container twitch-platform-5.16-natives-osx.jar appears to be missing an mcmod.info file
[16:18:00] [Client thread/DEBUG] [FML/]: Examining file twitch-external-platform-4.5-natives-windows-32.jar for potential mods
[16:18:00] [Client thread/DEBUG] [FML/]: The mod container twitch-external-platform-4.5-natives-windows-32.jar appears to be missing an mcmod.info file
[16:18:00] [Client thread/DEBUG] [FML/]: Examining file twitch-external-platform-4.5-natives-windows-64.jar for potential mods
[16:18:00] [Client thread/DEBUG] [FML/]: The mod container twitch-external-platform-4.5-natives-windows-64.jar appears to be missing an mcmod.info file
[16:18:00] [Client thread/DEBUG] [FML/]: Examining file lwjgl-platform-2.9.1-natives-windows.jar for potential mods
[16:18:00] [Client thread/DEBUG] [FML/]: The mod container lwjgl-platform-2.9.1-natives-windows.jar appears to be missing an mcmod.info file
[16:18:00] [Client thread/DEBUG] [FML/]: Examining file lwjgl-platform-2.9.1-natives-linux.jar for potential mods
[16:18:00] [Client thread/DEBUG] [FML/]: The mod container lwjgl-platform-2.9.1-natives-linux.jar appears to be missing an mcmod.info file
[16:18:00] [Client thread/DEBUG] [FML/]: Examining file lwjgl-platform-2.9.1-natives-osx.jar for potential mods
[16:18:00] [Client thread/DEBUG] [FML/]: The mod container lwjgl-platform-2.9.1-natives-osx.jar appears to be missing an mcmod.info file
[16:18:00] [Client thread/DEBUG] [FML/]: Examining file HiTech6_V_1.0.4_Build_.jar for potential mods
[16:18:00] [Client thread/TRACE] [FML/]: Located mcmod.info file in file HiTech6_V_1.0.4_Build_.jar
[16:18:00] [Client thread/DEBUG] [FML/]: Identified a mod of type Lcpw/mods/fml/common/Mod; (com.mod.htgt6.HTGT6) - loading
[16:18:00] [Client thread/TRACE] [HTGT6/]: Parsed dependency info : [] [] []
[16:18:00] [Client thread/DEBUG] [FML/]: Examining file CodeChickenLib-1.1.6-dev.jar for potential mods
[16:18:00] [Client thread/DEBUG] [FML/]: The mod container CodeChickenLib-1.1.6-dev.jar appears to be missing an mcmod.info file
[16:18:00] [Client thread/DEBUG] [FML/]: Examining directory 1.7.10 for potential mods
[16:18:00] [Client thread/DEBUG] [FML/]: No mcmod.info file found in directory 1.7.10
[16:18:00] [Client thread/DEBUG] [FML/]: Examining file IC2Classic-1.7.10-1.2.5 (1).jar for potential mods
[16:18:00] [Client thread/DEBUG] [FML/]: The mod container IC2Classic-1.7.10-1.2.5 (1).jar appears to be missing an mcmod.info file
[16:18:00] [Client thread/DEBUG] [FML/]: Identified a mod of type Lcpw/mods/fml/common/Mod; (ic2.core.IC2) - loading
[16:18:00] [Client thread/TRACE] [IC2/]: Parsed dependency info : [] [] []
[16:18:00] [Client thread/DEBUG] [FML/]: Identified a mod of type Lcpw/mods/fml/common/Mod; (ic2.core.util.Classic) - loading
[16:18:00] [Client thread/TRACE] [IC2-Classic-Spmod/]: Parsed dependency info : [] [] []
[16:18:00] [Client thread/DEBUG] [FML/]: Examining file neiaddons-1.12.15.41-mc1.7.10.jar for potential mods
[16:18:00] [Client thread/TRACE] [FML/]: Located mcmod.info file in file neiaddons-1.12.15.41-mc1.7.10.jar
[16:18:00] [Client thread/DEBUG] [FML/]: Identified a mod of type Lcpw/mods/fml/common/Mod; (net.bdew.neiaddons.developer.AddonDeveloper) - loading
[16:18:00] [Client thread/TRACE] [NEIAddons|Developer/]: Parsed dependency info : [] [NEIAddons] []
[16:18:00] [Client thread/DEBUG] [FML/]: Identified a mod of type Lcpw/mods/fml/common/Mod; (net.bdew.neiaddons.appeng.AddonAppeng) - loading
[16:18:00] [Client thread/TRACE] [NEIAddons|AppEng/]: Parsed dependency info : [] [NEIAddons, appliedenergistics2] []
[16:18:00] [Client thread/DEBUG] [FML/]: Identified a mod of type Lcpw/mods/fml/common/Mod; (net.bdew.neiaddons.botany.AddonBotany) - loading
[16:18:00] [Client thread/TRACE] [NEIAddons|Botany/]: Parsed dependency info : [] [NEIAddons, Botany] []
[16:18:00] [Client thread/DEBUG] [FML/]: Identified a mod of type Lcpw/mods/fml/common/Mod; (net.bdew.neiaddons.forestry.AddonForestry) - loading
[16:18:00] [Client thread/TRACE] [NEIAddons|Forestry/]: Parsed dependency info : [] [NEIAddons, Forestry] []
[16:18:00] [Client thread/DEBUG] [FML/]: Identified a mod of type Lcpw/mods/fml/common/Mod; (net.bdew.neiaddons.crafting.AddonCraftingTables) - loading
[16:18:00] [Client thread/TRACE] [NEIAddons|CraftingTables/]: Parsed dependency info : [] [NEIAddons] []
[16:18:00] [Client thread/DEBUG] [FML/]: Identified a mod of type Lcpw/mods/fml/common/Mod; (net.bdew.neiaddons.NEIAddons) - loading
[16:18:00] [Client thread/TRACE] [NEIAddons/]: Parsed dependency info : [] [NotEnoughItems] []
[16:18:00] [Client thread/DEBUG] [FML/]: Identified a mod of type Lcpw/mods/fml/common/Mod; (net.bdew.neiaddons.exnihilo.AddonExnihilo) - loading
[16:18:00] [Client thread/TRACE] [NEIAddons|ExNihilo/]: Parsed dependency info : [] [exnihilo] []
[16:18:00] [Client thread/DEBUG] [FML/]: Examining file NEIIntegration-MC1.7.10-1.1.2.jar for potential mods
[16:18:00] [Client thread/TRACE] [FML/]: Located mcmod.info file in file NEIIntegration-MC1.7.10-1.1.2.jar
[16:18:00] [Client thread/DEBUG] [FML/]: Identified a mod of type Lcpw/mods/fml/common/Mod; (tonius.neiintegration.NEIIntegration) - loading
[16:18:00] [Client thread/TRACE] [neiintegration/]: Parsed dependency info : [] [] []
[16:18:00] [Client thread/DEBUG] [FML/]: Examining file CodeChickenLib-1.1.6-dev.jar for potential mods
[16:18:00] [Client thread/DEBUG] [FML/]: The mod container CodeChickenLib-1.1.6-dev.jar appears to be missing an mcmod.info file
[16:18:00] [Client thread/INFO] [FML/]: Forge Mod Loader has identified 20 mods to load
[16:18:00] [Client thread/DEBUG] [FML/]: Found API ic2.api.recipe (owned by IC2 providing IC2API) embedded in IC2
[16:18:00] [Client thread/DEBUG] [FML/]: Found API ic2.api.recipe (owned by IC2 providing IC2API) embedded in IC2-Classic-Spmod
[16:18:00] [Client thread/DEBUG] [FML/]: Found API ic2.api.reactor (owned by IC2 providing IC2API) embedded in IC2
[16:18:00] [Client thread/DEBUG] [FML/]: Found API ic2.api.crops (owned by IC2 providing IC2API) embedded in IC2
[16:18:00] [Client thread/DEBUG] [FML/]: Found API ic2.api.util (owned by IC2 providing IC2API) embedded in IC2
[16:18:00] [Client thread/DEBUG] [FML/]: Found API ic2.api.info (owned by IC2 providing IC2API) embedded in IC2
[16:18:00] [Client thread/DEBUG] [FML/]: Found API ic2.api.tile (owned by IC2 providing IC2API) embedded in IC2
[16:18:00] [Client thread/DEBUG] [FML/]: Found API ic2.api (owned by IC2 providing IC2API) embedded in IC2
[16:18:00] [Client thread/DEBUG] [FML/]: Found API ic2.api.energy.event (owned by IC2 providing IC2API) embedded in IC2
[16:18:00] [Client thread/DEBUG] [FML/]: Found API ic2.api.energy (owned by IC2 providing IC2API) embedded in IC2
[16:18:00] [Client thread/DEBUG] [FML/]: Found API ic2.api.energy.prefab (owned by IC2 providing IC2API) embedded in IC2
[16:18:00] [Client thread/DEBUG] [FML/]: Found API ic2.api.item (owned by IC2 providing IC2API) embedded in IC2
[16:18:00] [Client thread/DEBUG] [FML/]: Found API ic2.api.network (owned by IC2 providing IC2API) embedded in IC2
[16:18:00] [Client thread/DEBUG] [FML/]: Found API ic2.api.event (owned by IC2 providing IC2API) embedded in IC2
[16:18:00] [Client thread/DEBUG] [FML/]: Found API ic2.api.energy.tile (owned by IC2 providing IC2API) embedded in IC2
[16:18:00] [Client thread/DEBUG] [FML/]: Creating API container dummy for API IC2API: owner: IC2, dependents: [IC2-Classic-Spmod]
[16:18:00] [Client thread/TRACE] [FML/]: Received a system property request ''
[16:18:00] [Client thread/TRACE] [FML/]: System property request managing the state of 0 mods
[16:18:00] [Client thread/DEBUG] [FML/]: After merging, found state information for 0 mods
[16:18:00] [Client thread/DEBUG] [FML/]: Found translations in forgeSrc-1.7.10-10.13.4.1614-1.7.10.jar [en_US, af_ZA, ar_SA, br_FR, ca_ES, cs_CZ, da_DK, de_DE, el_GR, en_US, es_ES, fa_IR, fi_FI, fr_FR, he_IL, hu_HU, it_IT, ja_JP, ko_KR, lt_LT, nb_NO, nl_NL, nn_NO, no_NO, pl_PL, pt_BR, pt_PT, ro_RO, ru_RU, sl_SI, sr_SP, sv_SE, tr_TR, uk_UA, vi_VN, zh_CN, zh_TW, en_US]
[16:18:00] [Client thread/DEBUG] [FML/]: Found translations in forgeSrc-1.7.10-10.13.4.1614-1.7.10.jar [en_US, af_ZA, ar_SA, br_FR, ca_ES, cs_CZ, da_DK, de_DE, el_GR, en_US, es_ES, fa_IR, fi_FI, fr_FR, he_IL, hu_HU, it_IT, ja_JP, ko_KR, lt_LT, nb_NO, nl_NL, nn_NO, no_NO, pl_PL, pt_BR, pt_PT, ro_RO, ru_RU, sl_SI, sr_SP, sv_SE, tr_TR, uk_UA, vi_VN, zh_CN, zh_TW, en_US]
[16:18:00] [Client thread/DEBUG] [FML/]: Found translations in NotEnoughItems-2.4.13-GTNH.jar [tr_TR, cs_CZ, et_EE, zh_CN, ru_RU, ko_KR, it_IT, sk_SK, zh_TW, pl_PL, fr_FR, de_DE, en_US, pt_BR]
[16:18:00] [Client thread/DEBUG] [gregapi/]: Enabling mod gregapi
[16:18:00] [Client thread/DEBUG] [FML/]: Found translations in GregTech6-Unofficial-dev.jar [en_US, ru_RU, zh_CN, en_GB, en_US]
[16:18:00] [Client thread/DEBUG] [gregapi_post/]: Enabling mod gregapi_post
[16:18:01] [Client thread/DEBUG] [FML/]: Found translations in GregTech6-Unofficial-dev.jar [en_US, ru_RU, zh_CN, en_GB, en_US]
[16:18:01] [Client thread/DEBUG] [gregtech/]: Enabling mod gregtech
[16:18:01] [Client thread/DEBUG] [FML/]: Found translations in GregTech6-Unofficial-dev.jar [en_US, ru_RU, zh_CN, en_GB, en_US]
[16:18:01] [Client thread/DEBUG] [HTGT6/]: Enabling mod HTGT6
[16:18:01] [Client thread/DEBUG] [FML/]: Found translations in HiTech6_V_1.0.4_Build_.jar [en_US, ru_RU]
[16:18:01] [Client thread/DEBUG] [IC2/]: Enabling mod IC2
[16:18:01] [Client thread/DEBUG] [FML/]: Found translations in IC2Classic-1.7.10-1.2.5 (1).jar [en_US, ru_RU]
[16:18:01] [Client thread/DEBUG] [IC2-Classic-Spmod/]: Enabling mod IC2-Classic-Spmod
[16:18:01] [Client thread/DEBUG] [FML/]: Found translations in IC2Classic-1.7.10-1.2.5 (1).jar [en_US, ru_RU]
[16:18:01] [Client thread/DEBUG] [NEIAddons|Developer/]: Enabling mod NEIAddons|Developer
[16:18:01] [Client thread/DEBUG] [FML/]: Found translations in neiaddons-1.12.15.41-mc1.7.10.jar [cs_CZ, en_US, zh_CN, fr_FR, fr_CA, ru_RU, it_IT]
[16:18:01] [Client thread/DEBUG] [NEIAddons|AppEng/]: Enabling mod NEIAddons|AppEng
[16:18:01] [Client thread/DEBUG] [FML/]: Found translations in neiaddons-1.12.15.41-mc1.7.10.jar [cs_CZ, en_US, zh_CN, fr_FR, fr_CA, ru_RU, it_IT]
[16:18:01] [Client thread/DEBUG] [NEIAddons|Botany/]: Enabling mod NEIAddons|Botany
[16:18:01] [Client thread/DEBUG] [FML/]: Found translations in neiaddons-1.12.15.41-mc1.7.10.jar [cs_CZ, en_US, zh_CN, fr_FR, fr_CA, ru_RU, it_IT]
[16:18:01] [Client thread/DEBUG] [NEIAddons|Forestry/]: Enabling mod NEIAddons|Forestry
[16:18:01] [Client thread/DEBUG] [FML/]: Found translations in neiaddons-1.12.15.41-mc1.7.10.jar [cs_CZ, en_US, zh_CN, fr_FR, fr_CA, ru_RU, it_IT]
[16:18:01] [Client thread/DEBUG] [NEIAddons|CraftingTables/]: Enabling mod NEIAddons|CraftingTables
[16:18:01] [Client thread/DEBUG] [FML/]: Found translations in neiaddons-1.12.15.41-mc1.7.10.jar [cs_CZ, en_US, zh_CN, fr_FR, fr_CA, ru_RU, it_IT]
[16:18:01] [Client thread/DEBUG] [NEIAddons/]: Enabling mod NEIAddons
[16:18:01] [Client thread/DEBUG] [FML/]: Found translations in neiaddons-1.12.15.41-mc1.7.10.jar [cs_CZ, en_US, zh_CN, fr_FR, fr_CA, ru_RU, it_IT]
[16:18:01] [Client thread/DEBUG] [NEIAddons|ExNihilo/]: Enabling mod NEIAddons|ExNihilo
[16:18:01] [Client thread/DEBUG] [FML/]: Found translations in neiaddons-1.12.15.41-mc1.7.10.jar [cs_CZ, en_US, zh_CN, fr_FR, fr_CA, ru_RU, it_IT]
[16:18:01] [Client thread/DEBUG] [neiintegration/]: Enabling mod neiintegration
[16:18:01] [Client thread/DEBUG] [FML/]: Found translations in NEIIntegration-MC1.7.10-1.1.2.jar [cs_CZ, en_US, es_ES, ru_RU]
[16:18:01] [Client thread/TRACE] [FML/]: Verifying mod requirements are satisfied
[16:18:01] [Client thread/TRACE] [FML/]: All mod requirements are satisfied
[16:18:01] [Client thread/TRACE] [FML/]: Sorting mods into an ordered list
[16:18:01] [Client thread/TRACE] [FML/]: Mod sorting completed successfully
[16:18:01] [Client thread/DEBUG] [FML/]: Mod sorting data
[16:18:01] [Client thread/DEBUG] [FML/]: 	gregapi(Greg-API:GT6-MC1710): GregTech6-Unofficial-dev.jar (required-before:gregapi_post; after:Micdoodlecore; before:IC2; before:IC2-Classic-Spmod; before:IC2NuclearControl; before:ihl; before:funkylocomotion; before:Baubles; before:HardcoreEnderExpansion; before:ganyssurface; before:ganysnether; before:ganysend; before:woodstuff; before:craftguide; before:CoFHAPI; before:CoFHAPI|energy; before:CoFHCore; before:ComputerCraft; before:OpenComputers; before:hexcraft; before:DraconicEvolution; before:Avaritia; before:Forestry; before:MagicBees; before:BinnieCore; before:ExtraBees; before:ExtraTrees; before:Genetics; before:Botany; before:ImmersiveEngineering; before:UndergroundBiomes; before:CustomOreGen; before:PFAAGeologica; before:mineralogy; before:globbypotato_rockhounding; before:candycraftmod; before:abyssalcraft; before:soulforest; before:arsmagica2; before:Thaumcraft; before:ForbiddenMagic; before:Botania; before:alfheim; before:witchery; before:howlingmoon; before:MoCreatures; before:GrimoireOfGaia; before:lycanitesmobs; before:arcticmobs; before:demonmobs; before:desertmobs; before:forestmobs; before:freshwatermobs; before:infernomobs; before:junglemobs; before:mountainmobs; before:plainsmobs; before:saltwatermobs; before:shadowmobs; before:swampmobs; before:Railcraft; before:bluepower; before:ProjRed|Core; before:ProjRed|Expansion; before:ProjRed|Integration; before:ProjRed|Transmission; before:ProjRed|Transportation; before:ProjRed|Exploration; before:ProjRed|Compatibility; before:ProjRed|Fabrication; before:ProjRed|Illumination; before:ProjectE; before:appliedenergistics2; before:mo; before:ThermalFoundation; before:ThermalDynamics; before:ThermalExpansion; before:Ztones; before:chisel; before:netheriteplus; before:netherlicious; before:etfuturum; before:betterbeginnings; before:dynamictrees; before:BiblioCraft; before:CarpentersBlocks; before:betterrecords; before:TwilightForest; before:erebus; before:MineFactoryReloaded; before:PneumaticCraft; before:ExtraUtilities; before:ExtraSimple; before:EnderIO; before:RandomThings; before:ActuallyAdditions; before:Treecapitator; before:harvestcraft; before:cookingbook; before:AppleCore; before:enviromine; before:magicalcrops; before:BuildCraft|Transport; before:BuildCraft|Silicon; before:BuildCraft|Factory; before:BuildCraft|Energy; before:BuildCraft|Robotics; before:BuildCraft|Core; before:BuildCraft|Builders; before:Magneticraft; before:BigReactors; before:hbm; before:Eln; before:DragonAPI; before:ElectriCraft; before:ChromatiCraft; before:ReactorCraft; before:RotaryCraft; before:Mekanism; before:MekanismTools; before:MekanismGenerators; before:GalacticraftCore; before:GalacticraftMars; before:GalaxySpace; before:libVulpes; before:advancedRocketry; before:thebetweenlands; before:aether; before:tropicraft; before:atum; before:enhancedbiomes; before:ExtrabiomesXL; before:BiomesOPlenty; before:Highlands; before:ATG; before:RTG; before:RWG; before:caveworld; before:Aroma1997sDimension; before:Mystcraft; before:warpbook; before:LostBooks; before:lootbags; before:eureka; before:Enchiridion; before:Enchiridion2; before:SimpleAchievements; before:HardcoreQuesting; before:StorageDrawers; before:betterstorage; before:JABBA; before:Mariculture; before:psychedelicraft; before:BambooMod; before:plantmegapack; before:fossil; before:Growthcraft; before:Growthcraft|Apples; before:Growthcraft|Bamboo; before:Growthcraft|Bees; before:Growthcraft|Cellar; before:Growthcraft|Fishtrap; before:Growthcraft|Grapes; before:Growthcraft|Hops; before:Growthcraft|Milk; before:Growthcraft|Rice; before:battlegear2; before:weaponmod; before:openmodularturrets; before:Techguns; before:meteors; before:factorization; before:Mantle; before:OpenBlocks; before:progressiveautomation; before:TConstruct; before:minefantasy2; before:Translocator; before:WR-CBE|Core; before:WR-CBE|Addons; before:WR-CBE|Logic; before:voltzengine; before:mffs; before:icbmclassic; before:atomicscience; before:inventorytweaks; before:ironbackpacks; before:journeymap; before:LogisticsPipes; before:LunatriusCore; before:NEIAddons; before:NEIAddons|Developer; before:NEIAddons|AppEng; before:NEIAddons|Botany; before:NEIAddons|Forestry; before:NEIAddons|CraftingTables; before:NEIAddons|ExNihilo; before:neiintegration; before:openglasses; before:simplyjetpacks; before:Stackie; before:StevesCarts; before:TiCTooltips; before:worldedit; before:McMultipart; before:OpenPeripheralCore; before:OpenPeripheralIntegration; before:OpenPeripheral; )
[16:18:01] [Client thread/DEBUG] [FML/]: 	IC2(IndustrialCraft 2 Classic:2.2.999): IC2Classic-1.7.10-1.2.5 (1).jar ()
[16:18:01] [Client thread/DEBUG] [FML/]: 	IC2API(API: IC2API:1.0): IC2Classic-1.7.10-1.2.5 (1).jar ()
[16:18:01] [Client thread/DEBUG] [FML/]: 	IC2-Classic-Spmod(IC2 Classic Detection Helper:0.0.0.0): IC2Classic-1.7.10-1.2.5 (1).jar ()
[16:18:01] [Client thread/DEBUG] [FML/]: 	NEIAddons(NEI Addons:1.12.15.41): neiaddons-1.12.15.41-mc1.7.10.jar (after:NotEnoughItems)
[16:18:01] [Client thread/DEBUG] [FML/]: 	NEIAddons|Developer(NEI Addons: Developer Tools:1.12.15.41): neiaddons-1.12.15.41-mc1.7.10.jar (after:NEIAddons)
[16:18:01] [Client thread/DEBUG] [FML/]: 	NEIAddons|AppEng(NEI Addons: Applied Energistics 2:1.12.15.41): neiaddons-1.12.15.41-mc1.7.10.jar (after:NEIAddons;after:appliedenergistics2)
[16:18:01] [Client thread/DEBUG] [FML/]: 	NEIAddons|Botany(NEI Addons: Botany:1.12.15.41): neiaddons-1.12.15.41-mc1.7.10.jar (after:NEIAddons;after:Botany)
[16:18:01] [Client thread/DEBUG] [FML/]: 	NEIAddons|Forestry(NEI Addons: Forestry:1.12.15.41): neiaddons-1.12.15.41-mc1.7.10.jar (after:NEIAddons;after:Forestry)
[16:18:01] [Client thread/DEBUG] [FML/]: 	NEIAddons|CraftingTables(NEI Addons: Crafting Tables:1.12.15.41): neiaddons-1.12.15.41-mc1.7.10.jar (after:NEIAddons)
[16:18:01] [Client thread/DEBUG] [FML/]: 	NEIAddons|ExNihilo(NEI Addons: Ex Nihilo:1.12.15.41): neiaddons-1.12.15.41-mc1.7.10.jar (after:exnihilo)
[16:18:01] [Client thread/DEBUG] [FML/]: 	neiintegration(NEI Integration:1.1.2): NEIIntegration-MC1.7.10-1.1.2.jar ()
[16:18:01] [Client thread/DEBUG] [FML/]: 	gregapi_post(Greg-API-Post:GT6-MC1710): GregTech6-Unofficial-dev.jar (required-after:gregapi; after:Micdoodlecore; after:IC2; after:IC2-Classic-Spmod; after:IC2NuclearControl; after:ihl; after:funkylocomotion; after:Baubles; after:HardcoreEnderExpansion; after:ganyssurface; after:ganysnether; after:ganysend; after:woodstuff; after:craftguide; after:CoFHAPI; after:CoFHAPI|energy; after:CoFHCore; after:ComputerCraft; after:OpenComputers; after:hexcraft; after:DraconicEvolution; after:Avaritia; after:Forestry; after:MagicBees; after:BinnieCore; after:ExtraBees; after:ExtraTrees; after:Genetics; after:Botany; after:ImmersiveEngineering; after:UndergroundBiomes; after:CustomOreGen; after:PFAAGeologica; after:mineralogy; after:globbypotato_rockhounding; after:candycraftmod; after:abyssalcraft; after:soulforest; after:arsmagica2; after:Thaumcraft; after:ForbiddenMagic; after:Botania; after:alfheim; after:witchery; after:howlingmoon; after:MoCreatures; after:GrimoireOfGaia; after:lycanitesmobs; after:arcticmobs; after:demonmobs; after:desertmobs; after:forestmobs; after:freshwatermobs; after:infernomobs; after:junglemobs; after:mountainmobs; after:plainsmobs; after:saltwatermobs; after:shadowmobs; after:swampmobs; after:Railcraft; after:bluepower; after:ProjRed|Core; after:ProjRed|Expansion; after:ProjRed|Integration; after:ProjRed|Transmission; after:ProjRed|Transportation; after:ProjRed|Exploration; after:ProjRed|Compatibility; after:ProjRed|Fabrication; after:ProjRed|Illumination; after:ProjectE; after:appliedenergistics2; after:mo; after:ThermalFoundation; after:ThermalDynamics; after:ThermalExpansion; after:Ztones; after:chisel; after:netheriteplus; after:netherlicious; after:etfuturum; after:betterbeginnings; after:dynamictrees; after:BiblioCraft; after:CarpentersBlocks; after:betterrecords; after:TwilightForest; after:erebus; after:MineFactoryReloaded; after:PneumaticCraft; after:ExtraUtilities; after:ExtraSimple; after:EnderIO; after:RandomThings; after:ActuallyAdditions; after:Treecapitator; after:harvestcraft; after:cookingbook; after:AppleCore; after:enviromine; after:magicalcrops; after:BuildCraft|Transport; after:BuildCraft|Silicon; after:BuildCraft|Factory; after:BuildCraft|Energy; after:BuildCraft|Robotics; after:BuildCraft|Core; after:BuildCraft|Builders; after:Magneticraft; after:BigReactors; after:hbm; after:Eln; after:DragonAPI; after:ElectriCraft; after:ChromatiCraft; after:ReactorCraft; after:RotaryCraft; after:Mekanism; after:MekanismTools; after:MekanismGenerators; after:GalacticraftCore; after:GalacticraftMars; after:GalaxySpace; after:libVulpes; after:advancedRocketry; after:thebetweenlands; after:aether; after:tropicraft; after:atum; after:enhancedbiomes; after:ExtrabiomesXL; after:BiomesOPlenty; after:Highlands; after:ATG; after:RTG; after:RWG; after:caveworld; after:Aroma1997Core; after:Aroma1997sDimension; after:Mystcraft; after:warpbook; after:LostBooks; after:lootbags; after:eureka; after:Enchiridion; after:Enchiridion2; after:SimpleAchievements; after:HardcoreQuesting; after:StorageDrawers; after:betterstorage; after:JABBA; after:Mariculture; after:psychedelicraft; after:BambooMod; after:plantmegapack; after:fossil; after:Growthcraft; after:Growthcraft|Apples; after:Growthcraft|Bamboo; after:Growthcraft|Bees; after:Growthcraft|Cellar; after:Growthcraft|Fishtrap; after:Growthcraft|Grapes; after:Growthcraft|Hops; after:Growthcraft|Milk; after:Growthcraft|Rice; after:battlegear2; after:weaponmod; after:openmodularturrets; after:Techguns; after:meteors; after:factorization; after:Mantle; after:OpenBlocks; after:progressiveautomation; after:TConstruct; after:minefantasy2; after:Translocator; after:WR-CBE|Core; after:WR-CBE|Addons; after:WR-CBE|Logic; after:voltzengine; after:mffs; after:icbmclassic; after:atomicscience; after:inventorytweaks; after:ironbackpacks; after:journeymap; after:LogisticsPipes; after:LunatriusCore; after:NEIAddons; after:NEIAddons|Developer; after:NEIAddons|AppEng; after:NEIAddons|Botany; after:NEIAddons|Forestry; after:NEIAddons|CraftingTables; after:NEIAddons|ExNihilo; after:neiintegration; after:openglasses; after:simplyjetpacks; after:Stackie; after:StevesCarts; after:TiCTooltips; after:worldedit; after:McMultipart)
[16:18:01] [Client thread/DEBUG] [FML/]: 	gregtech(GregTech 6 Unofficial:GT6-MC1710): GregTech6-Unofficial-dev.jar (required-after:gregapi_post)
[16:18:01] [Client thread/DEBUG] [FML/]: 	HTGT6(HTGT6:1.0.4): HiTech6_V_1.0.4_Build_.jar ()
[16:18:01] [Client thread/INFO] [FML/]: FML has found a non-mod file CodeChickenLib-1.1.6-dev.jar in your mods directory. It will now be injected into your classpath. This could severe stability issues, it should be removed if possible.
[16:18:01] [Client thread/TRACE] [mcp/mcp]: Sending event FMLConstructionEvent to mod mcp
[16:18:01] [Client thread/TRACE] [mcp/mcp]: Sent event FMLConstructionEvent to mod mcp
[16:18:01] [Client thread/DEBUG] [FML/]: Bar Step: Construction - Minecraft Coder Pack took 0,003s
[16:18:01] [Client thread/TRACE] [FML/FML]: Sending event FMLConstructionEvent to mod FML
[16:18:01] [Client thread/TRACE] [FML/FML]: Mod FML is using network checker : Invoking method checkModLists
[16:18:01] [Client thread/TRACE] [FML/FML]: Testing mod FML to verify it accepts its own version in a remote connection
[16:18:01] [Client thread/TRACE] [FML/FML]: The mod FML accepts its own version (7.10.99.99)
[16:18:01] [Client thread/INFO] [FML/FML]: Attempting connection with missing mods [mcp, FML, Forge, CodeChickenCore, NotEnoughItems, GT_ASM, gregapi, gregapi_post, gregtech, HTGT6, IC2, IC2-Classic-Spmod, NEIAddons|Developer, NEIAddons|AppEng, NEIAddons|Botany, NEIAddons|Forestry, NEIAddons|CraftingTables, NEIAddons, NEIAddons|ExNihilo, neiintegration] at CLIENT
[16:18:01] [Client thread/INFO] [FML/FML]: Attempting connection with missing mods [mcp, FML, Forge, CodeChickenCore, NotEnoughItems, GT_ASM, gregapi, gregapi_post, gregtech, HTGT6, IC2, IC2-Classic-Spmod, NEIAddons|Developer, NEIAddons|AppEng, NEIAddons|Botany, NEIAddons|Forestry, NEIAddons|CraftingTables, NEIAddons, NEIAddons|ExNihilo, neiintegration] at SERVER
[16:18:01] [Client thread/TRACE] [FML/FML]: Sent event FMLConstructionEvent to mod FML
[16:18:01] [Client thread/DEBUG] [FML/]: Bar Step: Construction - Forge Mod Loader took 0,403s
[16:18:01] [Client thread/TRACE] [Forge/Forge]: Sending event FMLConstructionEvent to mod Forge
[16:18:01] [Client thread/TRACE] [FML/Forge]: Mod Forge is using network checker : No network checking performed
[16:18:01] [Client thread/TRACE] [FML/Forge]: Testing mod Forge to verify it accepts its own version in a remote connection
[16:18:01] [Client thread/TRACE] [FML/Forge]: The mod Forge accepts its own version (10.13.4.1614)
[16:18:01] [Client thread/TRACE] [Forge/Forge]: Sent event FMLConstructionEvent to mod Forge
[16:18:01] [Client thread/DEBUG] [FML/]: Bar Step: Construction - Minecraft Forge took 0,010s
[16:18:01] [Client thread/TRACE] [CodeChickenCore/CodeChickenCore]: Sending event FMLConstructionEvent to mod CodeChickenCore
[16:18:01] [Client thread/TRACE] [CodeChickenCore/CodeChickenCore]: Sent event FMLConstructionEvent to mod CodeChickenCore
[16:18:01] [Client thread/DEBUG] [FML/]: Bar Step: Construction - CodeChicken Core took 0,000s
[16:18:01] [Client thread/TRACE] [NotEnoughItems/NotEnoughItems]: Sending event FMLConstructionEvent to mod NotEnoughItems
[16:18:01] [Client thread/TRACE] [NotEnoughItems/NotEnoughItems]: Sent event FMLConstructionEvent to mod NotEnoughItems
[16:18:01] [Client thread/DEBUG] [FML/]: Bar Step: Construction - NotEnoughItems took 0,001s
[16:18:01] [Client thread/TRACE] [GT_ASM/GT_ASM]: Sending event FMLConstructionEvent to mod GT_ASM
[16:18:01] [Client thread/TRACE] [GT_ASM/GT_ASM]: Sent event FMLConstructionEvent to mod GT_ASM
[16:18:01] [Client thread/DEBUG] [FML/]: Bar Step: Construction - Greg-ASM® took 0,000s
[16:18:01] [Client thread/TRACE] [gregapi/gregapi]: Sending event FMLConstructionEvent to mod gregapi
[16:18:02] [Client thread/TRACE] [FML/gregapi]: Mod gregapi is using network checker : Accepting version GT6-MC1710
[16:18:02] [Client thread/TRACE] [FML/gregapi]: Testing mod gregapi to verify it accepts its own version in a remote connection
[16:18:02] [Client thread/TRACE] [FML/gregapi]: The mod gregapi accepts its own version (GT6-MC1710)
[16:18:02] [Client thread/DEBUG] [FML/gregapi]: Attempting to inject @SidedProxy classes into gregapi
[16:18:02] [Client thread/DEBUG] [FML/gregapi]: Skipping proxy injection for gregapi.api.example.Example_Mod.PROXY since it is not for mod gregapi
[16:18:02] [Client thread/DEBUG] [FML/gregapi]: Skipping proxy injection for gregtech.GT6_Main.gt_proxy since it is not for mod gregapi
[16:18:02] [Client thread/TRACE] [gregapi/gregapi]: Sent event FMLConstructionEvent to mod gregapi
[16:18:02] [Client thread/DEBUG] [FML/]: Bar Step: Construction - Greg-API took 1,478s
[16:18:02] [Client thread/TRACE] [IC2/IC2]: Sending event FMLConstructionEvent to mod IC2
[16:18:03] [Client thread/ERROR] [IC2/IC2]: The mod IC2 is expecting signature de041f9f6187debbc77034a344134053277aa3b0 for source IC2Classic-1.7.10-1.2.5 (1).jar, however there is no signature matching that description
[16:18:03] [Client thread/TRACE] [FML/IC2]: Mod IC2 is using network checker : Accepting version 2.2.999
[16:18:03] [Client thread/TRACE] [FML/IC2]: Testing mod IC2 to verify it accepts its own version in a remote connection
[16:18:03] [Client thread/TRACE] [FML/IC2]: The mod IC2 accepts its own version (2.2.999)
[16:18:03] [Client thread/DEBUG] [FML/IC2]: Attempting to inject @SidedProxy classes into IC2
[16:18:03] [Client thread/DEBUG] [FML/IC2]: Bar Finished: Loading Resource - AudioManagerClient took 0,000s
[16:18:03] [Client thread/TRACE] [IC2/IC2]: Sent event FMLConstructionEvent to mod IC2
[16:18:03] [Client thread/DEBUG] [FML/]: Bar Step: Construction - IndustrialCraft 2 Classic took 0,466s
[16:18:03] [Client thread/TRACE] [IC2-Classic-Spmod/IC2-Classic-Spmod]: Sending event FMLConstructionEvent to mod IC2-Classic-Spmod
[16:18:03] [Client thread/TRACE] [FML/IC2-Classic-Spmod]: Mod IC2-Classic-Spmod is using network checker : Accepting version 0.0.0.0
[16:18:03] [Client thread/TRACE] [FML/IC2-Classic-Spmod]: Testing mod IC2-Classic-Spmod to verify it accepts its own version in a remote connection
[16:18:03] [Client thread/TRACE] [FML/IC2-Classic-Spmod]: The mod IC2-Classic-Spmod accepts its own version (0.0.0.0)
[16:18:03] [Client thread/DEBUG] [FML/IC2-Classic-Spmod]: Attempting to inject @SidedProxy classes into IC2-Classic-Spmod
[16:18:03] [Client thread/DEBUG] [FML/IC2-Classic-Spmod]: Bar Finished: Loading Resource - AudioManagerClient took 0,000s
[16:18:03] [Client thread/TRACE] [IC2-Classic-Spmod/IC2-Classic-Spmod]: Sent event FMLConstructionEvent to mod IC2-Classic-Spmod
[16:18:03] [Client thread/DEBUG] [FML/]: Bar Step: Construction - IC2 Classic Detection Helper took 0,003s
[16:18:03] [Client thread/TRACE] [NEIAddons/NEIAddons]: Sending event FMLConstructionEvent to mod NEIAddons
[16:18:03] [Client thread/TRACE] [FML/NEIAddons]: Mod NEIAddons is using network checker : Accepting version 1.12.15.41
[16:18:03] [Client thread/TRACE] [FML/NEIAddons]: Testing mod NEIAddons to verify it accepts its own version in a remote connection
[16:18:03] [Client thread/TRACE] [FML/NEIAddons]: The mod NEIAddons accepts its own version (1.12.15.41)
[16:18:03] [Client thread/DEBUG] [FML/NEIAddons]: Attempting to inject @SidedProxy classes into NEIAddons
[16:18:03] [Client thread/TRACE] [NEIAddons/NEIAddons]: Sent event FMLConstructionEvent to mod NEIAddons
[16:18:03] [Client thread/DEBUG] [FML/]: Bar Step: Construction - NEI Addons took 0,022s
[16:18:03] [Client thread/TRACE] [NEIAddons|Developer/NEIAddons|Developer]: Sending event FMLConstructionEvent to mod NEIAddons|Developer
[16:18:03] [Client thread/TRACE] [FML/NEIAddons|Developer]: Mod NEIAddons|Developer is using network checker : Accepting version 1.12.15.41
[16:18:03] [Client thread/TRACE] [FML/NEIAddons|Developer]: Testing mod NEIAddons|Developer to verify it accepts its own version in a remote connection
[16:18:03] [Client thread/TRACE] [FML/NEIAddons|Developer]: The mod NEIAddons|Developer accepts its own version (1.12.15.41)
[16:18:03] [Client thread/DEBUG] [FML/NEIAddons|Developer]: Attempting to inject @SidedProxy classes into NEIAddons|Developer
[16:18:03] [Client thread/TRACE] [NEIAddons|Developer/NEIAddons|Developer]: Sent event FMLConstructionEvent to mod NEIAddons|Developer
[16:18:03] [Client thread/DEBUG] [FML/]: Bar Step: Construction - NEI Addons: Developer Tools took 0,002s
[16:18:03] [Client thread/TRACE] [NEIAddons|AppEng/NEIAddons|AppEng]: Sending event FMLConstructionEvent to mod NEIAddons|AppEng
[16:18:03] [Client thread/TRACE] [FML/NEIAddons|AppEng]: Mod NEIAddons|AppEng is using network checker : Accepting version 1.12.15.41
[16:18:03] [Client thread/TRACE] [FML/NEIAddons|AppEng]: Testing mod NEIAddons|AppEng to verify it accepts its own version in a remote connection
[16:18:03] [Client thread/TRACE] [FML/NEIAddons|AppEng]: The mod NEIAddons|AppEng accepts its own version (1.12.15.41)
[16:18:03] [Client thread/DEBUG] [FML/NEIAddons|AppEng]: Attempting to inject @SidedProxy classes into NEIAddons|AppEng
[16:18:03] [Client thread/TRACE] [NEIAddons|AppEng/NEIAddons|AppEng]: Sent event FMLConstructionEvent to mod NEIAddons|AppEng
[16:18:03] [Client thread/DEBUG] [FML/]: Bar Step: Construction - NEI Addons: Applied Energistics 2 took 0,001s
[16:18:03] [Client thread/TRACE] [NEIAddons|Botany/NEIAddons|Botany]: Sending event FMLConstructionEvent to mod NEIAddons|Botany
[16:18:03] [Client thread/TRACE] [FML/NEIAddons|Botany]: Mod NEIAddons|Botany is using network checker : Accepting version 1.12.15.41
[16:18:03] [Client thread/TRACE] [FML/NEIAddons|Botany]: Testing mod NEIAddons|Botany to verify it accepts its own version in a remote connection
[16:18:03] [Client thread/TRACE] [FML/NEIAddons|Botany]: The mod NEIAddons|Botany accepts its own version (1.12.15.41)
[16:18:03] [Client thread/DEBUG] [FML/NEIAddons|Botany]: Attempting to inject @SidedProxy classes into NEIAddons|Botany
[16:18:03] [Client thread/TRACE] [NEIAddons|Botany/NEIAddons|Botany]: Sent event FMLConstructionEvent to mod NEIAddons|Botany
[16:18:03] [Client thread/DEBUG] [FML/]: Bar Step: Construction - NEI Addons: Botany took 0,001s
[16:18:03] [Client thread/TRACE] [NEIAddons|Forestry/NEIAddons|Forestry]: Sending event FMLConstructionEvent to mod NEIAddons|Forestry
[16:18:03] [Client thread/TRACE] [FML/NEIAddons|Forestry]: Mod NEIAddons|Forestry is using network checker : Accepting version 1.12.15.41
[16:18:03] [Client thread/TRACE] [FML/NEIAddons|Forestry]: Testing mod NEIAddons|Forestry to verify it accepts its own version in a remote connection
[16:18:03] [Client thread/TRACE] [FML/NEIAddons|Forestry]: The mod NEIAddons|Forestry accepts its own version (1.12.15.41)
[16:18:03] [Client thread/DEBUG] [FML/NEIAddons|Forestry]: Attempting to inject @SidedProxy classes into NEIAddons|Forestry
[16:18:03] [Client thread/TRACE] [NEIAddons|Forestry/NEIAddons|Forestry]: Sent event FMLConstructionEvent to mod NEIAddons|Forestry
[16:18:03] [Client thread/DEBUG] [FML/]: Bar Step: Construction - NEI Addons: Forestry took 0,001s
[16:18:03] [Client thread/TRACE] [NEIAddons|CraftingTables/NEIAddons|CraftingTables]: Sending event FMLConstructionEvent to mod NEIAddons|CraftingTables
[16:18:03] [Client thread/TRACE] [FML/NEIAddons|CraftingTables]: Mod NEIAddons|CraftingTables is using network checker : Accepting version 1.12.15.41
[16:18:03] [Client thread/TRACE] [FML/NEIAddons|CraftingTables]: Testing mod NEIAddons|CraftingTables to verify it accepts its own version in a remote connection
[16:18:03] [Client thread/TRACE] [FML/NEIAddons|CraftingTables]: The mod NEIAddons|CraftingTables accepts its own version (1.12.15.41)
[16:18:03] [Client thread/DEBUG] [FML/NEIAddons|CraftingTables]: Attempting to inject @SidedProxy classes into NEIAddons|CraftingTables
[16:18:03] [Client thread/TRACE] [NEIAddons|CraftingTables/NEIAddons|CraftingTables]: Sent event FMLConstructionEvent to mod NEIAddons|CraftingTables
[16:18:03] [Client thread/DEBUG] [FML/]: Bar Step: Construction - NEI Addons: Crafting Tables took 0,003s
[16:18:03] [Client thread/TRACE] [NEIAddons|ExNihilo/NEIAddons|ExNihilo]: Sending event FMLConstructionEvent to mod NEIAddons|ExNihilo
[16:18:03] [Client thread/TRACE] [FML/NEIAddons|ExNihilo]: Mod NEIAddons|ExNihilo is using network checker : Accepting version 1.12.15.41
[16:18:03] [Client thread/TRACE] [FML/NEIAddons|ExNihilo]: Testing mod NEIAddons|ExNihilo to verify it accepts its own version in a remote connection
[16:18:03] [Client thread/TRACE] [FML/NEIAddons|ExNihilo]: The mod NEIAddons|ExNihilo accepts its own version (1.12.15.41)
[16:18:03] [Client thread/DEBUG] [FML/NEIAddons|ExNihilo]: Attempting to inject @SidedProxy classes into NEIAddons|ExNihilo
[16:18:03] [Client thread/TRACE] [NEIAddons|ExNihilo/NEIAddons|ExNihilo]: Sent event FMLConstructionEvent to mod NEIAddons|ExNihilo
[16:18:03] [Client thread/DEBUG] [FML/]: Bar Step: Construction - NEI Addons: Ex Nihilo took 0,001s
[16:18:03] [Client thread/TRACE] [neiintegration/neiintegration]: Sending event FMLConstructionEvent to mod neiintegration
[16:18:03] [Client thread/TRACE] [FML/neiintegration]: Mod neiintegration is using network checker : No network checking performed
[16:18:03] [Client thread/TRACE] [FML/neiintegration]: Testing mod neiintegration to verify it accepts its own version in a remote connection
[16:18:03] [Client thread/TRACE] [FML/neiintegration]: The mod neiintegration accepts its own version (1.1.2)
[16:18:03] [Client thread/DEBUG] [FML/neiintegration]: Attempting to inject @SidedProxy classes into neiintegration
[16:18:03] [Client thread/TRACE] [neiintegration/neiintegration]: Sent event FMLConstructionEvent to mod neiintegration
[16:18:03] [Client thread/DEBUG] [FML/]: Bar Step: Construction - NEI Integration took 0,004s
[16:18:03] [Client thread/TRACE] [gregapi_post/gregapi_post]: Sending event FMLConstructionEvent to mod gregapi_post
[16:18:03] [Client thread/TRACE] [FML/gregapi_post]: Mod gregapi_post is using network checker : Accepting version GT6-MC1710
[16:18:03] [Client thread/TRACE] [FML/gregapi_post]: Testing mod gregapi_post to verify it accepts its own version in a remote connection
[16:18:03] [Client thread/TRACE] [FML/gregapi_post]: The mod gregapi_post accepts its own version (GT6-MC1710)
[16:18:03] [Client thread/DEBUG] [FML/gregapi_post]: Attempting to inject @SidedProxy classes into gregapi_post
[16:18:03] [Client thread/DEBUG] [FML/gregapi_post]: Skipping proxy injection for gregapi.api.example.Example_Mod.PROXY since it is not for mod gregapi_post
[16:18:03] [Client thread/DEBUG] [FML/gregapi_post]: Skipping proxy injection for gregtech.GT6_Main.gt_proxy since it is not for mod gregapi_post
[16:18:03] [Client thread/DEBUG] [FML/gregapi_post]: Skipping proxy injection for gregapi.GT_API.api_proxy since it is not for mod gregapi_post
[16:18:03] [Client thread/TRACE] [gregapi_post/gregapi_post]: Sent event FMLConstructionEvent to mod gregapi_post
[16:18:03] [Client thread/DEBUG] [FML/]: Bar Step: Construction - Greg-API-Post took 0,021s
[16:18:03] [Client thread/TRACE] [gregtech/gregtech]: Sending event FMLConstructionEvent to mod gregtech
[16:18:03] [Client thread/TRACE] [FML/gregtech]: Mod gregtech is using network checker : Accepting version GT6-MC1710
[16:18:03] [Client thread/TRACE] [FML/gregtech]: Testing mod gregtech to verify it accepts its own version in a remote connection
[16:18:03] [Client thread/TRACE] [FML/gregtech]: The mod gregtech accepts its own version (GT6-MC1710)
[16:18:03] [Client thread/DEBUG] [FML/gregtech]: Attempting to inject @SidedProxy classes into gregtech
[16:18:03] [Client thread/DEBUG] [FML/gregtech]: Skipping proxy injection for gregapi.api.example.Example_Mod.PROXY since it is not for mod gregtech
[16:18:03] [Client thread/DEBUG] [FML/gregtech]: Skipping proxy injection for gregapi.GT_API.api_proxy since it is not for mod gregtech
[16:18:03] [Client thread/TRACE] [gregtech/gregtech]: Sent event FMLConstructionEvent to mod gregtech
[16:18:03] [Client thread/DEBUG] [FML/]: Bar Step: Construction - GregTech 6 Unofficial took 0,237s
[16:18:03] [Client thread/TRACE] [HTGT6/HTGT6]: Sending event FMLConstructionEvent to mod HTGT6
[16:18:03] [Client thread/TRACE] [FML/HTGT6]: Mod HTGT6 is using network checker : Accepting version 1.0.4
[16:18:03] [Client thread/TRACE] [FML/HTGT6]: Testing mod HTGT6 to verify it accepts its own version in a remote connection
[16:18:03] [Client thread/TRACE] [FML/HTGT6]: The mod HTGT6 accepts its own version (1.0.4)
[16:18:03] [Client thread/DEBUG] [FML/HTGT6]: Attempting to inject @SidedProxy classes into HTGT6
[16:18:03] [Client thread/TRACE] [HTGT6/HTGT6]: Sent event FMLConstructionEvent to mod HTGT6
[16:18:03] [Client thread/DEBUG] [FML/]: Bar Step: Construction - HTGT6 took 0,027s
[16:18:03] [Client thread/DEBUG] [FML/]: Bar Finished: Construction took 2,684s
[16:18:03] [Client thread/DEBUG] [FML/]: Mod signature data
[16:18:03] [Client thread/DEBUG] [FML/]:  	Valid Signatures:
[16:18:03] [Client thread/DEBUG] [FML/]:  	Missing Signatures:
[16:18:03] [Client thread/DEBUG] [FML/]: 		mcp	(Minecraft Coder Pack	9.05)	minecraft.jar
[16:18:03] [Client thread/DEBUG] [FML/]: 		FML	(Forge Mod Loader	7.10.99.99)	forgeSrc-1.7.10-10.13.4.1614-1.7.10.jar
[16:18:03] [Client thread/DEBUG] [FML/]: 		Forge	(Minecraft Forge	10.13.4.1614)	forgeSrc-1.7.10-10.13.4.1614-1.7.10.jar
[16:18:03] [Client thread/DEBUG] [FML/]: 		CodeChickenCore	(CodeChicken Core	1.1.13)	minecraft.jar
[16:18:03] [Client thread/DEBUG] [FML/]: 		NotEnoughItems	(NotEnoughItems	2.4.13-GTNH)	NotEnoughItems-2.4.13-GTNH.jar
[16:18:03] [Client thread/DEBUG] [FML/]: 		GT_ASM	(Greg-ASM®	6.14.11)	minecraft.jar
[16:18:03] [Client thread/DEBUG] [FML/]: 		gregapi	(Greg-API	GT6-MC1710)	GregTech6-Unofficial-dev.jar
[16:18:03] [Client thread/DEBUG] [FML/]: 		IC2	(IndustrialCraft 2 Classic	2.2.999)	IC2Classic-1.7.10-1.2.5 (1).jar
[16:18:03] [Client thread/DEBUG] [FML/]: 		IC2-Classic-Spmod	(IC2 Classic Detection Helper	0.0.0.0)	IC2Classic-1.7.10-1.2.5 (1).jar
[16:18:03] [Client thread/DEBUG] [FML/]: 		NEIAddons	(NEI Addons	1.12.15.41)	neiaddons-1.12.15.41-mc1.7.10.jar
[16:18:03] [Client thread/DEBUG] [FML/]: 		NEIAddons|Developer	(NEI Addons: Developer Tools	1.12.15.41)	neiaddons-1.12.15.41-mc1.7.10.jar
[16:18:03] [Client thread/DEBUG] [FML/]: 		NEIAddons|AppEng	(NEI Addons: Applied Energistics 2	1.12.15.41)	neiaddons-1.12.15.41-mc1.7.10.jar
[16:18:03] [Client thread/DEBUG] [FML/]: 		NEIAddons|Botany	(NEI Addons: Botany	1.12.15.41)	neiaddons-1.12.15.41-mc1.7.10.jar
[16:18:03] [Client thread/DEBUG] [FML/]: 		NEIAddons|Forestry	(NEI Addons: Forestry	1.12.15.41)	neiaddons-1.12.15.41-mc1.7.10.jar
[16:18:03] [Client thread/DEBUG] [FML/]: 		NEIAddons|CraftingTables	(NEI Addons: Crafting Tables	1.12.15.41)	neiaddons-1.12.15.41-mc1.7.10.jar
[16:18:03] [Client thread/DEBUG] [FML/]: 		NEIAddons|ExNihilo	(NEI Addons: Ex Nihilo	1.12.15.41)	neiaddons-1.12.15.41-mc1.7.10.jar
[16:18:03] [Client thread/DEBUG] [FML/]: 		neiintegration	(NEI Integration	1.1.2)	NEIIntegration-MC1.7.10-1.1.2.jar
[16:18:03] [Client thread/DEBUG] [FML/]: 		gregapi_post	(Greg-API-Post	GT6-MC1710)	GregTech6-Unofficial-dev.jar
[16:18:03] [Client thread/DEBUG] [FML/]: 		gregtech	(GregTech 6 Unofficial	GT6-MC1710)	GregTech6-Unofficial-dev.jar
[16:18:03] [Client thread/DEBUG] [FML/]: 		HTGT6	(HTGT6	1.0.4)	HiTech6_V_1.0.4_Build_.jar
[16:18:03] [Client thread/DEBUG] [FML/]: Bar Step: Loading Resources - Default took 0,008s
[16:18:03] [Client thread/DEBUG] [FML/]: Bar Step: Loading Resources - FMLFileResourcePack:Forge Mod Loader took 0,003s
[16:18:03] [Client thread/DEBUG] [FML/]: Bar Step: Loading Resources - FMLFileResourcePack:Minecraft Forge took 0,003s
[16:18:03] [Client thread/DEBUG] [FML/]: Bar Step: Loading Resources - FMLFileResourcePack:NotEnoughItems took 0,001s
[16:18:03] [Client thread/DEBUG] [FML/]: Bar Step: Loading Resources - FMLFileResourcePack:Greg-API took 0,024s
[16:18:03] [Client thread/DEBUG] [FML/]: Bar Step: Loading Resources - FMLFileResourcePack:Greg-API-Post took 0,022s
[16:18:03] [Client thread/DEBUG] [FML/]: Bar Step: Loading Resources - FMLFileResourcePack:GregTech 6 Unofficial took 0,020s
[16:18:03] [Client thread/DEBUG] [FML/]: Bar Step: Loading Resources - FMLFileResourcePack:HTGT6 took 0,000s
[16:18:03] [Client thread/DEBUG] [FML/]: Bar Step: Loading Resources - FMLFileResourcePack:IndustrialCraft 2 Classic took 0,001s
[16:18:03] [Client thread/DEBUG] [FML/]: Bar Step: Loading Resources - FMLFileResourcePack:IC2 Classic Detection Helper took 0,001s
[16:18:03] [Client thread/DEBUG] [FML/]: Bar Step: Loading Resources - FMLFileResourcePack:NEI Addons: Developer Tools took 0,000s
[16:18:03] [Client thread/DEBUG] [FML/]: Bar Step: Loading Resources - FMLFileResourcePack:NEI Addons: Applied Energistics 2 took 0,000s
[16:18:03] [Client thread/DEBUG] [FML/]: Bar Step: Loading Resources - FMLFileResourcePack:NEI Addons: Botany took 0,000s
[16:18:03] [Client thread/DEBUG] [FML/]: Bar Step: Loading Resources - FMLFileResourcePack:NEI Addons: Forestry took 0,000s
[16:18:03] [Client thread/DEBUG] [FML/]: Bar Step: Loading Resources - FMLFileResourcePack:NEI Addons: Crafting Tables took 0,000s
[16:18:03] [Client thread/DEBUG] [FML/]: Bar Step: Loading Resources - FMLFileResourcePack:NEI Addons took 0,000s
[16:18:03] [Client thread/DEBUG] [FML/]: Bar Step: Loading Resources - FMLFileResourcePack:NEI Addons: Ex Nihilo took 0,000s
[16:18:03] [Client thread/DEBUG] [FML/]: Bar Step: Loading Resources - FMLFileResourcePack:NEI Integration took 0,000s
[16:18:03] [Client thread/DEBUG] [FML/]: Bar Finished: Reloading took 0,030s
[16:18:03] [Client thread/DEBUG] [FML/]: Bar Step: Loading Resources - Reloading listeners took 0,030s
[16:18:03] [Client thread/DEBUG] [FML/]: Bar Finished: Loading Resources took 0,114s
[16:18:03] [Client thread/DEBUG] [Forge Mod Loader/]: Mod Forge Mod Loader is missing a pack.mcmeta file, substituting a dummy one
[16:18:03] [Client thread/DEBUG] [Minecraft Forge/]: Mod Minecraft Forge is missing a pack.mcmeta file, substituting a dummy one
[16:18:03] [Client thread/DEBUG] [NotEnoughItems/]: Mod NotEnoughItems is missing a pack.mcmeta file, substituting a dummy one
[16:18:03] [Client thread/DEBUG] [HTGT6/]: Mod HTGT6 is missing a pack.mcmeta file, substituting a dummy one
[16:18:03] [Client thread/DEBUG] [IndustrialCraft 2 Classic/]: Mod IndustrialCraft 2 Classic is missing a pack.mcmeta file, substituting a dummy one
[16:18:03] [Client thread/DEBUG] [IC2 Classic Detection Helper/]: Mod IC2 Classic Detection Helper is missing a pack.mcmeta file, substituting a dummy one
[16:18:03] [Client thread/DEBUG] [NEI Addons: Developer Tools/]: Mod NEI Addons: Developer Tools is missing a pack.mcmeta file, substituting a dummy one
[16:18:03] [Client thread/DEBUG] [NEI Addons: Applied Energistics 2/]: Mod NEI Addons: Applied Energistics 2 is missing a pack.mcmeta file, substituting a dummy one
[16:18:03] [Client thread/DEBUG] [NEI Addons: Botany/]: Mod NEI Addons: Botany is missing a pack.mcmeta file, substituting a dummy one
[16:18:03] [Client thread/DEBUG] [NEI Addons: Forestry/]: Mod NEI Addons: Forestry is missing a pack.mcmeta file, substituting a dummy one
[16:18:03] [Client thread/DEBUG] [NEI Addons: Crafting Tables/]: Mod NEI Addons: Crafting Tables is missing a pack.mcmeta file, substituting a dummy one
[16:18:03] [Client thread/DEBUG] [NEI Addons/]: Mod NEI Addons is missing a pack.mcmeta file, substituting a dummy one
[16:18:03] [Client thread/DEBUG] [NEI Addons: Ex Nihilo/]: Mod NEI Addons: Ex Nihilo is missing a pack.mcmeta file, substituting a dummy one
[16:18:03] [Client thread/INFO] [FML/]: Processing ObjectHolder annotations
[16:18:03] [Client thread/INFO] [FML/]: Found 341 ObjectHolder annotations
[16:18:03] [Client thread/INFO] [FML/]: Identifying ItemStackHolder annotations
[16:18:03] [Client thread/INFO] [FML/]: Found 0 ItemStackHolder annotations
[16:18:03] [Client thread/TRACE] [mcp/mcp]: Sending event FMLPreInitializationEvent to mod mcp
[16:18:03] [Client thread/TRACE] [mcp/mcp]: Sent event FMLPreInitializationEvent to mod mcp
[16:18:03] [Client thread/DEBUG] [FML/]: Bar Step: PreInitialization - Minecraft Coder Pack took 0,000s
[16:18:03] [Client thread/TRACE] [FML/FML]: Sending event FMLPreInitializationEvent to mod FML
[16:18:03] [Client thread/TRACE] [FML/FML]: Sent event FMLPreInitializationEvent to mod FML
[16:18:03] [Client thread/DEBUG] [FML/]: Bar Step: PreInitialization - Forge Mod Loader took 0,000s
[16:18:03] [Client thread/TRACE] [Forge/Forge]: Sending event FMLPreInitializationEvent to mod Forge
[16:18:03] [Client thread/INFO] [FML/Forge]: Configured a dormant chunk cache size of 0
[16:18:03] [Client thread/TRACE] [Forge/Forge]: Sent event FMLPreInitializationEvent to mod Forge
[16:18:03] [Client thread/DEBUG] [FML/]: Bar Step: PreInitialization - Minecraft Forge took 0,022s
[16:18:03] [Client thread/TRACE] [CodeChickenCore/CodeChickenCore]: Sending event FMLPreInitializationEvent to mod CodeChickenCore
[16:18:03] [Client thread/TRACE] [CodeChickenCore/CodeChickenCore]: Sent event FMLPreInitializationEvent to mod CodeChickenCore
[16:18:03] [Client thread/DEBUG] [FML/]: Bar Step: PreInitialization - CodeChicken Core took 0,010s
[16:18:03] [Client thread/TRACE] [NotEnoughItems/NotEnoughItems]: Sending event FMLPreInitializationEvent to mod NotEnoughItems
[16:18:04] [Client thread/INFO] [NotEnoughItems/NotEnoughItems]: Loading serial handlers from file .\config\NEI\serialhandlers.cfg
[16:18:04] [Client thread/INFO] [NotEnoughItems/NotEnoughItems]: Loading height hack handlers from file .\config\NEI\heighthackhandlers.cfg
[16:18:04] [Client thread/TRACE] [NotEnoughItems/NotEnoughItems]: Sent event FMLPreInitializationEvent to mod NotEnoughItems
[16:18:04] [Client thread/DEBUG] [FML/]: Bar Step: PreInitialization - NotEnoughItems took 0,483s
[16:18:04] [Client thread/TRACE] [GT_ASM/GT_ASM]: Sending event FMLPreInitializationEvent to mod GT_ASM
[16:18:04] [Client thread/TRACE] [GT_ASM/GT_ASM]: Sent event FMLPreInitializationEvent to mod GT_ASM
[16:18:04] [Client thread/DEBUG] [FML/]: Bar Step: PreInitialization - Greg-ASM® took 0,000s
[16:18:04] [Client thread/TRACE] [gregapi/gregapi]: Sending event FMLPreInitializationEvent to mod gregapi
[16:18:06] [Client thread/TRACE] [FML/gregapi]: Automatically registered mod gregapi entity gt.MetaBlockFallingEntity as gregapi.gt.MetaBlockFallingEntity
[16:18:06] [Forge Version Check/INFO] [STDERR/Forge]: [java.lang.Throwable$WrappedPrintStream:println:749]: com.google.gson.JsonSyntaxException: java.lang.IllegalStateException: Expected BEGIN_OBJECT but was STRING at line 1 column 1
[16:18:06] [Forge Version Check/INFO] [STDERR/Forge]: [java.lang.Throwable$WrappedPrintStream:println:749]: 	at com.google.gson.Gson.fromJson(Gson.java:815)
[16:18:06] [Forge Version Check/INFO] [STDERR/Forge]: [java.lang.Throwable$WrappedPrintStream:println:749]: 	at com.google.gson.Gson.fromJson(Gson.java:768)
[16:18:06] [Forge Version Check/INFO] [STDERR/Forge]: [java.lang.Throwable$WrappedPrintStream:println:749]: 	at com.google.gson.Gson.fromJson(Gson.java:717)
[16:18:06] [Forge Version Check/INFO] [STDERR/Forge]: [java.lang.Throwable$WrappedPrintStream:println:749]: 	at com.google.gson.Gson.fromJson(Gson.java:689)
[16:18:06] [Forge Version Check/INFO] [STDERR/Forge]: [java.lang.Throwable$WrappedPrintStream:println:749]: 	at net.minecraftforge.common.ForgeVersion$1.run(ForgeVersion.java:94)
[16:18:06] [Forge Version Check/INFO] [STDERR/Forge]: [java.lang.Throwable$WrappedPrintStream:println:749]: Caused by: java.lang.IllegalStateException: Expected BEGIN_OBJECT but was STRING at line 1 column 1
[16:18:06] [Forge Version Check/INFO] [STDERR/Forge]: [java.lang.Throwable$WrappedPrintStream:println:749]: 	at com.google.gson.stream.JsonReader.beginObject(JsonReader.java:374)
[16:18:06] [Forge Version Check/INFO] [STDERR/Forge]: [java.lang.Throwable$WrappedPrintStream:println:749]: 	at com.google.gson.internal.bind.MapTypeAdapterFactory$Adapter.read(MapTypeAdapterFactory.java:183)
[16:18:06] [Forge Version Check/INFO] [STDERR/Forge]: [java.lang.Throwable$WrappedPrintStream:println:749]: 	at com.google.gson.internal.bind.MapTypeAdapterFactory$Adapter.read(MapTypeAdapterFactory.java:145)
[16:18:06] [Forge Version Check/INFO] [STDERR/Forge]: [java.lang.Throwable$WrappedPrintStream:println:749]: 	at com.google.gson.Gson.fromJson(Gson.java:803)
[16:18:06] [Forge Version Check/INFO] [STDERR/Forge]: [java.lang.Throwable$WrappedPrintStream:println:749]: 	... 4 more
[16:18:08] [Client thread/DEBUG] [FML/gregapi]: Bar Finished: Saving Configs took 0,418s
[16:18:08] [Client thread/TRACE] [gregapi/gregapi]: Sent event FMLPreInitializationEvent to mod gregapi
[16:18:08] [Client thread/DEBUG] [FML/]: Bar Step: PreInitialization - Greg-API took 4,041s
[16:18:08] [Client thread/TRACE] [IC2/IC2]: Sending event FMLPreInitializationEvent to mod IC2
[16:18:08] [Client thread/INFO] [IC2/IC2]: Config loaded from C:\Users\brawl\Desktop\mods\HTGT-6\run\.\config\IC2.cfg
[16:18:08] [Client thread/INFO] [IC2/IC2]: Using 32 audio sources.
[16:18:08] [Client thread/INFO] [IC2/IC2]: Try Loading SubModul: Nei SubModul
[16:18:08] [Client thread/INFO] [IC2/IC2]: Loaded SubModul: Nei SubModul
[16:18:08] [Client thread/INFO] [IC2/IC2]: Try Loading SubModul: Crafting Guide Submodul
[16:18:08] [Client thread/INFO] [IC2/IC2]: Could not Load SubModul: Crafting Guide Submodul
[16:18:08] [Client thread/INFO] [IC2/IC2]: Try Loading SubModul: Baubles Modul
[16:18:08] [Client thread/INFO] [IC2/IC2]: Could not Load SubModul: Baubles Modul
[16:18:08] [Client thread/INFO] [IC2/IC2]: Try Loading SubModul: Tinkers Construct
[16:18:08] [Client thread/INFO] [IC2/IC2]: Could not Load SubModul: Tinkers Construct
[16:18:08] [Client thread/INFO] [IC2/IC2]: Try Loading SubModul: Applied Energistics 2
[16:18:08] [Client thread/INFO] [IC2/IC2]: Could not Load SubModul: Applied Energistics 2
[16:18:08] [Client thread/INFO] [IC2/IC2]: Try Loading SubModul: Not Enough Resources
[16:18:08] [Client thread/INFO] [IC2/IC2]: Could not Load SubModul: Not Enough Resources
[16:18:08] [Client thread/INFO] [IC2/IC2]: Try Loading SubModul: Thaumcraft
[16:18:08] [Client thread/INFO] [IC2/IC2]: Could not Load SubModul: Thaumcraft
[16:18:08] [Client thread/INFO] [IC2/IC2]: Try Loading SubModul: BuildCraft
[16:18:08] [Client thread/INFO] [IC2/IC2]: Could not Load SubModul: BuildCraft
[16:18:08] [Client thread/INFO] [IC2/IC2]: Try Loading SubModul: Wrench
[16:18:08] [Client thread/INFO] [IC2/IC2]: Could not Load SubModul: Wrench
[16:18:08] [Client thread/INFO] [IC2/IC2]: Try Loading SubModul: RF Plugin
[16:18:08] [Client thread/INFO] [IC2/IC2]: Could not Load SubModul: RF Plugin
[16:18:08] [Client thread/INFO] [IC2/IC2]: Try Loading SubModul: Project E
[16:18:08] [Client thread/INFO] [IC2/IC2]: Could not Load SubModul: Project E
[16:18:08] [Client thread/INFO] [IC2/IC2]: Try Loading SubModul: Waila Modul
[16:18:08] [Client thread/INFO] [IC2/IC2]: Could not Load SubModul: Waila Modul
[16:18:09] [Client thread/TRACE] [FML/IC2]: Automatically registered mod IC2 entity MiningLaser as IC2.MiningLaser
[16:18:09] [Client thread/TRACE] [FML/IC2]: Automatically registered mod IC2 entity Dynamite as IC2.Dynamite
[16:18:09] [Client thread/TRACE] [FML/IC2]: Automatically registered mod IC2 entity StickyDynamite as IC2.StickyDynamite
[16:18:09] [Client thread/TRACE] [FML/IC2]: Automatically registered mod IC2 entity Itnt as IC2.Itnt
[16:18:09] [Client thread/TRACE] [FML/IC2]: Automatically registered mod IC2 entity Nuke as IC2.Nuke
[16:18:09] [Client thread/TRACE] [FML/IC2]: Automatically registered mod IC2 entity rubberBoat as IC2.rubberBoat
[16:18:09] [Client thread/TRACE] [FML/IC2]: Automatically registered mod IC2 entity carbonBoat as IC2.carbonBoat
[16:18:09] [Client thread/TRACE] [FML/IC2]: Automatically registered mod IC2 entity electricBoat as IC2.electricBoat
[16:18:09] [Client thread/TRACE] [IC2/IC2]: Sent event FMLPreInitializationEvent to mod IC2
[16:18:09] [Client thread/DEBUG] [FML/]: Bar Step: PreInitialization - IndustrialCraft 2 Classic took 1,133s
[16:18:09] [Client thread/TRACE] [IC2-Classic-Spmod/IC2-Classic-Spmod]: Sending event FMLPreInitializationEvent to mod IC2-Classic-Spmod
[16:18:09] [Client thread/TRACE] [IC2-Classic-Spmod/IC2-Classic-Spmod]: Sent event FMLPreInitializationEvent to mod IC2-Classic-Spmod
[16:18:09] [Client thread/DEBUG] [FML/]: Bar Step: PreInitialization - IC2 Classic Detection Helper took 0,000s
[16:18:09] [Client thread/TRACE] [NEIAddons/NEIAddons]: Sending event FMLPreInitializationEvent to mod NEIAddons
[16:18:09] [Client thread/TRACE] [NEIAddons/NEIAddons]: Sent event FMLPreInitializationEvent to mod NEIAddons
[16:18:09] [Client thread/DEBUG] [FML/]: Bar Step: PreInitialization - NEI Addons took 0,012s
[16:18:09] [Client thread/TRACE] [NEIAddons|Developer/NEIAddons|Developer]: Sending event FMLPreInitializationEvent to mod NEIAddons|Developer
[16:18:09] [Client thread/TRACE] [NEIAddons|Developer/NEIAddons|Developer]: Sent event FMLPreInitializationEvent to mod NEIAddons|Developer
[16:18:09] [Client thread/DEBUG] [FML/]: Bar Step: PreInitialization - NEI Addons: Developer Tools took 0,000s
[16:18:09] [Client thread/TRACE] [NEIAddons|AppEng/NEIAddons|AppEng]: Sending event FMLPreInitializationEvent to mod NEIAddons|AppEng
[16:18:09] [Client thread/INFO] [NEIAddons|AppEng/NEIAddons|AppEng]: Required mod appliedenergistics2 is not installed, dependent features will be unavailable
[16:18:09] [Client thread/ERROR] [NEIAddons|AppEng/NEIAddons|AppEng]: Requirements unmet, Applied Energistics 2 Addon not loading
[16:18:09] [Client thread/TRACE] [NEIAddons|AppEng/NEIAddons|AppEng]: Sent event FMLPreInitializationEvent to mod NEIAddons|AppEng
[16:18:09] [Client thread/DEBUG] [FML/]: Bar Step: PreInitialization - NEI Addons: Applied Energistics 2 took 0,000s
[16:18:09] [Client thread/TRACE] [NEIAddons|Botany/NEIAddons|Botany]: Sending event FMLPreInitializationEvent to mod NEIAddons|Botany
[16:18:09] [Client thread/INFO] [NEIAddons|Botany/NEIAddons|Botany]: Required mod Botany is not installed, dependent features will be unavailable
[16:18:09] [Client thread/ERROR] [NEIAddons|Botany/NEIAddons|Botany]: Requirements unmet, Botany Addon not loading
[16:18:09] [Client thread/TRACE] [NEIAddons|Botany/NEIAddons|Botany]: Sent event FMLPreInitializationEvent to mod NEIAddons|Botany
[16:18:09] [Client thread/DEBUG] [FML/]: Bar Step: PreInitialization - NEI Addons: Botany took 0,000s
[16:18:09] [Client thread/TRACE] [NEIAddons|Forestry/NEIAddons|Forestry]: Sending event FMLPreInitializationEvent to mod NEIAddons|Forestry
[16:18:09] [Client thread/INFO] [NEIAddons|Forestry/NEIAddons|Forestry]: Required mod Forestry is not installed, dependent features will be unavailable
[16:18:09] [Client thread/ERROR] [NEIAddons|Forestry/NEIAddons|Forestry]: Requirements unmet, Forestry Addon not loading
[16:18:09] [Client thread/TRACE] [NEIAddons|Forestry/NEIAddons|Forestry]: Sent event FMLPreInitializationEvent to mod NEIAddons|Forestry
[16:18:09] [Client thread/DEBUG] [FML/]: Bar Step: PreInitialization - NEI Addons: Forestry took 0,000s
[16:18:09] [Client thread/TRACE] [NEIAddons|CraftingTables/NEIAddons|CraftingTables]: Sending event FMLPreInitializationEvent to mod NEIAddons|CraftingTables
[16:18:09] [Client thread/TRACE] [NEIAddons|CraftingTables/NEIAddons|CraftingTables]: Sent event FMLPreInitializationEvent to mod NEIAddons|CraftingTables
[16:18:09] [Client thread/DEBUG] [FML/]: Bar Step: PreInitialization - NEI Addons: Crafting Tables took 0,000s
[16:18:09] [Client thread/TRACE] [NEIAddons|ExNihilo/NEIAddons|ExNihilo]: Sending event FMLPreInitializationEvent to mod NEIAddons|ExNihilo
[16:18:09] [Client thread/INFO] [NEIAddons|ExNihilo/NEIAddons|ExNihilo]: Required mod exnihilo is not installed, dependent features will be unavailable
[16:18:09] [Client thread/ERROR] [NEIAddons|ExNihilo/NEIAddons|ExNihilo]: Requirements unmet, Ex Nihilo Addon not loading
[16:18:09] [Client thread/TRACE] [NEIAddons|ExNihilo/NEIAddons|ExNihilo]: Sent event FMLPreInitializationEvent to mod NEIAddons|ExNihilo
[16:18:09] [Client thread/DEBUG] [FML/]: Bar Step: PreInitialization - NEI Addons: Ex Nihilo took 0,000s
[16:18:09] [Client thread/TRACE] [neiintegration/neiintegration]: Sending event FMLPreInitializationEvent to mod neiintegration
[16:18:09] [Client thread/INFO] [neiintegration/neiintegration]: Starting NEI Integration
[16:18:09] [Client thread/INFO] [neiintegration/neiintegration]: Loading configuration files
[16:18:09] [Client thread/TRACE] [neiintegration/neiintegration]: Sent event FMLPreInitializationEvent to mod neiintegration
[16:18:09] [Client thread/DEBUG] [FML/]: Bar Step: PreInitialization - NEI Integration took 0,039s
[16:18:09] [Client thread/TRACE] [gregapi_post/gregapi_post]: Sending event FMLPreInitializationEvent to mod gregapi_post
[16:18:09] [Client thread/DEBUG] [FML/gregapi_post]: Bar Finished: Saving Configs took 0,199s
[16:18:09] [Client thread/TRACE] [gregapi_post/gregapi_post]: Sent event FMLPreInitializationEvent to mod gregapi_post
[16:18:09] [Client thread/DEBUG] [FML/]: Bar Step: PreInitialization - Greg-API-Post took 0,310s
[16:18:09] [Client thread/TRACE] [gregtech/gregtech]: Sending event FMLPreInitializationEvent to mod gregtech
[16:18:09] [Client thread/TRACE] [FML/gregtech]: Automatically registered mod gregtech entity GT_Entity_Arrow as gregtech.GT_Entity_Arrow
[16:18:09] [Client thread/TRACE] [FML/gregtech]: Automatically registered mod gregtech entity GT_Entity_Arrow_Potion as gregtech.GT_Entity_Arrow_Potion
[16:18:10] [Client thread/DEBUG] [FML/gregtech]: Bar Finished: Loading Compat (PreInit) took 0,000s
[16:18:11] [Client thread/DEBUG] [FML/gregtech]: Bar Finished: Saving Configs took 0,093s
[16:18:11] [Client thread/TRACE] [gregtech/gregtech]: Sent event FMLPreInitializationEvent to mod gregtech
[16:18:11] [Client thread/DEBUG] [FML/]: Bar Step: PreInitialization - GregTech 6 Unofficial took 1,110s
[16:18:11] [Client thread/TRACE] [HTGT6/HTGT6]: Sending event FMLPreInitializationEvent to mod HTGT6
[16:18:11] [Client thread/TRACE] [HTGT6/HTGT6]: Sent event FMLPreInitializationEvent to mod HTGT6
[16:18:11] [Client thread/DEBUG] [FML/]: Bar Step: PreInitialization - HTGT6 took 0,063s
[16:18:11] [Client thread/DEBUG] [FML/]: Bar Finished: PreInitialization took 7,225s
[16:18:11] [Client thread/INFO] [FML/]: Applying holder lookups
[16:18:11] [Client thread/INFO] [FML/]: Holder lookups applied
[16:18:11] [Client thread/INFO] [FML/]: Injecting itemstacks
[16:18:11] [Client thread/INFO] [FML/]: Itemstack injection complete
[16:18:11] [Client thread/DEBUG] [FML/]: Bar Finished: Loading Resource - TextureManager took 0,000s
[16:18:11] [Sound Library Loader/INFO] [STDOUT/]: [paulscode.sound.SoundSystemLogger:message:69]: 
[16:18:11] [Sound Library Loader/INFO] [STDOUT/]: [paulscode.sound.SoundSystemLogger:message:69]: Starting up SoundSystem...
[16:18:11] [Thread-11/INFO] [STDOUT/]: [paulscode.sound.SoundSystemLogger:message:69]: Initializing LWJGL OpenAL
[16:18:11] [Thread-11/INFO] [STDOUT/]: [paulscode.sound.SoundSystemLogger:message:69]:     (The LWJGL binding of OpenAL.  For more information, see http://www.lwjgl.org)
[16:18:11] [Client thread/DEBUG] [FML/]: Bar Finished: Loading Resource - SoundHandler took 0,434s
[16:18:11] [Client thread/DEBUG] [FML/]: Bar Finished: Loading Resource - FontRenderer took 0,002s
[16:18:11] [Client thread/DEBUG] [FML/]: Bar Finished: Loading Resource - FontRenderer took 0,001s
[16:18:11] [Client thread/DEBUG] [FML/]: Bar Finished: Loading Resource - GrassColorReloadListener took 0,003s
[16:18:11] [Client thread/DEBUG] [FML/]: Bar Finished: Loading Resource - FoliageColorReloadListener took 0,004s
[16:18:11] [Thread-11/INFO] [STDOUT/]: [paulscode.sound.SoundSystemLogger:message:69]: OpenAL initialized.
[16:18:11] [Client thread/DEBUG] [FML/]: Bar Step: Rendering Setup - Loading Render Manager took 0,003s
[16:18:11] [Client thread/DEBUG] [FML/]: Bar Finished: Loading Resource - EntityRenderer took 0,000s
[16:18:11] [Client thread/DEBUG] [FML/]: Bar Step: Rendering Setup - Loading Entity Renderer took 0,017s
[16:18:11] [Client thread/DEBUG] [FML/]: Bar Step: Rendering Setup - Loading GL properties took 0,001s
[16:18:11] [Client thread/DEBUG] [FML/]: Bar Step: Rendering Setup - Render Global instance took 0,026s
[16:18:11] [Client thread/DEBUG] [FML/]: Bar Step: Rendering Setup - Building Blocks Texture took 0,004s
[16:18:11] [Client thread/DEBUG] [FML/]: Bar Step: Rendering Setup - Anisotropy and Mipmaps took 0,000s
[16:18:11] [Client thread/DEBUG] [FML/]: Bar Finished: Texture stitching - missingno took 0,001s
[16:18:11] [Client thread/DEBUG] [FML/]: Bar Finished: Texture creation took 0,008s
[16:18:11] [Client thread/DEBUG] [FML/]: Bar Step: Rendering Setup - Loading Blocks Texture took 0,015s
[16:18:11] [Client thread/DEBUG] [FML/]: Bar Finished: Texture stitching - missingno took 0,000s
[16:18:11] [Client thread/DEBUG] [FML/]: Bar Finished: Texture creation took 0,000s
[16:18:11] [Client thread/DEBUG] [FML/]: Bar Step: Rendering Setup - Loading Items Texture took 0,004s
[16:18:11] [Client thread/DEBUG] [FML/]: Bar Step: Rendering Setup - Viewport took 0,000s
[16:18:11] [Client thread/DEBUG] [FML/]: Bar Finished: Rendering Setup took 0,070s
[16:18:11] [Client thread/TRACE] [gregapi/gregapi]: Sending event FMLInitializationEvent to mod gregapi
[16:18:11] [Sound Library Loader/INFO] [STDOUT/]: [paulscode.sound.SoundSystemLogger:message:69]: 
[16:18:12] [Client thread/DEBUG] [CCL ASM/gregapi]: NEI: Applying workbench fix
[16:18:12] [Client thread/DEBUG] [FML/gregapi]: Bar Finished: Before Init took 1,050s
[16:18:13] [Client thread/DEBUG] [FML/gregapi]: Bar Finished: OreDict took 0,571s
[16:18:13] [Client thread/DEBUG] [FML/gregapi]: Bar Finished: Saving Configs took 0,062s
[16:18:13] [Client thread/TRACE] [gregapi/gregapi]: Sent event FMLInitializationEvent to mod gregapi
[16:18:13] [Client thread/DEBUG] [FML/]: Bar Step: Initialization - Greg-API took 1,702s
[16:18:13] [Client thread/TRACE] [mcp/mcp]: Sending event FMLInitializationEvent to mod mcp
[16:18:13] [Client thread/TRACE] [mcp/mcp]: Sent event FMLInitializationEvent to mod mcp
[16:18:13] [Client thread/DEBUG] [FML/]: Bar Step: Initialization - Minecraft Coder Pack took 0,000s
[16:18:13] [Client thread/TRACE] [FML/FML]: Sending event FMLInitializationEvent to mod FML
[16:18:13] [Client thread/TRACE] [FML/FML]: Sent event FMLInitializationEvent to mod FML
[16:18:13] [Client thread/DEBUG] [FML/]: Bar Step: Initialization - Forge Mod Loader took 0,000s
[16:18:13] [Client thread/TRACE] [Forge/Forge]: Sending event FMLInitializationEvent to mod Forge
[16:18:13] [Client thread/TRACE] [Forge/Forge]: Sent event FMLInitializationEvent to mod Forge
[16:18:13] [Client thread/DEBUG] [FML/]: Bar Step: Initialization - Minecraft Forge took 0,000s
[16:18:13] [Client thread/TRACE] [CodeChickenCore/CodeChickenCore]: Sending event FMLInitializationEvent to mod CodeChickenCore
[16:18:13] [Client thread/ERROR] [CodeChickenCore/CodeChickenCore]: Unable to do mod description scrolling due to lack of stencil buffer
[16:18:13] [Client thread/TRACE] [CodeChickenCore/CodeChickenCore]: Sent event FMLInitializationEvent to mod CodeChickenCore
[16:18:13] [Client thread/DEBUG] [FML/]: Bar Step: Initialization - CodeChicken Core took 0,005s
[16:18:13] [Client thread/TRACE] [NotEnoughItems/NotEnoughItems]: Sending event FMLInitializationEvent to mod NotEnoughItems
[16:18:13] [Client thread/ERROR] [CodeChickenCore/NotEnoughItems]: Unable to do mod description scrolling due to lack of stencil buffer
[16:18:13] [Client thread/TRACE] [NotEnoughItems/NotEnoughItems]: Sent event FMLInitializationEvent to mod NotEnoughItems
[16:18:13] [Client thread/DEBUG] [FML/]: Bar Step: Initialization - NotEnoughItems took 0,070s
[16:18:13] [Client thread/TRACE] [GT_ASM/GT_ASM]: Sending event FMLInitializationEvent to mod GT_ASM
[16:18:13] [Client thread/TRACE] [GT_ASM/GT_ASM]: Sent event FMLInitializationEvent to mod GT_ASM
[16:18:13] [Client thread/DEBUG] [FML/]: Bar Step: Initialization - Greg-ASM® took 0,000s
[16:18:13] [Client thread/TRACE] [IC2/IC2]: Sending event FMLInitializationEvent to mod IC2
[16:18:13] [Client thread/TRACE] [IC2/IC2]: Sent event FMLInitializationEvent to mod IC2
[16:18:13] [Client thread/DEBUG] [FML/]: Bar Step: Initialization - Industrial Craft Classic took 0,009s
[16:18:13] [Client thread/TRACE] [IC2-Classic-Spmod/IC2-Classic-Spmod]: Sending event FMLInitializationEvent to mod IC2-Classic-Spmod
[16:18:13] [Client thread/TRACE] [IC2-Classic-Spmod/IC2-Classic-Spmod]: Sent event FMLInitializationEvent to mod IC2-Classic-Spmod
[16:18:13] [Client thread/DEBUG] [FML/]: Bar Step: Initialization - IC2 Classic Detection Helper took 0,000s
[16:18:13] [Client thread/TRACE] [NEIAddons/NEIAddons]: Sending event FMLInitializationEvent to mod NEIAddons
[16:18:13] [Client thread/INFO] [NEIAddons/NEIAddons]: Loading NEI Addons
[16:18:13] [Client thread/INFO] [NEIAddons/NEIAddons]: Developer Tools Addon disabled - skipping
[16:18:13] [Client thread/INFO] [NEIAddons/NEIAddons]: Loading Crafting Tables Addon...
[16:18:13] [Client thread/INFO] [NEIAddons|CraftingTables/NEIAddons]: Required mod EE3 is not installed, dependent features will be unavailable
[16:18:13] [Client thread/INFO] [NEIAddons|CraftingTables/NEIAddons]: Not registering EE3 Minium Stone
[16:18:13] [Client thread/INFO] [NEIAddons|CraftingTables/NEIAddons]: Required mod BuildCraft|Factory is not installed, dependent features will be unavailable
[16:18:13] [Client thread/INFO] [NEIAddons|CraftingTables/NEIAddons]: Not registering BC Autorcrafting Table
[16:18:13] [Client thread/INFO] [NEIAddons|CraftingTables/NEIAddons]: Required mod powersuitaddons is not installed, dependent features will be unavailable
[16:18:13] [Client thread/INFO] [NEIAddons|CraftingTables/NEIAddons]: Not registering MPSA In-Place Assembler
[16:18:13] [Client thread/INFO] [NEIAddons|CraftingTables/NEIAddons]: Required mod ProjectE is not installed, dependent features will be unavailable
[16:18:13] [Client thread/INFO] [NEIAddons|CraftingTables/NEIAddons]: Not registering ProjectE Philosopher Stone
[16:18:13] [Client thread/INFO] [NEIAddons|CraftingTables/NEIAddons]: Required mod BiblioCraft is not installed, dependent features will be unavailable
[16:18:13] [Client thread/INFO] [NEIAddons|CraftingTables/NEIAddons]: Not registering BiblioCraft Fancy Workbench
[16:18:13] [Client thread/INFO] [NEIAddons|CraftingTables/NEIAddons]: Required mod RIO is not installed, dependent features will be unavailable
[16:18:13] [Client thread/INFO] [NEIAddons|CraftingTables/NEIAddons]: Not registering RemoteIO Intelligent Workbench
[16:18:13] [Client thread/INFO] [NEIAddons|CraftingTables/NEIAddons]: Required mod Railcraft is not installed, dependent features will be unavailable
[16:18:13] [Client thread/INFO] [NEIAddons|CraftingTables/NEIAddons]: Not registering Railcraft Work Cart
[16:18:13] [Client thread/TRACE] [NEIAddons/NEIAddons]: Sent event FMLInitializationEvent to mod NEIAddons
[16:18:13] [Client thread/DEBUG] [FML/]: Bar Step: Initialization - NEI Addons took 0,005s
[16:18:13] [Client thread/TRACE] [NEIAddons|Developer/NEIAddons|Developer]: Sending event FMLInitializationEvent to mod NEIAddons|Developer
[16:18:13] [Client thread/TRACE] [NEIAddons|Developer/NEIAddons|Developer]: Sent event FMLInitializationEvent to mod NEIAddons|Developer
[16:18:13] [Client thread/DEBUG] [FML/]: Bar Step: Initialization - NEI Addons: Developer Tools took 0,000s
[16:18:13] [Client thread/TRACE] [NEIAddons|AppEng/NEIAddons|AppEng]: Sending event FMLInitializationEvent to mod NEIAddons|AppEng
[16:18:13] [Client thread/TRACE] [NEIAddons|AppEng/NEIAddons|AppEng]: Sent event FMLInitializationEvent to mod NEIAddons|AppEng
[16:18:13] [Client thread/DEBUG] [FML/]: Bar Step: Initialization - NEI Addons: Applied Energistics 2 took 0,000s
[16:18:13] [Client thread/TRACE] [NEIAddons|Botany/NEIAddons|Botany]: Sending event FMLInitializationEvent to mod NEIAddons|Botany
[16:18:13] [Client thread/TRACE] [NEIAddons|Botany/NEIAddons|Botany]: Sent event FMLInitializationEvent to mod NEIAddons|Botany
[16:18:13] [Client thread/DEBUG] [FML/]: Bar Step: Initialization - NEI Addons: Botany took 0,000s
[16:18:13] [Client thread/TRACE] [NEIAddons|Forestry/NEIAddons|Forestry]: Sending event FMLInitializationEvent to mod NEIAddons|Forestry
[16:18:13] [Client thread/TRACE] [NEIAddons|Forestry/NEIAddons|Forestry]: Sent event FMLInitializationEvent to mod NEIAddons|Forestry
[16:18:13] [Client thread/DEBUG] [FML/]: Bar Step: Initialization - NEI Addons: Forestry took 0,000s
[16:18:13] [Client thread/TRACE] [NEIAddons|CraftingTables/NEIAddons|CraftingTables]: Sending event FMLInitializationEvent to mod NEIAddons|CraftingTables
[16:18:13] [Client thread/TRACE] [NEIAddons|CraftingTables/NEIAddons|CraftingTables]: Sent event FMLInitializationEvent to mod NEIAddons|CraftingTables
[16:18:13] [Client thread/DEBUG] [FML/]: Bar Step: Initialization - NEI Addons: Crafting Tables took 0,000s
[16:18:13] [Client thread/TRACE] [NEIAddons|ExNihilo/NEIAddons|ExNihilo]: Sending event FMLInitializationEvent to mod NEIAddons|ExNihilo
[16:18:13] [Client thread/TRACE] [NEIAddons|ExNihilo/NEIAddons|ExNihilo]: Sent event FMLInitializationEvent to mod NEIAddons|ExNihilo
[16:18:13] [Client thread/DEBUG] [FML/]: Bar Step: Initialization - NEI Addons: Ex Nihilo took 0,000s
[16:18:13] [Client thread/TRACE] [neiintegration/neiintegration]: Sending event FMLInitializationEvent to mod neiintegration
[16:18:13] [Client thread/TRACE] [neiintegration/neiintegration]: Sent event FMLInitializationEvent to mod neiintegration
[16:18:13] [Client thread/DEBUG] [FML/]: Bar Step: Initialization - NEI Integration took 0,000s
[16:18:13] [Client thread/TRACE] [HTGT6/HTGT6]: Sending event FMLInitializationEvent to mod HTGT6
[16:18:13] [Client thread/TRACE] [HTGT6/HTGT6]: Sent event FMLInitializationEvent to mod HTGT6
[16:18:13] [Client thread/DEBUG] [FML/]: Bar Step: Initialization - HTGT6 took 0,004s
[16:18:13] [Client thread/TRACE] [gregapi_post/gregapi_post]: Sending event FMLInitializationEvent to mod gregapi_post
[16:18:13] [Client thread/DEBUG] [FML/gregapi_post]: Bar Finished: After Init took 0,050s
[16:18:13] [Client thread/DEBUG] [FML/gregapi_post]: Bar Finished: Saving Configs took 0,074s
[16:18:13] [Client thread/TRACE] [gregapi_post/gregapi_post]: Sent event FMLInitializationEvent to mod gregapi_post
[16:18:13] [Client thread/DEBUG] [FML/]: Bar Step: Initialization - Greg-API-Post took 0,143s
[16:18:13] [Client thread/TRACE] [gregtech/gregtech]: Sending event FMLInitializationEvent to mod gregtech
[16:18:14] [Client thread/DEBUG] [FML/gregtech]: Bar Finished: Loading Compat (Init) took 0,000s
[16:18:14] [Client thread/DEBUG] [FML/gregtech]: Bar Finished: After Init took 0,005s
[16:18:14] [Client thread/DEBUG] [FML/gregtech]: Bar Finished: Saving Configs took 0,063s
[16:18:14] [Client thread/TRACE] [gregtech/gregtech]: Sent event FMLInitializationEvent to mod gregtech
[16:18:14] [Client thread/DEBUG] [FML/]: Bar Step: Initialization - GregTech 6 Unofficial took 1,297s
[16:18:14] [Client thread/DEBUG] [FML/]: Bar Finished: Initialization took 3,236s
[16:18:14] [Client thread/ERROR] [FML/]: Fatal errors were detected during the transition from INITIALIZATION to POSTINITIALIZATION. Loading cannot continue
[16:18:14] [Client thread/ERROR] [FML/]: 
	States: 'U' = Unloaded 'L' = Loaded 'C' = Constructed 'H' = Pre-initialized 'I' = Initialized 'J' = Post-initialized 'A' = Available 'D' = Disabled 'E' = Errored
	UCHI	mcp{9.05} [Minecraft Coder Pack] (minecraft.jar) 
	UCHI	FML{7.10.99.99} [Forge Mod Loader] (forgeSrc-1.7.10-10.13.4.1614-1.7.10.jar) 
	UCHI	Forge{10.13.4.1614} [Minecraft Forge] (forgeSrc-1.7.10-10.13.4.1614-1.7.10.jar) 
	UCHI	CodeChickenCore{1.1.13} [CodeChicken Core] (minecraft.jar) 
	UCHI	NotEnoughItems{2.4.13-GTNH} [NotEnoughItems] (NotEnoughItems-2.4.13-GTNH.jar) 
	UCHI	GT_ASM{6.14.11} [Greg-ASM®] (minecraft.jar) 
	UCHI	gregapi{GT6-MC1710} [Greg-API] (GregTech6-Unofficial-dev.jar) 
	UCHI	IC2{2.2.999} [Industrial Craft Classic] (IC2Classic-1.7.10-1.2.5 (1).jar) 
	UCHI	IC2-Classic-Spmod{0.0.0.0} [IC2 Classic Detection Helper] (IC2Classic-1.7.10-1.2.5 (1).jar) 
	UCHI	NEIAddons{1.12.15.41} [NEI Addons] (neiaddons-1.12.15.41-mc1.7.10.jar) 
	UCHI	NEIAddons|Developer{1.12.15.41} [NEI Addons: Developer Tools] (neiaddons-1.12.15.41-mc1.7.10.jar) 
	UCHI	NEIAddons|AppEng{1.12.15.41} [NEI Addons: Applied Energistics 2] (neiaddons-1.12.15.41-mc1.7.10.jar) 
	UCHI	NEIAddons|Botany{1.12.15.41} [NEI Addons: Botany] (neiaddons-1.12.15.41-mc1.7.10.jar) 
	UCHI	NEIAddons|Forestry{1.12.15.41} [NEI Addons: Forestry] (neiaddons-1.12.15.41-mc1.7.10.jar) 
	UCHI	NEIAddons|CraftingTables{1.12.15.41} [NEI Addons: Crafting Tables] (neiaddons-1.12.15.41-mc1.7.10.jar) 
	UCHI	NEIAddons|ExNihilo{1.12.15.41} [NEI Addons: Ex Nihilo] (neiaddons-1.12.15.41-mc1.7.10.jar) 
	UCHI	neiintegration{1.1.2} [NEI Integration] (NEIIntegration-MC1.7.10-1.1.2.jar) 
	UCHI	gregapi_post{GT6-MC1710} [Greg-API-Post] (GregTech6-Unofficial-dev.jar) 
	UCHI	gregtech{GT6-MC1710} [GregTech 6 Unofficial] (GregTech6-Unofficial-dev.jar) 
	UCHE	HTGT6{1.0.4} [HTGT6] (HiTech6_V_1.0.4_Build_.jar) 
[16:18:14] [Client thread/ERROR] [FML/]: The following problems were captured during this phase
[16:18:14] [Client thread/ERROR] [FML/]: Caught exception from HTGT6
java.lang.RuntimeException: Duplicate stat id: "TranslatableComponent{key='achievement.Craft_Knife', args=[], siblings=[], style=Style{hasParent=false, color=null, bold=null, italic=null, underlined=null, obfuscated=null, clickEvent=null, hoverEvent=null}}" and "TranslatableComponent{key='achievement.Just_a_Rock', args=[], siblings=[], style=Style{hasParent=false, color=null, bold=null, italic=null, underlined=null, obfuscated=null, clickEvent=null, hoverEvent=null}}" at id advancement.HiTech6.Knife
	at net.minecraft.stats.StatBase.registerStat(StatBase.java:114) ~[forgeSrc-1.7.10-10.13.4.1614-1.7.10.jar:?]
	at net.minecraft.stats.Achievement.registerStat(Achievement.java:104) ~[forgeSrc-1.7.10-10.13.4.1614-1.7.10.jar:?]
	at com.mod.htgt6.common.achievements.Hitech6AchieveDatabase.initialization(Hitech6AchieveDatabase.java:35) ~[HiTech6_V_1.0.4_Build_.jar:?]
	at com.mod.htgt6.common.CommonProxy.init(CommonProxy.java:56) ~[HiTech6_V_1.0.4_Build_.jar:?]
	at com.mod.htgt6.client.ClientProxy.init(ClientProxy.java:29) ~[HiTech6_V_1.0.4_Build_.jar:?]
	at com.mod.htgt6.HTGT6.init(HTGT6.java:41) ~[HiTech6_V_1.0.4_Build_.jar:?]
	at sun.reflect.NativeMethodAccessorImpl.invoke0(Native Method) ~[?:1.8.0_452]
	at sun.reflect.NativeMethodAccessorImpl.invoke(NativeMethodAccessorImpl.java:62) ~[?:1.8.0_452]
	at sun.reflect.DelegatingMethodAccessorImpl.invoke(DelegatingMethodAccessorImpl.java:43) ~[?:1.8.0_452]
	at java.lang.reflect.Method.invoke(Method.java:498) ~[?:1.8.0_452]
	at cpw.mods.fml.common.FMLModContainer.handleModStateEvent(FMLModContainer.java:532) ~[forgeSrc-1.7.10-10.13.4.1614-1.7.10.jar:?]
	at sun.reflect.GeneratedMethodAccessor4.invoke(Unknown Source) ~[?:?]
	at sun.reflect.DelegatingMethodAccessorImpl.invoke(DelegatingMethodAccessorImpl.java:43) ~[?:1.8.0_452]
	at java.lang.reflect.Method.invoke(Method.java:498) ~[?:1.8.0_452]
	at com.google.common.eventbus.EventSubscriber.handleEvent(EventSubscriber.java:74) ~[guava-17.0.jar:?]
	at com.google.common.eventbus.SynchronizedEventSubscriber.handleEvent(SynchronizedEventSubscriber.java:47) ~[guava-17.0.jar:?]
	at com.google.common.eventbus.EventBus.dispatch(EventBus.java:322) ~[guava-17.0.jar:?]
	at com.google.common.eventbus.EventBus.dispatchQueuedEvents(EventBus.java:304) ~[guava-17.0.jar:?]
	at com.google.common.eventbus.EventBus.post(EventBus.java:275) ~[guava-17.0.jar:?]
	at cpw.mods.fml.common.LoadController.sendEventToModContainer(LoadController.java:212) ~[forgeSrc-1.7.10-10.13.4.1614-1.7.10.jar:?]
	at cpw.mods.fml.common.LoadController.propogateStateMessage(LoadController.java:190) ~[forgeSrc-1.7.10-10.13.4.1614-1.7.10.jar:?]
	at sun.reflect.NativeMethodAccessorImpl.invoke0(Native Method) ~[?:1.8.0_452]
	at sun.reflect.NativeMethodAccessorImpl.invoke(NativeMethodAccessorImpl.java:62) ~[?:1.8.0_452]
	at sun.reflect.DelegatingMethodAccessorImpl.invoke(DelegatingMethodAccessorImpl.java:43) ~[?:1.8.0_452]
	at java.lang.reflect.Method.invoke(Method.java:498) ~[?:1.8.0_452]
	at com.google.common.eventbus.EventSubscriber.handleEvent(EventSubscriber.java:74) ~[guava-17.0.jar:?]
	at com.google.common.eventbus.SynchronizedEventSubscriber.handleEvent(SynchronizedEventSubscriber.java:47) ~[guava-17.0.jar:?]
	at com.google.common.eventbus.EventBus.dispatch(EventBus.java:322) ~[guava-17.0.jar:?]
	at com.google.common.eventbus.EventBus.dispatchQueuedEvents(EventBus.java:304) ~[guava-17.0.jar:?]
	at com.google.common.eventbus.EventBus.post(EventBus.java:275) ~[guava-17.0.jar:?]
	at cpw.mods.fml.common.LoadController.distributeStateMessage(LoadController.java:119) [LoadController.class:?]
	at cpw.mods.fml.common.Loader.initializeMods(Loader.java:737) [Loader.class:?]
	at cpw.mods.fml.client.FMLClientHandler.finishMinecraftLoading(FMLClientHandler.java:311) [FMLClientHandler.class:?]
	at net.minecraft.client.Minecraft.startGame(Minecraft.java:597) [Minecraft.class:?]
	at net.minecraft.client.Minecraft.run(Minecraft.java:942) [Minecraft.class:?]
	at net.minecraft.client.main.Main.main(Main.java:164) [Main.class:?]
	at sun.reflect.NativeMethodAccessorImpl.invoke0(Native Method) ~[?:1.8.0_452]
	at sun.reflect.NativeMethodAccessorImpl.invoke(NativeMethodAccessorImpl.java:62) ~[?:1.8.0_452]
	at sun.reflect.DelegatingMethodAccessorImpl.invoke(DelegatingMethodAccessorImpl.java:43) ~[?:1.8.0_452]
	at java.lang.reflect.Method.invoke(Method.java:498) ~[?:1.8.0_452]
	at net.minecraft.launchwrapper.Launch.launch(Launch.java:135) [launchwrapper-1.12.jar:?]
	at net.minecraft.launchwrapper.Launch.main(Launch.java:28) [launchwrapper-1.12.jar:?]
	at net.minecraftforge.gradle.GradleStartCommon.launch(Unknown Source) [start/:?]
	at GradleStart.main(Unknown Source) [start/:?]
[16:18:14] [Client thread/INFO] [STDOUT/]: [net.minecraft.client.Minecraft:displayCrashReport:388]: ---- Minecraft Crash Report ----
// There are four lights!

Time: 01.05.26 16:18
Description: Initializing game

java.lang.RuntimeException: Duplicate stat id: "TranslatableComponent{key='achievement.Craft_Knife', args=[], siblings=[], style=Style{hasParent=false, color=null, bold=null, italic=null, underlined=null, obfuscated=null, clickEvent=null, hoverEvent=null}}" and "TranslatableComponent{key='achievement.Just_a_Rock', args=[], siblings=[], style=Style{hasParent=false, color=null, bold=null, italic=null, underlined=null, obfuscated=null, clickEvent=null, hoverEvent=null}}" at id advancement.HiTech6.Knife
	at net.minecraft.stats.StatBase.registerStat(StatBase.java:114)
	at net.minecraft.stats.Achievement.registerStat(Achievement.java:104)
	at com.mod.htgt6.common.achievements.Hitech6AchieveDatabase.initialization(Hitech6AchieveDatabase.java:35)
	at com.mod.htgt6.common.CommonProxy.init(CommonProxy.java:56)
	at com.mod.htgt6.client.ClientProxy.init(ClientProxy.java:29)
	at com.mod.htgt6.HTGT6.init(HTGT6.java:41)
	at sun.reflect.NativeMethodAccessorImpl.invoke0(Native Method)
	at sun.reflect.NativeMethodAccessorImpl.invoke(NativeMethodAccessorImpl.java:62)
	at sun.reflect.DelegatingMethodAccessorImpl.invoke(DelegatingMethodAccessorImpl.java:43)
	at java.lang.reflect.Method.invoke(Method.java:498)
	at cpw.mods.fml.common.FMLModContainer.handleModStateEvent(FMLModContainer.java:532)
	at sun.reflect.GeneratedMethodAccessor4.invoke(Unknown Source)
	at sun.reflect.DelegatingMethodAccessorImpl.invoke(DelegatingMethodAccessorImpl.java:43)
	at java.lang.reflect.Method.invoke(Method.java:498)
	at com.google.common.eventbus.EventSubscriber.handleEvent(EventSubscriber.java:74)
	at com.google.common.eventbus.SynchronizedEventSubscriber.handleEvent(SynchronizedEventSubscriber.java:47)
	at com.google.common.eventbus.EventBus.dispatch(EventBus.java:322)
	at com.google.common.eventbus.EventBus.dispatchQueuedEvents(EventBus.java:304)
	at com.google.common.eventbus.EventBus.post(EventBus.java:275)
	at cpw.mods.fml.common.LoadController.sendEventToModContainer(LoadController.java:212)
	at cpw.mods.fml.common.LoadController.propogateStateMessage(LoadController.java:190)
	at sun.reflect.NativeMethodAccessorImpl.invoke0(Native Method)
	at sun.reflect.NativeMethodAccessorImpl.invoke(NativeMethodAccessorImpl.java:62)
	at sun.reflect.DelegatingMethodAccessorImpl.invoke(DelegatingMethodAccessorImpl.java:43)
	at java.lang.reflect.Method.invoke(Method.java:498)
	at com.google.common.eventbus.EventSubscriber.handleEvent(EventSubscriber.java:74)
	at com.google.common.eventbus.SynchronizedEventSubscriber.handleEvent(SynchronizedEventSubscriber.java:47)
	at com.google.common.eventbus.EventBus.dispatch(EventBus.java:322)
	at com.google.common.eventbus.EventBus.dispatchQueuedEvents(EventBus.java:304)
	at com.google.common.eventbus.EventBus.post(EventBus.java:275)
	at cpw.mods.fml.common.LoadController.distributeStateMessage(LoadController.java:119)
	at cpw.mods.fml.common.Loader.initializeMods(Loader.java:737)
	at cpw.mods.fml.client.FMLClientHandler.finishMinecraftLoading(FMLClientHandler.java:311)
	at net.minecraft.client.Minecraft.startGame(Minecraft.java:597)
	at net.minecraft.client.Minecraft.run(Minecraft.java:942)
	at net.minecraft.client.main.Main.main(Main.java:164)
	at sun.reflect.NativeMethodAccessorImpl.invoke0(Native Method)
	at sun.reflect.NativeMethodAccessorImpl.invoke(NativeMethodAccessorImpl.java:62)
	at sun.reflect.DelegatingMethodAccessorImpl.invoke(DelegatingMethodAccessorImpl.java:43)
	at java.lang.reflect.Method.invoke(Method.java:498)
	at net.minecraft.launchwrapper.Launch.launch(Launch.java:135)
	at net.minecraft.launchwrapper.Launch.main(Launch.java:28)
	at net.minecraftforge.gradle.GradleStartCommon.launch(Unknown Source)
	at GradleStart.main(Unknown Source)


A detailed walkthrough of the error, its code path and all known details is as follows:
---------------------------------------------------------------------------------------

-- Head --
Stacktrace:
	at net.minecraft.stats.StatBase.registerStat(StatBase.java:114)
	at net.minecraft.stats.Achievement.registerStat(Achievement.java:104)
	at com.mod.htgt6.common.achievements.Hitech6AchieveDatabase.initialization(Hitech6AchieveDatabase.java:35)
	at com.mod.htgt6.common.CommonProxy.init(CommonProxy.java:56)
	at com.mod.htgt6.client.ClientProxy.init(ClientProxy.java:29)
	at com.mod.htgt6.HTGT6.init(HTGT6.java:41)
	at sun.reflect.NativeMethodAccessorImpl.invoke0(Native Method)
	at sun.reflect.NativeMethodAccessorImpl.invoke(NativeMethodAccessorImpl.java:62)
	at sun.reflect.DelegatingMethodAccessorImpl.invoke(DelegatingMethodAccessorImpl.java:43)
	at java.lang.reflect.Method.invoke(Method.java:498)
	at cpw.mods.fml.common.FMLModContainer.handleModStateEvent(FMLModContainer.java:532)
	at sun.reflect.GeneratedMethodAccessor4.invoke(Unknown Source)
	at sun.reflect.DelegatingMethodAccessorImpl.invoke(DelegatingMethodAccessorImpl.java:43)
	at java.lang.reflect.Method.invoke(Method.java:498)
	at com.google.common.eventbus.EventSubscriber.handleEvent(EventSubscriber.java:74)
	at com.google.common.eventbus.SynchronizedEventSubscriber.handleEvent(SynchronizedEventSubscriber.java:47)
	at com.google.common.eventbus.EventBus.dispatch(EventBus.java:322)
	at com.google.common.eventbus.EventBus.dispatchQueuedEvents(EventBus.java:304)
	at com.google.common.eventbus.EventBus.post(EventBus.java:275)
	at cpw.mods.fml.common.LoadController.sendEventToModContainer(LoadController.java:212)
	at cpw.mods.fml.common.LoadController.propogateStateMessage(LoadController.java:190)
	at sun.reflect.NativeMethodAccessorImpl.invoke0(Native Method)
	at sun.reflect.NativeMethodAccessorImpl.invoke(NativeMethodAccessorImpl.java:62)
	at sun.reflect.DelegatingMethodAccessorImpl.invoke(DelegatingMethodAccessorImpl.java:43)
	at java.lang.reflect.Method.invoke(Method.java:498)
	at com.google.common.eventbus.EventSubscriber.handleEvent(EventSubscriber.java:74)
	at com.google.common.eventbus.SynchronizedEventSubscriber.handleEvent(SynchronizedEventSubscriber.java:47)
	at com.google.common.eventbus.EventBus.dispatch(EventBus.java:322)
	at com.google.common.eventbus.EventBus.dispatchQueuedEvents(EventBus.java:304)
	at com.google.common.eventbus.EventBus.post(EventBus.java:275)
	at cpw.mods.fml.common.LoadController.distributeStateMessage(LoadController.java:119)
	at cpw.mods.fml.common.Loader.initializeMods(Loader.java:737)
	at cpw.mods.fml.client.FMLClientHandler.finishMinecraftLoading(FMLClientHandler.java:311)
	at net.minecraft.client.Minecraft.startGame(Minecraft.java:597)

-- Initialization --
Details:
Stacktrace:
	at net.minecraft.client.Minecraft.run(Minecraft.java:942)
	at net.minecraft.client.main.Main.main(Main.java:164)
	at sun.reflect.NativeMethodAccessorImpl.invoke0(Native Method)
	at sun.reflect.NativeMethodAccessorImpl.invoke(NativeMethodAccessorImpl.java:62)
	at sun.reflect.DelegatingMethodAccessorImpl.invoke(DelegatingMethodAccessorImpl.java:43)
	at java.lang.reflect.Method.invoke(Method.java:498)
	at net.minecraft.launchwrapper.Launch.launch(Launch.java:135)
	at net.minecraft.launchwrapper.Launch.main(Launch.java:28)
	at net.minecraftforge.gradle.GradleStartCommon.launch(Unknown Source)
	at GradleStart.main(Unknown Source)

-- System Details --
Details:
	Minecraft Version: 1.7.10
	Operating System: Windows 11 (amd64) version 10.0
	Java Version: 1.8.0_452, BellSoft
	Java VM Version: OpenJDK 64-Bit Server VM (mixed mode), BellSoft
	Memory: 503524568 bytes (480 MB) / 1777336320 bytes (1695 MB) up to 3750756352 bytes (3577 MB)
	JVM Flags: 0 total; 
	AABB Pool Size: 0 (0 bytes; 0 MB) allocated, 0 (0 bytes; 0 MB) used
	IntCache: cache: 0, tcache: 0, allocated: 0, tallocated: 0
	FML: MCP v9.05 FML v7.10.99.99 Minecraft Forge 10.13.4.1614 20 mods loaded, 20 mods active
	States: 'U' = Unloaded 'L' = Loaded 'C' = Constructed 'H' = Pre-initialized 'I' = Initialized 'J' = Post-initialized 'A' = Available 'D' = Disabled 'E' = Errored
	UCHI	mcp{9.05} [Minecraft Coder Pack] (minecraft.jar) 
	UCHI	FML{7.10.99.99} [Forge Mod Loader] (forgeSrc-1.7.10-10.13.4.1614-1.7.10.jar) 
	UCHI	Forge{10.13.4.1614} [Minecraft Forge] (forgeSrc-1.7.10-10.13.4.1614-1.7.10.jar) 
	UCHI	CodeChickenCore{1.1.13} [CodeChicken Core] (minecraft.jar) 
	UCHI	NotEnoughItems{2.4.13-GTNH} [NotEnoughItems] (NotEnoughItems-2.4.13-GTNH.jar) 
	UCHI	GT_ASM{6.14.11} [Greg-ASM®] (minecraft.jar) 
	UCHI	gregapi{GT6-MC1710} [Greg-API] (GregTech6-Unofficial-dev.jar) 
	UCHI	IC2{2.2.999} [Industrial Craft Classic] (IC2Classic-1.7.10-1.2.5 (1).jar) 
	UCHI	IC2-Classic-Spmod{0.0.0.0} [IC2 Classic Detection Helper] (IC2Classic-1.7.10-1.2.5 (1).jar) 
	UCHI	NEIAddons{1.12.15.41} [NEI Addons] (neiaddons-1.12.15.41-mc1.7.10.jar) 
	UCHI	NEIAddons|Developer{1.12.15.41} [NEI Addons: Developer Tools] (neiaddons-1.12.15.41-mc1.7.10.jar) 
	UCHI	NEIAddons|AppEng{1.12.15.41} [NEI Addons: Applied Energistics 2] (neiaddons-1.12.15.41-mc1.7.10.jar) 
	UCHI	NEIAddons|Botany{1.12.15.41} [NEI Addons: Botany] (neiaddons-1.12.15.41-mc1.7.10.jar) 
	UCHI	NEIAddons|Forestry{1.12.15.41} [NEI Addons: Forestry] (neiaddons-1.12.15.41-mc1.7.10.jar) 
	UCHI	NEIAddons|CraftingTables{1.12.15.41} [NEI Addons: Crafting Tables] (neiaddons-1.12.15.41-mc1.7.10.jar) 
	UCHI	NEIAddons|ExNihilo{1.12.15.41} [NEI Addons: Ex Nihilo] (neiaddons-1.12.15.41-mc1.7.10.jar) 
	UCHI	neiintegration{1.1.2} [NEI Integration] (NEIIntegration-MC1.7.10-1.1.2.jar) 
	UCHI	gregapi_post{GT6-MC1710} [Greg-API-Post] (GregTech6-Unofficial-dev.jar) 
	UCHI	gregtech{GT6-MC1710} [GregTech 6 Unofficial] (GregTech6-Unofficial-dev.jar) 
	UCHE	HTGT6{1.0.4} [HTGT6] (HiTech6_V_1.0.4_Build_.jar) 
	GL info: ' Vendor: 'NVIDIA Corporation' Version: '4.6.0 NVIDIA 566.14' Renderer: 'NVIDIA GeForce RTX 4060 Laptop GPU/PCIe/SSE2'
	Launched Version: 1.7.10
	LWJGL: 2.9.1
	OpenGL: NVIDIA GeForce RTX 4060 Laptop GPU/PCIe/SSE2 GL version 4.6.0 NVIDIA 566.14, NVIDIA Corporation
	GL Caps: Using GL 1.3 multitexturing.
Using framebuffer objects because OpenGL 3.0 is supported and separate blending is supported.
Anisotropic filtering is supported and maximum anisotropy is 16.
Shaders are available because OpenGL 2.1 is supported.

	Is Modded: Definitely; Client brand changed to 'fml,forge'
	Type: Client (map_client.txt)
	Resource Packs: []
	Current Language: Ðóññêèé (Ðîññèÿ)
	Profiler Position: N/A (disabled)
	Vec3 Pool Size: 0 (0 bytes; 0 MB) allocated, 0 (0 bytes; 0 MB) used
	Anisotropic Filtering: Off (1)
[16:18:14] [Client thread/INFO] [STDOUT/]: [net.minecraft.client.Minecraft:displayCrashReport:398]: #@!@# Game crashed! Crash report saved to: #@!@# C:\Users\brawl\Desktop\mods\HTGT-6\run\.\crash-reports\crash-2026-05-01_16.18.14-client.txt
